ply
format ascii 1.0
element vertex 3000
property float x
property float y
property float z
property uchar red
property uchar green
property uchar blue
property int node_index
property int pin_node_index
element face 0
end_header
5.98849678 2.95622921 4.27376874 20 120 175 24 -1
5.94209957 2.85828209 4.26878105 17 112 172 24 -1
5.63588524 2.36854362 4.23463923 14 122 167 24 -1
5.98849678 2.91705036 4.27973147 14 104 167 24 -1
5.66034889 2.388134 4.24221103 15 117 167 24 -1
5.92972851 2.84500885 4.28669759 13 108 169 24 -1
5.42040062 2.40772343 4.24005894 21 138 171 24 -1
5.81219101 2.74074459 4.28797147 9 97 164 24 -1
5.3224535 2.35235405 4.23179831 14 133 165 24 -1
5.59670639 2.43048859 4.25850689 19 129 171 24 -1
5.86711597 2.81910324 4.29980202 9 101 165 24 -1
4.98943138 2.85828209 4.24036499 73 179 112 24 -1
5.63588524 2.2705965 4.26296282 12 128 166 24 -1
5.34204292 2.68197632 4.26012402 22 139 164 24 -1
5.38122177 3.07376671 4.27631379 10 110 164 24 -1
4.96984196 3.01062679 4.25347994 66 160 107 24 -1
5.59670639 2.25845242 4.26983568 12 127 166 24 -1
5.38122177 2.46946049 4.26193011 17 131 167 24 -1
5.67506504 2.75777721 4.30037081 12 109 166 24 -1
5.99619293 2.87787151 4.33301792 14 106 166 24 -1
4.4409256 2.87787151 4.22030388 140 180 45 24 -1
4.36256695 2.97581863 4.20190922 128 181 55 24 -1
5.04820061 3.01499748 4.27362232 49 160 129 24 -1
5.69465446 2.30977535 4.29794833 10 119 165 24 -1
5.42040062 2.4664917 4.27735518 13 125 167 24 -1
5.69465446 2.44690228 4.30610343 14 117 168 24 -1
5.63588524 2.85828209 4.31852059 10 100 163 24 -1
5.00917339 2.07470131 4.2314215 33 169 150 24 -1
4.40174675 3.0258522 4.22624706 128 177 56 24 -1
4.96984196 3.01279831 4.27317363 67 158 103 24 -1
5.35879421 2.30977535 4.27197462 14 138 165 24 -1
5.73383331 2.3663311 4.30608353 12 118 166 24 -1
5.34204292 2.60884476 4.28493278 17 131 165 24 -1
5.34289074 2.77992344 4.29321841 18 138 165 24 -1
5.79260159 2.69144058 4.32661355 19 112 171 24 -1
6.06685448 2.9577713 4.36235871 14 106 167 24 -1
4.95025253 2.13346958 4.23151048 47 167 131 24 -1
4.30379868 2.87787151 4.21424326 135 175 45 24 -1
4.3233881 2.89746094 4.21358687 138 176 46 24 -1
4.93066311 2.87787151 4.28003407 88 182 100 24 -1
5.08737946 2.99540806 4.29945786 42 154 134 24 -1
5.55752754 2.30977535 4.30235524 12 124 165 24 -1
5.36163235 2.52525997 4.2962176 9 119 160 24 -1
5.67506504 2.4664917 4.30882703 10 108 163 24 -1
5.38122177 2.99540806 4.32324191 7 109 160 24 -1
6.14521313 2.91705036 4.38030925 24 121 181 -1 -1
5.02861118 2.12851715 4.25522207 35 164 146 24 -1
4.46478271 2.81910324 4.24118559 141 171 34 24 -1
4.92106819 2.83869267 4.28032037 87 179 98 24 -1
5.08882332 2.91705036 4.29812509 45 160 133 24 -1
5.2440958 2.35961628 4.28435622 20 147 164 24 -1
5.54630375 2.36854362 4.31008172 12 122 167 24 -1
5.26368523 2.58328152 4.29673568 16 138 158 24 -1
5.75342274 2.42704868 4.33022819 8 115 163 24 -1
5.3224535 3.00972843 4.32213161 17 122 161 24 -1
5.79846859 2.68197632 4.34623965 19 119 172 24 -1
5.98849678 2.87305927 4.37132148 11 107 167 24 -1
5.00902081 2.03552246 4.26026632 35 168 151 24 -1
4.14708328 2.87787151 4.22849558 129 181 58 24 -1
4.20585155 2.93663979 4.23348062 123 179 61 24 -1
4.93066311 2.91705036 4.29869141 81 170 99 24 -1
5.18532658 2.36854362 4.29458452 21 147 156 24 -1
5.18532658 2.48608112 4.28714102 31 162 160 24 -1
5.55752754 2.44690228 4.32014722 9 114 165 24 -1
5.36163235 2.93663979 4.33563647 19 133 168 24 -1
6.34110737 2.64279747 4.40634242 18 109 172 -1 -1
4.95025253 2.0125885 4.26268582 38 169 143 24 -1
5.10696888 2.29889584 4.2895516 40 172 156 24 -1
4.42133617 2.72357082 4.25255108 150 179 34 24 -1
4.96984196 2.76610947 4.30050727 74 167 102 24 -1
5.10705471 2.93663979 4.32018122 33 148 142 24 -1
5.2556715 2.32936478 4.30346203 13 139 162 24 -1
5.47916985 2.36400509 4.32383366 12 126 168 24 -1
5.25216961 2.60361862 4.31633769 19 141 159 24 -1
5.61482143 2.50567055 4.34199093 14 117 169 24 -1
5.14614773 3.02956104 4.32791535 27 141 145 24 -1
5.63588524 2.79311371 4.35755622 15 110 167 24 -1
5.91073895 2.70156574 4.37616747 10 103 165 24 -1
6.02767563 2.88270855 4.39465376 12 103 167 24 -1
5.42564106 3.05417728 4.35249281 7 106 162 24 -1
5.06779003 2.17264938 4.29431972 30 159 148 24 -1
4.18626213 2.95622921 4.25235565 120 179 67 24 -1
4.93066311 2.93663979 4.30978961 78 170 100 24 -1
5.26368523 2.29018593 4.31754662 11 134 162 24 -1
5.43999004 2.56443882 4.34903428 11 117 165 24 -1
5.204916 2.81910324 4.33788588 28 150 154 24 -1
5.51834869 2.83869267 4.35745641 7 100 162 24 -1
6.10603428 2.56443882 4.39850289 21 121 172 24 -1
5.92972851 2.74074459 4.39738424 10 101 165 24 -1
6.20398045 2.91705036 4.41504128 15 100 168 -1 -1
4.85230541 2.07572269 4.27710792 64 173 119 24 -1
5.00902081 2.19943619 4.29616638 45 172 142 24 -1
4.16667271 2.79283524 4.25414933 138 174 39 24 -1
4.51928329 2.84646416 4.28624029 139 169 34 24 -1
4.91107368 2.9201479 4.32257383 89 177 99 24 -1
5.4008112 2.2372303 4.33077662 14 133 166 24 -1
5.53757286 2.29018593 4.34476725 13 130 167 24 -1
5.204916 2.71923256 4.33752309 26 148 153 24 -1
5.69465446 2.4933815 4.36767284 10 108 164 24 -1
5.12666702 2.95622921 4.34235295 31 146 142 24 -1
5.51834869 2.86127663 4.37058001 7 101 163 24 -1
5.99796391 2.5448494 4.3955332 22 128 170 24 -1
6.12562275 2.65260315 4.41139309 10 95 161 24 -1
5.91469383 2.79951286 4.40079106 9 96 162 24 -1
6.12562275 2.82898045 4.41986217 17 108 170 -1 -1
5.204916 3.07718563 4.35471086 17 133 155 24 -1
5.06779003 2.07470131 4.29772376 26 160 154 24 -1
5.1265583 2.21182823 4.309134 14 140 150 24 -1
4.22544098 2.77992344 4.26871304 145 185 46 24 -1
5.14614773 2.23141766 4.31846639 18 147 151 24 -1
5.45958042 2.32936478 4.34229151 10 123 165 24 -1
5.45958042 2.58402824 4.36665229 12 113 162 24 -1
5.16573715 3.01499748 4.35675938 26 139 147 24 -1
6.02767563 2.62320805 4.40896778 24 121 170 24 -1
6.20398045 2.64279747 4.42470826 14 105 167 -1 -1
6.10603428 2.79951286 4.41687048 16 106 167 24 -1
6.26274967 2.93663979 4.4491081 23 116 179 -1 -1
4.67599964 2.09429073 4.28283095 109 193 88 24 -1
4.70167351 2.11388016 4.28592064 103 188 92 24 -1
5.0780201 2.32936478 4.32777026 40 169 147 24 -1
4.12590981 2.93663979 4.27723166 125 192 71 24 -1
4.57775211 3.01499748 4.31881638 139 186 50 24 -1
4.89305687 2.99540806 4.34426888 86 169 90 24 -1
5.43999004 2.25062561 4.35428877 11 134 168 24 -1
5.74368 2.30977535 4.38254984 11 125 165 24 -1
5.55752754 2.50803471 4.37648741 13 115 166 24 -1
5.16573715 2.93213081 4.36405568 31 148 146 24 -1
5.53072453 2.79951286 4.38823968 6 97 160 24 -1
5.79260159 2.46997833 4.39433734 8 108 161 24 -1
6.05478382 2.66238689 4.4255226 23 122 173 24 -1
6.37115383 2.68197632 4.45294551 10 91 163 -1 -1
6.28262424 2.77992344 4.4502381 16 107 175 -1 -1
5.2440958 3.09625626 4.3784956 12 121 158 24 -1
4.61723137 2.01593304 4.28846 112 189 82 24 -1
4.85230541 2.05511189 4.29624174 57 170 120 24 -1
5.06779003 2.23141766 4.33374266 31 163 148 24 -1
4.81312656 3.01499748 4.34746522 109 173 71 24 -1
5.204916 2.30977535 4.34165929 16 140 154 24 -1
5.69465446 2.50567055 4.39289728 10 107 164 24 -1
5.204916 2.99540806 4.38467297 23 139 153 24 -1
5.79260159 2.48608112 4.41335053 7 104 159 24 -1
5.94931793 2.76033401 4.42639667 8 96 162 24 -1
6.28234005 2.99540806 4.46890204 30 114 181 -1 -1
4.74214268 1.93757439 4.30043196 72 185 116 24 -1
4.91107368 1.99375629 4.3172703 37 162 137 24 -1
4.77394676 2.16054821 4.31380067 94 186 99 24 -1
4.28579235 2.72115517 4.29985743 151 183 35 24 -1
4.17016125 3.03458786 4.30522838 104 178 79 24 -1
4.93066311 2.78803349 4.35704873 81 173 101 24 -1
4.16087437 3.07376671 4.30633225 104 181 85 24 -1
5.53793812 2.23751068 4.38144736 9 127 163 24 -1
5.21915436 2.62320805 4.37328299 19 135 147 24 -1
5.48845768 2.70156574 4.39958797 7 105 160 24 -1
5.55134487 2.81910324 4.41049582 7 100 161 24 -1
5.83178043 2.45406914 4.41644239 12 117 166 24 -1
5.92972851 2.6992979 4.4364164 13 104 165 24 -1
6.2431612 2.71230507 4.46327738 12 99 166 -1 -1
6.24476528 2.74074459 4.46477723 11 96 165 -1 -1
5.26814556 3.07376671 4.39901827 12 121 158 24 -1
4.71517849 1.91798496 4.30922386 66 166 106 24 -1
4.71517849 1.95716476 4.30474414 72 170 104 24 -1
4.85230541 2.03552246 4.33166758 48 162 122 24 -1
4.4409256 2.66238689 4.31021391 151 174 30 20 -1
5.204916 2.11388016 4.36078697 18 152 164 24 -1
5.204916 2.60361862 4.38528207 29 150 155 24 -1
5.43999004 2.91705036 4.41779014 13 114 165 24 -1
5.96890736 2.58402824 4.45072638 17 117 169 24 -1
5.94931793 2.81910324 4.44627791 10 100 165 24 -1
6.41946507 2.87787151 4.50267352 16 99 171 -1 -1
4.51928329 1.96859741 4.30285714 126 189 67 24 -1
4.83271599 2.0444212 4.33273438 57 166 117 24 -1
4.88363457 2.23141766 4.34597558 69 175 113 24 -1
4.46051502 2.6572094 4.3310028 151 179 31 20 -1
5.06981087 2.42731285 4.37096605 41 163 139 24 -1
4.97341728 2.76033401 4.37888788 71 167 104 24 -1
5.18532658 2.0958643 4.36472039 17 150 162 24 -1
5.71520042 2.23141766 4.41558322 11 132 166 24 -1
5.62132454 2.56443882 4.4237158 14 109 165 24 -1
5.27922726 3.03458786 4.41765502 18 130 161 24 -1
5.47145271 3.01499748 4.43280491 6 99 160 24 -1
5.77301216 2.68250942 4.44208244 12 104 165 24 -1
6.2771368 2.56443882 4.47861168 9 98 163 -1 -1
6.06537247 2.89746094 4.47687625 10 103 167 24 -1
6.43905544 2.82159328 4.5045131 18 103 174 -1 -1
4.57805157 1.89839554 4.32147539 103 179 81 24 -1
4.87189484 1.89839554 4.33026013 35 159 137 24 -1
4.77394676 2.19223881 4.34732957 102 186 98 24 -1
5.08737946 2.44690228 4.38380094 38 160 139 24 -1
5.26368523 2.07470131 4.38281371 18 153 167 24 -1
5.63588524 2.56443882 4.42788052 12 108 164 24 -1
5.55752754 2.93663979 4.44919742 8 104 163 24 -1
5.94931793 2.56443882 4.46272099 16 118 169 24 -1
5.98849678 2.87787151 4.47536763 7 95 160 24 -1
6.45864582 2.87787151 4.51641788 22 103 174 -1 -1
4.63682079 1.89821529 4.32890573 82 174 97 24 -1
4.93066311 1.95505428 4.35623153 30 162 144 24 -1
4.81312656 2.19728565 4.35802411 89 185 105 24 -1
5.05563354 2.3489542 4.38560621 40 169 147 24 -1
4.10581303 2.95622921 4.33525928 116 185 77 24 -1
4.92997074 2.79951286 4.39672178 80 172 99 24 -1
3.9836235 3.1521244 4.33443746 73 169 101 24 -1
5.38122177 2.10293102 4.40104688 10 136 164 24 -1
5.75755024 2.30977535 4.4424801 8 117 164 24 -1
5.51591969 2.68197632 4.44012591 15 113 165 24 -1
5.630229 2.77992344 4.45439748 13 105 166 24 -1
5.86611938 2.50567055 4.46097433 13 113 166 24 -1
5.92733288 2.70156574 4.47550458 10 104 164 24 -1
6.02767563 2.8204565 4.48961269 8 93 161 24 -1
6.44303417 2.72115517 4.51961285 15 98 168 -1 -1
1.56126785 1.72208977 4.07753642 128 52 23 -1 -1
4.49969387 2.03552246 4.33701415 136 185 57 24 -1
4.96984196 1.91798496 4.36915899 32 171 152 24 -1
4.57805157 2.13346958 4.35140437 134 195 63 24 -1
4.22544098 2.72115517 4.34347353 148 175 33 24 -1
4.00995636 3.1521244 4.34214153 77 177 105 24 -1
5.43999004 2.11388016 4.42460219 12 136 165 24 -1
5.55752754 2.60361862 4.44151711 13 112 166 24 -1
5.57711697 2.99540806 4.47489451 13 106 165 24 -1
6.02767563 2.83869267 4.49989443 5 91 161 24 -1
6.43905544 2.76033401 4.52946183 20 105 173 -1 -1
1.53033638 1.70250034 4.07906395 117 33 16 12 -1
4.48010445 1.87390995 4.33420987 123 179 63 24 -1
4.87189484 1.78135777 4.36256129 27 161 147 24 -1
4.59764194 2.18428612 4.35895182 135 200 65 24 -1
4.6905098 2.40772343 4.37745424 129 186 64 24 -1
4.36256695 2.65667534 4.3619571 151 177 29 -1 -1
4.63588715 2.42731285 4.37382257 142 187 50 24 -1
4.8810854 2.87787151 4.41598171 97 180 89 24 -1
4.06872463 3.11034966 4.35914452 90 174 92 24 -1
5.42040062 2.10019493 4.42378445 9 135 164 24 -1
6.28234005 2.02825069 4.49248003 18 146 171 -1 -1
5.51834869 2.70628643 4.46108595 13 111 166 24 -1
5.65547466 2.73472214 4.4739297 12 107 166 24 -1
5.89054966 2.53896809 4.48420757 14 113 166 24 -1
6.0864439 2.43812752 4.49576319 14 115 167 24 -1
6.39987659 2.61664677 4.53057153 13 97 167 -1 -1
1.46331978 1.70250034 4.087334 129 45 23 12 -1
1.54167843 1.78085899 4.09555472 115 39 20 -1 -1
4.48010445 1.64373207 4.33913723 103 170 79 24 -1
5.02861118 1.78085899 4.38473548 22 168 168 24 -1
5.02861118 1.82003784 4.38053801 24 170 167 24 -1
4.59764194 2.36854362 4.37186289 146 199 57 24 -1
4.67599964 2.44690228 4.39385841 131 185 57 24 -1
3.89241886 3.11294556 4.35477273 85 193 113 24 -1
5.67506504 2.19223881 4.46292989 13 134 165 24 -1
5.77301216 2.29018593 4.47571548 7 117 161 24 -1
5.73383331 2.58402824 4.47841906 7 99 159 24 -1
5.87095928 2.5448494 4.4970141 15 117 167 24 -1
6.49782467 2.74074459 4.54652118 16 100 173 -1 -1
1.50301075 1.76126957 4.09918795 119 39 20 12 -1
4.3768568 1.6633215 4.33504498 147 176 52 24 -1
4.98943138 1.7438879 4.39019013 22 166 167 24 -1
4.51928329 1.8611517 4.35646621 105 172 70 24 -1
5.08737946 2.03425407 4.4123315 20 155 154 24 -1
4.69558907 2.26118946 4.39043273 111 176 69 24 -1
4.00995636 2.5523262 4.34702013 173 200 33 -1 -1
4.18626213 2.72573662 4.37010472 144 174 35 24 -1
5.04820061 2.46964836 4.42995821 42 163 136 24 -1
4.96984196 2.76885414 4.43776598 72 166 104 24 -1
3.93159866 3.08483791 4.36603058 80 170 92 24 -1
5.36163235 1.93956661 4.43074171 24 163 172 24 -1
5.75342274 2.25238419 4.4785577 8 120 162 24 -1
5.87635326 2.11388016 4.48219729 19 153 173 24 -1
5.18532658 2.71356297 4.45314858 24 138 144 24 -1
5.59670639 2.74382591 4.48903696 8 97 161 24 -1
5.76708317 2.66238689 4.4993882 10 103 164 24 -1
6.25947285 2.5448494 4.53496074 10 102 166 -1 -1
6.50380421 3.05417728 4.57986922 15 80 167 -1 -1
1.56126785 1.83962727 4.1155336 109 27 16 3 -1
4.4409256 1.76126957 4.36117959 126 181 68 24 -1
4.51928329 1.74168015 4.36863004 95 174 84 24 -1
4.40174675 1.95716476 4.37004718 140 183 46 24 -1
4.59764194 2.21182823 4.38972187 141 198 67 24 -1
4.1274929 2.52525997 4.36915086 162 177 21 12 -1
4.91107368 2.60361862 4.44165435 87 184 103 24 -1
3.99036694 3.13253498 4.38013808 78 172 98 24 -1
5.96890736 2.07470131 4.4942547 12 142 166 24 -1
6.22357082 2.15305901 4.52374688 24 146 172 -1 -1
5.14614773 2.74074459 4.45248839 30 143 136 24 -1
6.12562275 2.44690228 4.52137568 19 123 175 -1 -1
5.57711697 3.11294556 4.52459804 9 100 163 24 -1
1.46497345 1.76126957 4.1155934 120 40 21 12 -1
4.38215733 1.61811733 4.35290754 142 179 62 -1 -1
4.63937187 1.64373207 4.37566806 56 176 124 -1 -1
4.17658234 1.97675419 4.35292014 171 170 28 24 -1
4.46051502 2.06008625 4.38068855 143 189 51 24 -1
5.1265583 2.03643799 4.43530532 18 155 160 24 -1
4.75435734 2.25511074 4.41464958 103 171 73 24 -1
4.04913521 2.51957989 4.36831672 169 191 29 12 -1
4.10790348 2.73229122 4.38344974 144 174 34 24 -1
4.71517849 2.44841576 4.42065194 122 177 61 24 -1
5.04820061 2.62391663 4.45695511 53 165 124 24 -1
4.87228203 2.93663979 4.45724552 98 176 86 24 -1
4.75875187 3.07376671 4.45432668 115 174 64 24 -1
5.49875927 2.12911034 4.47091087 8 130 162 24 -1
5.99418831 2.05511189 4.50882844 14 148 166 24 -1
5.82403374 2.36854362 4.50963535 13 122 168 24 -1
5.65547466 2.64170361 4.5086421 7 98 162 24 -1
5.88123894 2.58402824 4.5247707 14 114 167 24 -1
6.34033871 2.56443882 4.56225981 8 90 161 -1 -1
5.61629581 3.08739662 4.52676333 6 95 161 24 -1
1.69839382 1.76126957 4.14440959 116 36 16 3 -1
4.4409256 1.78085899 4.37998253 125 180 65 24 -1
4.75435734 1.74168015 4.40455411 51 184 145 24 -1
4.46051502 2.07470131 4.3931825 142 186 50 24 -1
4.55846214 2.15305901 4.41074094 136 188 57 24 -1
4.1274929 2.72115517 4.40152733 143 172 34 24 -1
5.04820061 2.50567055 4.46808105 46 163 134 24 -1
3.93159866 3.05417728 4.4012691 87 172 90 24 -1
5.69465446 2.17264938 4.50874832 14 133 166 24 -1
6.0080862 2.19223881 4.53240145 15 139 169 24 -1
6.2431612 2.19223881 4.54900893 16 131 171 -1 -1
5.73383331 2.64279747 4.5234239 9 99 163 24 -1
6.22357082 2.44690228 4.55107423 20 121 175 -1 -1
6.53700352 3.03458786 4.61482776 16 80 170 -1 -1
7.04580021 -2.03909588 4.419854 23 62 156 -1 -1
1.47518158 1.64373207 4.13039353 135 53 25 12 -1
1.6788044 1.8780365 4.15868868 109 34 18 3 -1
4.37684631 1.76126957 4.37892611 145 176 48 24 -1
4.83271599 1.68914318 4.41362218 29 172 153 -1 -1
4.14736176 1.99634361 4.37100422 172 168 23 24 -1
4.39760685 1.99634361 4.39195141 153 187 45 24 -1
5.11900997 1.97675419 4.45139707 14 153 159 24 -1
4.81312656 2.26006031 4.43939604 89 175 92 24 -1
4.1274929 2.4973259 4.39339664 164 187 28 12 -1
4.4409256 2.65287209 4.42710189 153 181 32 -1 -1
4.69558907 2.48229599 4.44022841 124 178 59 24 -1
4.93482304 2.66238689 4.46890129 85 179 102 24 -1
4.98943138 2.77073669 4.47867499 64 162 109 24 -1
4.08228207 3.05417728 4.41635042 95 171 81 24 -1
5.43999004 1.94618702 4.47679752 18 152 169 24 -1
5.87095928 2.07161808 4.51889533 11 141 165 24 -1
5.85011005 2.13346958 4.52012003 15 141 167 24 -1
6.02455616 2.36854362 4.54600984 9 113 163 24 -1
5.14027977 2.66238689 4.4860994 38 163 147 24 -1
6.2431612 2.45278835 4.56835372 12 109 169 -1 -1
6.55659199 2.61810589 4.602528 19 90 172 -1 -1
1.4829092 1.62414265 4.14840554 144 60 26 -1 -1
4.38215733 1.78085899 4.39604884 144 176 47 24 -1
4.71517849 1.78085899 4.4269252 53 170 125 24 -1
4.38215733 2.01593304 4.40988456 154 181 38 24 -1
4.57805157 2.388134 4.43867908 147 196 52 24 -1
4.1274929 2.58402824 4.41330784 160 181 26 -1 -1
4.91107368 2.64279747 4.46886328 95 193 105 24 -1
4.00995636 3.09335613 4.42174288 83 172 95 24 -1
5.14614773 1.97675419 4.47195062 12 146 156 24 -1
6.06685448 2.03552246 4.54063805 11 139 165 -1 -1
6.06685448 2.13346958 4.55308691 18 145 169 24 -1
6.0864439 2.21182823 4.55661333 11 131 165 24 -1
6.20398045 2.29018593 4.57420458 19 135 176 -1 -1
6.45864582 2.50567055 4.59108577 22 116 182 -1 -1
6.57618237 3.13253498 4.62926296 13 66 168 -1 -1
6.8504343 -1.31435585 4.4578897 27 131 176 -1 -1
1.46376514 1.64373207 4.14902733 135 53 25 12 -1
1.66777706 1.89839554 4.17833263 111 33 20 3 -1
4.36256695 1.63293171 4.39115789 147 177 57 -1 -1
4.69558907 1.75007915 4.42465912 54 165 120 24 -1
3.81406116 2.72256374 4.39756494 142 182 46 24 -1
4.26461983 2.02621555 4.40184329 162 172 26 24 -1
4.5810318 2.21182823 4.43724163 139 200 61 24 -1
4.96984196 2.34207344 4.47604161 61 178 126 24 -1
4.06872463 2.61418056 4.41367776 153 177 23 -1 -1
4.09746265 2.74074459 4.42216053 145 181 40 24 -1
4.67599964 2.51545334 4.45977018 141 197 54 24 -1
4.95025253 2.69718361 4.4914531 77 165 96 24 -1
5.05492687 2.74074459 4.5023067 44 151 122 24 -1
4.06507587 3.07376671 4.4354402 88 170 87 24 -1
5.43999004 1.93500137 4.49584985 17 152 169 24 -1
5.59670639 2.14838409 4.51921402 14 140 167 24 -1
6.06685448 2.08175373 4.55536919 13 142 166 -1 -1
5.94045067 2.19223881 4.55009348 5 125 161 24 -1
6.00957108 2.3489542 4.5634043 14 127 168 24 -1
5.89054966 2.41031647 4.55638783 14 121 165 24 -1
6.55659199 2.52476978 4.61763572 16 88 166 -1 -1
6.68428135 3.1521244 4.65844775 14 54 166 -1 -1
6.88961506 -1.19674683 4.48237103 25 116 172 -1 -1
1.63962555 1.91798496 4.18967122 107 38 21 3 -1
4.93066311 1.70250034 4.45835773 12 151 157 -1 -1
4.2450304 2.05511189 4.40697834 169 188 28 24 -1
4.16667271 2.5448494 4.41979978 158 177 23 -1 -1
4.67599964 2.52525997 4.46594309 137 182 51 24 -1
4.57805157 2.77992344 4.48090237 140 167 31 24 -1
5.18532658 1.87880611 4.47204716 15 157 166 24 -1
5.47916985 2.09429073 4.51639393 6 130 161 24 -1
6.0080862 2.25100708 4.56755574 12 131 165 24 -1
6.28234005 2.2705965 4.59482735 20 130 170 -1 -1
6.57618237 2.56443882 4.63301449 11 83 164 -1 -1
6.69371891 3.21089268 4.6630953 10 42 164 -1 -1
5.65547466 -2.68014193 4.31187228 26 173 176 25 -1
1.25782108 1.42824745 4.14103097 122 43 17 -1 -1
1.4598608 1.64373207 4.16828993 132 44 22 -1 -1
1.6788044 1.90342426 4.19908657 118 49 28 3 -1
4.34297752 1.69164658 4.41192684 148 177 51 24 -1
4.82588863 1.68291092 4.45193028 30 170 152 -1 -1
3.85324001 2.74900913 4.42170371 138 186 51 24 -1
4.2450304 1.96851063 4.41702214 158 163 26 24 -1
4.53893375 2.17264938 4.45142592 141 195 56 24 -1
4.95025253 2.34510136 4.49413665 64 175 120 24 -1
3.89868164 2.68197632 4.42228878 148 180 36 24 -1
4.49524975 2.68197632 4.47222553 150 177 30 -1 -1
4.61723137 2.51449203 4.47439415 152 196 51 24 -1
5.00902081 2.46481419 4.50480418 61 177 130 24 -1
4.89148426 2.8986721 4.51579806 92 172 85 24 -1
5.15280914 1.82003784 4.48588012 13 152 163 24 -1
5.48456287 2.07470131 4.52587826 8 129 161 24 -1
6.06685448 1.96999264 4.5695922 7 139 161 -1 -1
5.98849678 2.23918533 4.57595891 14 135 166 24 -1
6.30192852 2.28162384 4.60423301 12 118 167 -1 -1
6.39987659 2.30734348 4.6136669 20 117 173 -1 -1
6.67895794 3.05417728 4.67288846 11 51 162 -1 -1
5.53793812 -2.72472858 4.31638753 18 162 173 25 -1
1.24783516 1.50660515 4.1605143 128 48 21 -1 -1
1.73757267 1.78085899 4.21167335 121 43 20 27 -1
4.69558907 1.64373207 4.45151411 46 169 132 -1 -1
4.26461983 1.95716476 4.42900235 163 175 28 24 -1
5.00902081 2.388134 4.50643325 54 169 132 24 -1
4.20585155 2.68197632 4.46525198 150 175 30 -1 -1
4.69558907 2.56443882 4.49859312 135 181 50 24 -1
4.95025253 2.76033401 4.51725817 79 168 97 24 -1
5.73383331 2.11388016 4.56007016 20 149 175 24 -1
5.98849678 2.36854362 4.58734015 10 117 164 24 -1
6.30192852 2.4664917 4.613167 7 96 162 -1 -1
6.67413044 2.99540806 4.67238615 14 61 165 -1 -1
5.65547466 -2.80062866 4.32567632 30 181 179 25 -1
7.04303265 -2.07827473 4.47650937 21 60 156 -1 -1
1.24109936 1.50660515 4.16298316 128 47 21 -1 -1
1.67768669 1.56537437 4.20235036 137 56 21 27 -1
2.01730824 1.44783688 4.22513519 165 109 24 27 -1
3.07768345 1.36947918 4.31013322 172 92 40 12 -1
4.28370285 1.78085899 4.43083828 153 161 32 24 -1
4.95025253 1.70140076 4.48281763 16 155 161 -1 -1
3.87282944 3.00206947 4.45508406 91 172 85 24 -1
4.3233881 1.98191929 4.44381448 151 173 30 24 -1
4.53887272 2.18953228 4.4718209 146 203 59 24 -1
4.95025253 2.35056591 4.51398847 64 175 120 24 -1
4.02954578 2.64440918 4.45102856 152 176 26 -1 -1
4.38124561 2.66238689 4.48133143 147 168 25 20 -1
3.99036694 2.96817398 4.46329518 113 194 87 24 -1
4.81312656 2.55609035 4.51237874 111 184 78 24 -1
4.89148426 2.68169022 4.52496871 103 184 87 24 -1
4.89157104 2.89746094 4.5353366 91 171 85 24 -1
5.35054398 1.83962727 4.5229619 18 160 169 24 -1
5.67759228 2.13346958 4.56444741 9 132 163 24 -1
6.26274967 2.01161289 4.60757784 16 148 169 -1 -1
5.98849678 2.25897503 4.59649858 11 128 165 24 -1
6.36537647 2.4664917 4.63801022 14 106 169 -1 -1
6.57665539 2.5448494 4.65945817 14 85 164 -1 -1
5.63588524 -2.64637041 4.3387258 27 175 179 25 -1
1.89428902 1.40865803 4.22896955 175 123 30 12 -1
2.05100536 1.3890686 4.24408446 177 135 25 27 -1
1.62003613 1.93757439 4.21823652 113 43 25 3 -1
4.91107368 1.68291092 4.49357145 15 159 158 -1 -1
4.36256695 1.87880611 4.46125447 142 169 37 24 -1
3.91200829 2.62320805 4.44414487 152 177 27 -1 -1
3.91200829 2.89746094 4.46820935 120 188 71 24 -1
4.79353619 2.4664917 4.51238853 98 174 79 24 -1
4.89148426 2.70156574 4.54211455 102 188 90 24 -1
5.49875927 1.95716476 4.55150747 14 150 167 24 -1
5.92972851 2.23141766 4.60141595 6 121 161 24 -1
6.38028622 2.4664917 4.65168655 11 102 166 -1 -1
1.18906689 0.40377903 4.12526292 177 145 40 -1 -1
5.53793812 -2.66524601 4.34192779 27 180 179 25 -1
7.07422161 -1.99991655 4.50247203 20 48 149 -1 -1
1.20905781 1.42824745 4.176128 123 45 20 -1 -1
1.4829092 1.59891701 4.20724621 124 38 16 -1 -1
1.69530582 1.60455322 4.22529586 146 54 24 27 -1
2.0059576 1.52619553 4.24753702 175 112 28 12 -1
1.64670181 1.93757439 4.237218 116 46 24 3 -1
3.16760731 1.3386364 4.3357689 152 68 28 -1 -1
4.61364555 1.52619553 4.46581799 63 177 121 13 -1
5.02861118 1.71143246 4.50944788 16 160 166 -1 -1
4.18626213 1.95783424 4.45076905 172 165 24 24 -1
4.34297752 2.075634 4.46954354 156 186 38 24 -1
4.55896378 2.36854362 4.50168763 145 188 48 24 -1
4.08831406 2.49532127 4.46837855 160 178 21 12 -1
4.16667271 2.70492077 4.485002 144 174 32 -1 -1
3.89241886 2.86780643 4.46986636 124 183 60 24 -1
4.62383461 2.56443882 4.51652402 147 187 44 24 -1
4.71517849 2.71779156 4.53153362 135 180 53 24 -1
4.5946846 2.83869267 4.52725276 136 168 36 24 -1
3.7711544 3.13253498 4.47242714 81 208 129 24 -1
5.45958042 1.89709377 4.55443776 14 151 166 24 -1
5.79260159 2.08237553 4.59121051 15 144 166 24 -1
5.87095928 2.22952938 4.60483543 16 138 171 24 -1
6.3215189 2.38831425 4.65017464 14 110 167 -1 -1
6.53700352 2.49380016 4.67327725 27 107 175 -1 -1
5.71424389 -2.70513916 4.36506418 16 162 171 25 -1
0.405486107 1.42824745 4.11517984 103 180 106 27 -1
0.738508224 1.72208977 4.15646827 137 64 22 27 -1
1.56126785 1.54578495 4.23035812 134 54 19 27 -1
2.05100536 1.4674263 4.26095519 170 107 20 27 -1
0.738508224 1.80044842 4.17233769 137 64 21 27 -1
0.620970726 1.95716476 4.16637815 131 49 18 27 -1
3.14801788 1.33030033 4.34193046 159 79 30 12 -1
4.69558907 1.5849638 4.48715583 48 171 131 13 -1
3.87282944 2.97581863 4.47908259 96 174 81 24 -1
4.30379868 2.09429073 4.47021828 172 193 39 24 -1
4.00995636 2.68197632 4.48959806 150 173 26 -1 -1
3.89241886 2.95622921 4.4778515 105 178 80 24 -1
4.73476791 2.77992344 4.54162037 135 186 64 24 -1
5.38122177 1.83962727 4.54514024 12 149 164 24 -1
5.53793812 2.07470131 4.57961867 11 141 165 24 -1
6.12562275 1.91798496 4.62844888 25 163 179 -1 -1
6.53700352 2.388134 4.67851176 20 96 168 -1 -1
1.14988804 0.489155769 4.14567232 172 119 41 -1 -1
5.50769901 -2.66595984 4.35895172 27 178 179 25 -1
7.03224087 -2.137043 4.511963 20 62 157 -1 -1
5.37411022 0.468361855 4.49826959 35 189 184 13 -1
0.689249992 1.52619553 4.15690918 136 79 25 27 -1
1.32619381 1.37638855 4.20303239 119 43 14 -1 -1
1.97264767 1.33839607 4.25532064 174 123 25 12 -1
1.43771362 1.70250034 4.2280262 125 36 20 12 -1
1.75716305 1.78048611 4.25851089 122 46 23 27 -1
0.479652405 1.89839554 4.15723631 152 112 45 -1 -1
0.774415016 1.87880611 4.1809693 117 33 14 27 -1
1.73288727 1.80044842 4.25743737 121 43 20 27 -1
3.18719673 1.4149828 4.36066399 159 74 31 -1 -1
4.26461983 1.71326733 4.46517421 157 152 30 24 -1
4.87189484 1.67459393 4.51415022 24 169 159 -1 -1
3.81406116 2.60574627 4.47031342 154 182 29 -1 -1
4.1274929 1.91984653 4.46361504 184 184 44 24 -1
4.14171791 2.11388016 4.47412264 171 180 22 24 -1
4.56061459 2.36854362 4.52141524 146 190 48 24 -1
4.14708328 2.49671364 4.49295421 165 188 23 -1 -1
4.20585155 2.59512329 4.50259882 158 177 22 -1 -1
4.10790348 2.74816036 4.50174827 136 166 34 24 -1
4.6506567 2.72115517 4.54588365 142 179 41 24 -1
4.8860836 2.72115517 4.56559046 101 177 83 24 -1
4.90019703 2.81910324 4.571475 87 171 91 24 -1
5.45958042 1.76651859 4.56775738 21 164 172 -1 -1
5.55752754 1.98092556 4.58625135 10 139 163 24 -1
5.89620972 1.99634361 4.61534165 10 143 161 24 -1
5.77301216 2.27825737 4.61856579 6 118 161 24 -1
6.47823429 2.31549835 4.6793858 12 94 164 -1 -1
5.65547466 -2.84226561 4.37803648 26 173 175 25 -1
7.06591892 -1.99991655 4.52227818 22 57 152 -1 -1
0.444665909 1.40865803 4.14611381 113 176 93 27 -1
0.699329376 1.5849638 4.16795333 143 87 28 27 -1
0.64056015 1.76126957 4.16983163 140 75 25 27 -1
1.89428902 1.34988976 4.2677317 168 115 24 12 -1
2.09018421 1.36947918 4.27054942 185 149 27 27 -1
0.562202454 1.99634361 4.17973089 144 73 30 27 -1
1.63962555 1.95716476 4.27427517 130 61 44 3 -1
4.26461983 1.70250034 4.47628632 156 153 33 24 -1
3.87282944 2.60361862 4.48844386 153 175 25 -1 -1
4.40174675 2.09429073 4.49622992 157 189 40 24 -1
3.99036694 2.70156574 4.49776236 143 174 32 24 -1
4.61723137 2.58402824 4.54527322 151 189 47 24 -1
4.89148426 2.79951286 4.58834064 95 170 82 24 -1
5.45958042 1.74168015 4.58452623 12 151 168 -1 -1
5.67506504 1.97675419 4.60979907 13 151 167 24 -1
5.55752754 2.11388016 4.59754398 14 143 168 24 -1
6.14521313 1.89839554 4.64518129 20 160 177 -1 -1
6.55659199 2.36854362 4.70515835 16 90 167 -1 -1
1.24642086 0.468361855 4.17234469 162 114 29 -1 -1
5.51834869 -2.65225744 4.38009149 20 165 175 25 -1
6.1648016 -2.29065847 4.45156677 22 170 176 13 -1
6.79413509 -1.35346317 4.54924734 24 136 175 -1 -1
5.4008112 0.51288414 4.52223284 19 168 174 13 -1
0.366307259 1.54708576 4.15047017 106 174 102 27 -1
0.660150528 1.64342213 4.17969258 139 87 31 27 -1
0.816865921 1.7545557 4.19814699 135 58 23 27 -1
1.85112953 1.4674263 4.27093476 173 112 31 27 -1
1.65921497 1.64529324 4.26341082 142 56 30 27 -1
1.76623058 1.78085899 4.27887818 121 41 21 27 -1
0.45512104 1.87880611 4.17383263 151 117 45 -1 -1
0.758524895 2.01593304 4.20581397 119 37 19 27 -1
1.69839382 1.85048485 4.27654301 137 58 38 27 -1
3.14801788 1.44513035 4.37842243 159 79 28 -1 -1
4.48010445 1.56559563 4.49571137 104 172 79 13 -1
4.75463867 1.64373207 4.52244359 34 163 140 -1 -1
2.87913418 2.2705965 4.39555132 135 214 102 12 -1
3.77488232 2.66885853 4.48965472 150 188 39 24 -1
4.12819862 1.93757439 4.48411573 181 183 40 24 -1
4.28420925 2.12469769 4.50615993 168 185 34 24 -1
4.79073143 2.40772343 4.56214923 97 167 73 24 -1
4.00995636 2.70337105 4.51098918 140 169 33 -1 -1
4.49969387 2.7023201 4.55193303 152 178 33 24 -1
4.81312656 2.45275974 4.56618635 95 167 73 24 -1
4.82856083 2.64279747 4.57660331 116 186 73 24 -1
4.79353619 3.0069809 4.59115844 106 169 69 24 -1
3.77644444 3.05417728 4.50828726 88 187 103 24 -1
5.42040062 1.74203014 4.58289229 15 155 168 -1 -1
5.57711697 2.09355545 4.61288963 14 147 167 24 -1
5.83178043 2.01301289 4.63033927 12 146 166 24 -1
5.81219101 2.37010288 4.64584583 8 114 163 24 -1
0.699329376 -0.00178623199 4.116109 177 204 29 27 -1
4.14708328 -0.00178623199 4.40819957 195 190 66 1 -1
5.75342274 -2.78349686 4.41294587 24 166 175 13 -1
6.22357082 -2.27416992 4.46238958 25 172 176 -1 -1
7.06591892 -2.9402132 4.51084146 26 74 171 -1 -1
5.36163235 0.429183006 4.51539392 36 192 184 13 -1
0.405486107 1.54578495 4.1556623 110 168 94 27 -1
0.660150528 1.64373207 4.17979998 139 81 28 27 -1
1.83552074 1.44783688 4.28525099 170 105 26 27 -1
2.09018421 1.48701572 4.30425406 192 146 36 27 -1
0.816865921 1.82003784 4.20725647 130 51 20 27 -1
2.69745922 1.6633215 4.35811484 167 161 23 28 -1
2.63869095 1.80044842 4.37052595 170 183 39 28 -1
3.77488232 2.66238689 4.49317202 150 188 39 24 -1
4.42133617 2.13346958 4.52337821 155 185 39 24 -1
3.95118809 2.76033401 4.51297166 136 176 44 24 -1
4.83271599 2.72115517 4.59432159 103 169 70 24 -1
2.50156403 3.07376671 4.41481519 35 171 153 28 -1
5.55752754 1.89839554 4.6069515 13 143 163 24 -1
5.73383331 1.89839554 4.63512672 13 152 166 -1 -1
5.77301216 1.93757439 4.63247308 14 154 167 -1 -1
6.18439198 1.87880611 4.66851057 19 154 171 -1 -1
6.57618237 2.40772343 4.71276312 20 96 169 -1 -1
1.16947746 0.506723404 4.18733544 172 108 38 -1 -1
4.21156979 -0.178092003 4.40909632 198 194 61 1 -1
4.09162712 0.233287811 4.41880946 194 153 46 1 -1
5.51302433 -2.64637041 4.39951792 23 172 177 25 -1
6.09670734 -2.29375935 4.46530736 30 181 179 13 -1
6.99044895 -3.05775023 4.50343512 26 88 173 -1 -1
7.06591892 -2.97767115 4.5135976 24 77 172 -1 -1
7.02674007 -2.23048687 4.54619548 22 67 160 -1 -1
5.36163235 0.415537834 4.53386848 35 191 184 13 -1
0.280138016 1.42824745 4.15714042 82 210 147 27 -1
0.600436211 1.50660515 4.18771401 145 139 55 27 -1
1.28701401 1.36173916 4.23822917 121 51 19 -1 -1
1.28701401 1.55624199 4.24756858 136 52 25 -1 -1
1.50249863 1.57851219 4.26667543 131 47 20 27 -1
1.71411324 1.48701572 4.27999563 135 57 15 27 -1
2.06221962 1.31071091 4.30066887 189 165 32 27 -1
0.446640968 1.85921669 4.1917716 140 99 39 27 -1
0.793684959 1.91798496 4.22364338 117 33 15 27 -1
1.70290756 1.82003784 4.2950483 116 37 18 27 -1
3.22637558 1.3647356 4.40071062 134 41 21 -1 -1
4.38215733 1.59274578 4.50840563 132 165 56 -1 -1
4.73476791 1.58028889 4.53732336 38 172 145 13 -1
2.75622749 1.79471588 4.38200236 172 177 31 12 -1
3.19854927 2.2705965 4.44187793 154 206 61 28 -1
3.81406116 2.87020111 4.52219151 126 191 68 24 -1
4.16667271 2.14543343 4.51690643 169 176 21 24 -1
4.79644966 2.388134 4.58127669 90 164 79 24 -1
4.06872463 2.70824146 4.53573177 140 168 30 -1 -1
4.49384594 2.70156574 4.57099672 149 173 29 24 -1
4.61391354 2.60361862 4.57634408 149 187 44 24 -1
4.66772938 2.74074459 4.58743318 140 178 43 24 -1
4.81384468 2.85828209 4.60530778 117 182 74 24 -1
3.74561024 3.09335613 4.5271769 78 191 115 24 -1
5.42040062 1.72192287 4.60151623 19 158 169 -1 -1
5.89054966 1.90122986 4.64948061 15 153 167 -1 -1
5.8008585 2.32936478 4.66253054 6 114 159 24 -1
0.679739952 -0.0213766098 4.12794812 180 207 32 -1 -1
2.77581692 -0.11932373 4.30809536 227 216 86 4 -1
4.16667271 -0.138913155 4.41750856 230 205 71 1 -1
4.14708328 -0.0605554581 4.41407326 253 214 102 1 -1
4.14708328 0.0961608887 4.42355618 187 161 39 1 -1
4.2450304 -0.0605554581 4.42074049 195 179 47 1 -1
4.06872463 0.252877235 4.42446293 195 156 51 1 -1
4.04913521 0.44877243 4.44500294 179 100 34 1 -1
5.77301216 -2.80308676 4.42382546 21 169 175 13 -1
6.30192852 -2.21540117 4.49520135 25 173 176 -1 -1
6.45864582 -2.97939205 4.47021807 17 149 169 -1 -1
6.90920353 -3.07733965 4.5100055 26 100 174 -1 -1
6.92879391 -2.92062378 4.51696926 22 91 172 -1 -1
6.88961506 -2.80308676 4.50862753 23 102 173 -1 -1
6.51741314 -2.137043 4.52519915 25 156 175 -1 -1
6.81125546 -1.41223145 4.56854662 27 135 176 -1 -1
-0.00589370728 1.99634361 4.16276367 72 172 121 27 -1
0.483844757 1.52619553 4.19672413 125 147 69 27 -1
1.20865631 1.56537437 4.26043376 130 43 21 -1 -1
1.93346786 1.62414265 4.30878955 151 75 24 12 -1
0.581791878 2.09429073 4.23225831 140 57 25 -1 -1
1.6004467 1.99634361 4.31043448 122 46 34 3 -1
4.18626213 1.78085899 4.5030804 174 159 33 24 -1
2.75622749 1.99634361 4.39511424 179 205 67 12 -1
3.81406116 2.60361862 4.51241612 154 179 28 -1 -1
4.46051502 2.19223881 4.55379835 151 194 48 24 -1
4.00995636 2.79951286 4.55436674 128 170 47 24 -1
4.83271599 2.89746094 4.62158034 100 169 74 24 -1
5.30286407 1.74168015 4.5966451 16 158 170 -1 -1
5.87095928 1.89839554 4.65771538 17 157 168 -1 -1
0.738508224 -0.0555372238 4.14385188 173 195 25 27 -1
1.10291004 0.390003204 4.19574819 172 126 28 -1 -1
2.79540634 -0.170497894 4.310508 189 171 44 4 -1
4.1427021 -0.138913155 4.42480229 201 191 56 1 -1
4.14708328 0.190179825 4.44097102 192 163 44 1 -1
4.12907505 0.27246666 4.44341477 189 152 41 -1 -1
4.06102467 0.44877243 4.44618413 179 102 35 -1 -1
5.49875927 -2.64973879 4.41775152 24 175 178 25 -1
5.78089142 -2.68554926 4.43964836 24 168 176 13 -1
6.30192852 -2.25879383 4.5037541 32 176 181 -1 -1
6.51925182 -2.9402132 4.48922593 30 163 178 -1 -1
6.65454006 -2.89350128 4.50279342 23 142 177 -1 -1
6.71806431 -2.56801224 4.52373977 22 130 172 -1 -1
6.53700352 -2.07692289 4.53216432 25 152 178 -1 -1
7.0071516 -1.96570778 4.57685906 25 68 159 -1 -1
7.26181507 -1.20323944 4.63478741 19 41 141 -1 -1
0.0332860947 1.97912407 4.18251802 76 161 109 27 -1
0.632353783 1.4674263 4.2080939 144 117 42 27 -1
0.534377098 1.5849638 4.20553637 137 141 63 27 -1
1.32952785 1.36947918 4.26174894 116 42 14 -1 -1
1.29116535 1.56537437 4.267944 137 56 27 -1 -1
1.8488245 1.3890686 4.30615817 156 86 20 12 -1
1.43493176 1.76126957 4.28938448 121 41 20 -1 -1
1.93346786 1.62956715 4.32479136 151 76 25 12 -1
2.59951115 1.70550156 4.38418978 173 173 28 28 -1
0.660150528 2.06423473 4.23907752 121 31 14 27 -1
1.26742458 2.51461792 4.3115364 164 89 26 12 -1
1.68523502 1.85921669 4.31503965 150 89 61 27 -1
3.2351141 1.3890686 4.42219991 137 40 16 -1 -1
4.17692184 1.76126957 4.51890744 177 157 35 24 -1
4.69558907 1.5278101 4.55111339 47 174 138 13 -1
2.6778698 1.85912514 4.39812544 245 239 112 -1 -1
2.95212269 2.06649303 4.4310394 154 190 51 12 -1
2.99130154 2.30891609 4.44595931 122 202 85 12 -1
3.77158737 2.68197632 4.52918764 143 177 36 24 -1
4.12940979 1.99634361 4.52621787 182 188 38 24 -1
4.49969387 2.21183014 4.56756011 152 200 52 24 -1
4.04913521 2.52641964 4.54495091 159 175 19 12 -1
4.38215733 2.68884182 4.5806261 148 171 26 -1 -1
4.61417389 2.62320805 4.59689591 154 191 46 24 -1
4.62161636 2.87787151 4.60974703 139 171 39 24 -1
2.54074287 3.05966568 4.44429314 35 169 154 28 -1
3.72584724 3.21089268 4.55075576 56 172 124 24 -1
5.36627674 1.72208977 4.61658313 21 164 174 -1 -1
5.92972851 1.8744421 4.6710633 14 154 167 -1 -1
6.47835636 2.29018593 4.73694983 12 98 164 -1 -1
0.64056015 0.0373926163 4.15722503 171 195 26 27 -1
1.20865631 0.507540703 4.21362537 165 111 32 -1 -1
2.85417557 -0.158502579 4.31976656 187 172 44 4 -1
4.1274929 -0.178092003 4.43536082 202 199 67 1 -1
4.06872463 -0.0213766098 4.43641486 201 182 56 1 -1
4.14708328 0.213698387 4.44346502 185 152 37 -1 -1
4.26461983 0.0961608887 4.45853935 195 179 49 -1 -1
3.97077751 0.350824356 4.44637977 187 123 46 1 -1
3.97077751 0.390003204 4.4406421 221 143 65 1 -1
4.08831406 0.429183006 4.45136254 181 115 38 -1 -1
6.63494968 -3.23405552 4.49470896 23 151 176 -1 -1
5.89054966 -3.07733965 4.44954241 24 169 176 13 -1
6.38028622 -3.0381608 4.48234613 28 174 180 -1 -1
6.30192852 -2.37211752 4.51512022 32 177 180 -1 -1
6.49782467 -3.21446609 4.49247304 24 167 179 -1 -1
6.53700352 -3.1165185 4.49026474 25 166 182 -1 -1
6.69371891 -3.17528725 4.50587104 25 140 178 -1 -1
6.41946507 -3.0381608 4.482613 19 158 173 -1 -1
6.63494968 -3.0381608 4.51025306 25 149 178 -1 -1
6.71330929 -3.19487667 4.50816576 23 138 178 -1 -1
6.77207661 -3.09692907 4.51536101 26 130 178 -1 -1
6.81125546 -3.0381608 4.51274487 26 117 178 -1 -1
6.79166698 -2.92062378 4.51868967 22 120 175 -1 -1
6.63494968 -2.90103388 4.50503573 25 148 178 -1 -1
6.65454006 -2.60719156 4.53088055 24 148 176 -1 -1
6.73289776 -2.82267618 4.52375201 25 130 175 -1 -1
6.75248814 -2.72472858 4.52878941 31 134 181 -1 -1
6.53700352 -2.1566329 4.54107227 24 156 177 -1 -1
7.0855093 -2.33293819 4.574326 25 61 157 -1 -1
5.204916 0.527130127 4.5562752 30 185 180 13 -1
0.346717834 1.33030033 4.18928909 86 188 122 27 -1
0.523023605 1.52619553 4.21087078 126 137 63 27 -1
1.24783516 1.56537437 4.27557606 131 41 21 -1 -1
1.73757267 1.6633215 4.31515852 131 45 24 27 -1
0.562202454 2.09429073 4.23742491 142 58 26 -1 -1
1.28701401 2.5448494 4.32901205 186 125 52 12 -1
2.6778698 1.62414265 4.3871723 171 171 25 28 -1
3.95118809 0.625077248 4.45778096 167 71 41 1 -1
2.75622749 1.87880611 4.41068877 165 174 32 12 -1
3.14801788 2.25100708 4.46998119 146 198 56 28 -1
4.4409256 2.21182823 4.57821041 165 211 63 24 -1
4.61723137 2.83869267 4.61263617 143 174 41 24 -1
5.2440958 0.546719551 4.56127077 25 177 177 13 -1
5.85136986 1.87880611 4.67929443 16 157 166 -1 -1
1.49070835 -1.23592567 4.169727 45 174 149 27 -1
0.764883995 -0.0605554581 4.16540817 165 178 17 27 -1
1.18906689 0.356837273 4.22095699 159 117 22 -1 -1
2.75622749 -1.08180046 4.28306004 172 182 32 -1 -1
2.99130154 -0.119301796 4.34895344 189 171 44 4 -1
4.18626213 -0.230778694 4.44362689 199 184 55 1 -1
3.93159866 0.192023277 4.44261145 188 148 44 1 -1
3.92732811 0.292056084 4.44705724 193 139 49 1 -1
4.11946774 0.468361855 4.47160625 185 121 40 -1 -1
5.49655437 -2.90103388 4.42508998 14 156 167 25 -1
5.87095928 -3.12791824 4.44553592 24 177 179 13 -1
6.35836124 -2.9402132 4.49534773 21 161 173 -1 -1
6.07574177 -2.31334877 4.50179062 28 170 174 13 -1
6.34749889 -2.1566329 4.53206351 22 162 173 -1 -1
6.54275227 -2.86185503 4.51454501 29 161 181 -1 -1
6.69318676 -2.54842281 4.5421874 26 143 176 -1 -1
6.45864582 -2.06158829 4.54593099 19 152 171 -1 -1
7.00816631 -2.137043 4.58830645 22 64 158 -1 -1
6.92879391 -1.1648283 4.6283451 24 108 170 -1 -1
5.28666496 0.527130127 4.57213035 22 171 175 13 -1
0.268360138 1.39900398 4.19392919 67 195 146 27 -1
0.730569839 1.4674263 4.23590466 139 98 32 27 -1
0.560862541 1.68291092 4.23204591 152 121 47 27 -1
0.805493355 1.64373207 4.25064191 138 61 20 27 -1
1.63962555 1.45545101 4.31142371 142 71 22 -1 -1
1.52208805 1.54994869 4.30612251 124 44 18 27 -1
1.75876522 1.50660515 4.32385276 140 60 16 27 -1
2.08383942 1.31071091 4.34165743 173 142 22 27 -1
0.425075531 1.8406086 4.22825177 131 80 31 -1 -1
0.660150528 2.10219669 4.26048975 126 41 18 27 -1
1.26742458 2.46367073 4.32867949 157 83 25 12 -1
1.58085728 2.01582909 4.33341198 123 48 35 3 -1
3.14801788 1.27319622 4.42893497 142 60 24 12 -1
2.7832756 1.6633215 4.41713617 166 151 19 12 -1
4.07231617 0.585898399 4.47330308 175 93 34 -1 -1
4.26461983 1.62415218 4.53925383 162 156 40 -1 -1
4.98943138 1.67700481 4.60246323 20 167 166 -1 -1
2.74579525 2.01593304 4.4309301 177 200 67 12 -1
2.87376499 2.29214764 4.45490497 124 215 107 12 -1
3.15316296 2.2705965 4.47725763 148 200 59 28 -1
3.76872063 2.68197632 4.54853709 142 177 38 -1 -1
4.11936283 2.01593304 4.54590692 182 184 34 24 -1
4.49969387 2.22573185 4.58781705 148 195 49 24 -1
3.89241886 2.58098316 4.55404209 152 173 25 12 -1
4.02954578 2.75322247 4.57379092 137 173 39 24 -1
4.84658623 2.42731285 4.62653354 83 171 90 24 -1
4.77769661 2.83869267 4.64052017 118 178 66 24 -1
2.57992172 3.12323475 4.47021447 20 158 159 28 -1
4.71517849 3.03948116 4.64492821 128 184 67 24 -1
5.16573715 1.73955536 4.62022469 13 157 168 -1 -1
5.71424389 1.81713676 4.66986359 17 159 170 -1 -1
0.492502213 1.55373192 4.2010999 125 134 62 27 -1
1.4829092 -0.82454586 4.20661048 54 170 129 27 -1
0.209590912 0.487951279 4.15546637 130 193 69 -1 -1
1.22824574 0.0765714645 4.21926199 136 175 50 27 -1
2.77581692 -1.07920933 4.29383168 172 184 33 -1 -1
2.73663807 -0.0605554581 4.34900332 207 204 67 -1 -1
3.85324001 0.507540703 4.46887118 178 82 42 1 -1
4.30379868 -0.178092003 4.46072174 187 168 36 1 -1
3.97077751 0.0961608887 4.45655059 198 168 53 1 -1
4.36256695 -0.00178623199 4.46979989 194 181 47 -1 -1
3.91200829 0.233287811 4.45113744 197 152 52 1 -1
3.91200829 0.390003204 4.46031417 189 114 45 1 -1
4.1274929 0.507540703 4.48128989 183 117 41 13 -1
6.14521313 -3.27323484 4.46339295 24 177 178 13 -1
5.43999004 -2.78349686 4.42637563 24 173 177 25 -1
6.14521313 -3.21446609 4.4766776 30 183 182 13 -1
6.26274967 -3.19487667 4.4792104 24 170 176 -1 -1
5.81219101 -2.90103388 4.46373699 28 176 179 13 -1
6.38028622 -2.66595984 4.5263077 33 181 183 -1 -1
6.36069775 -2.29375935 4.52966339 31 175 180 -1 -1
6.41946507 -2.86185503 4.51739433 33 177 183 -1 -1
6.53700352 -2.82267618 4.52378425 29 164 179 -1 -1
6.41946507 -2.70513916 4.51550752 34 179 182 -1 -1
6.47823429 -2.66595984 4.52057915 28 171 180 -1 -1
6.67413044 -2.72472858 4.534054 28 148 180 -1 -1
6.49782467 -2.58760214 4.53255612 29 168 181 -1 -1
6.51741314 -2.47006464 4.54684527 26 167 179 -1 -1
6.57618237 -2.47006464 4.54847734 28 162 181 -1 -1
6.61536121 -2.41129637 4.56131739 29 152 179 -1 -1
6.49782467 -2.27416992 4.55463185 30 166 179 -1 -1
6.77207661 -2.2349906 4.57520216 29 124 177 -1 -1
6.88961506 -2.27416992 4.58956452 28 98 171 -1 -1
6.94838238 -2.1566329 4.5996106 33 87 171 -1 -1
6.88961506 -2.03909588 4.6005211 32 102 175 -1 -1
7.02674007 -1.90196896 4.62039577 26 71 160 -1 -1
7.26181507 -1.15756798 4.66443383 21 49 143 -1 -1
-0.0254831314 2.05511189 4.20520172 71 172 120 27 -1
0.346717834 1.62414265 4.22718501 109 175 100 27 -1
1.22824574 1.36947918 4.27390846 140 58 29 -1 -1
1.73757267 1.54578495 4.33362463 134 49 16 27 -1
0.503434181 2.05511189 4.24724501 150 65 28 -1 -1
1.28701401 2.56443882 4.33752484 182 125 45 12 -1
2.99130154 1.40865803 4.42820062 188 139 60 12 -1
3.99036694 0.644667625 4.47778733 167 75 40 -1 -1
4.18626213 1.70250034 4.54305717 172 144 31 24 -1
2.95212269 2.01593304 4.4563016 155 174 38 12 -1
3.34391308 2.29018593 4.50979318 157 179 36 12 -1
4.91107368 2.388134 4.63316503 72 173 108 24 -1
4.63682079 2.81910324 4.63641805 143 181 45 24 -1
3.42227077 3.25007153 4.55193532 31 165 146 28 -1
5.38122177 0.820972443 4.60017723 30 181 178 13 -1
1.4829092 -1.34333515 4.18350612 50 184 151 27 -1
0.699329376 -0.146081924 4.17540353 170 191 23 -1 -1
0.634423256 0.0765714645 4.18066156 170 189 24 27 -1
0.85863018 -0.00178623199 4.19566669 176 193 22 27 -1
1.09111881 0.320277214 4.23059201 167 138 23 -1 -1
1.26742458 0.45288372 4.25171733 154 109 22 -1 -1
2.6514864 -0.158502579 4.33821576 227 216 86 4 -1
3.4418602 -0.618279457 4.38229833 181 167 25 13 -1
3.87282944 0.256323814 4.46036901 192 141 47 1 -1
4.26461983 -0.218086243 4.47038483 180 158 30 1 -1
3.94397163 0.154929161 4.46145544 201 168 56 1 -1
3.88512707 0.350824356 4.46593602 186 115 44 1 -1
6.08724499 -3.25364542 4.47719289 39 191 191 13 -1
5.44068146 -2.84226561 4.44282434 23 168 174 25 -1
5.81219101 -3.06609917 4.4631744 25 170 174 13 -1
6.28234005 -3.04708338 4.50344211 32 183 183 -1 -1
6.38028622 -2.84515858 4.52133665 36 181 185 -1 -1
6.22357082 -2.43782854 4.52777721 28 178 181 13 -1
6.32755375 -2.1566329 4.5499834 23 168 175 -1 -1
6.43905544 -2.30768394 4.55206385 29 169 180 -1 -1
6.96552181 -2.35252762 4.59397936 29 86 169 -1 -1
6.57618237 -2.05844355 4.57551002 32 164 182 -1 -1
6.94189358 -2.2545805 4.59670463 28 82 167 -1 -1
6.85061169 -2.07827473 4.59752937 30 106 175 -1 -1
6.95098591 -1.80402136 4.61910014 25 83 166 -1 -1
7.13527775 -1.66689491 4.64111097 22 56 151 -1 -1
7.18467617 -1.21633625 4.66688035 20 48 146 -1 -1
5.50708866 0.44877243 4.60640824 25 174 177 13 -1
0.06062603 2.01593304 4.22575285 76 155 105 27 -1
0.483844757 1.38642979 4.23095235 121 156 75 27 -1
0.225112915 1.70250034 4.22447147 75 161 112 -1 -1
0.493311882 1.76126957 4.24974343 139 92 37 27 -1
0.816865921 1.66476917 4.27219343 130 43 14 27 -1
1.62003613 1.4527998 4.32924607 149 76 23 -1 -1
1.42892265 1.62414265 4.32147593 129 47 20 -1 -1
1.81593132 1.5022049 4.34801609 170 104 32 27 -1
2.03141594 1.28229904 4.35549442 177 146 24 -1 -1
2.59200382 1.68291092 4.42165549 176 187 40 28 -1
0.492164612 2.07470131 4.26469739 145 62 25 -1 -1
0.797276497 2.02133751 4.28767494 115 37 17 27 -1
1.32619381 2.60444641 4.3599479 166 93 28 -1 -1
1.70425892 1.83962727 4.35487031 116 38 21 27 -1
3.22637558 1.30517864 4.45661916 130 36 18 12 -1
2.82450962 1.76126957 4.44488032 168 161 23 12 -1
4.13703346 0.546719551 4.49642854 181 115 40 13 -1
3.91388321 1.27153111 4.51255251 158 89 65 -1 -1
4.57805157 1.54127789 4.58110024 77 176 107 13 -1
5.06113243 1.70250034 4.62927874 16 157 168 -1 -1
2.79540634 1.98176384 4.45303161 161 192 53 12 -1
2.85417557 2.28903675 4.47270526 136 220 107 12 -1
3.13613415 2.21182823 4.49259977 149 191 51 28 -1
3.32432365 2.35898972 4.51541872 148 189 49 12 -1
4.16028118 1.80044842 4.5585746 172 160 30 24 -1
4.22544098 2.19242096 4.58285019 173 185 26 24 -1
4.02954578 2.56025219 4.58411453 162 181 25 12 -1
4.30379868 2.66741562 4.61221698 148 170 23 20 -1
4.59829807 2.56443882 4.63192394 147 185 42 24 -1
4.67599964 2.82852936 4.65110887 140 182 53 24 -1
2.52115345 3.05310059 4.48151699 33 172 154 28 -1
3.4418602 3.27602959 4.56929066 33 171 147 28 -1
5.29475021 0.585898399 4.59521844 25 177 177 13 -1
5.28327465 1.72612762 4.64900804 13 153 168 -1 -1
5.81219101 1.86225224 4.69981816 12 154 166 -1 -1
1.6004467 -1.54935789 4.20071471 22 160 161 27 -1
1.58085728 -1.49058914 4.19082085 30 174 166 27 -1
1.42414093 -0.785367012 4.21870914 72 183 124 27 -1
0.64056015 -0.0213766098 4.17787114 176 197 29 -1 -1
0.856044769 -0.0605554581 4.20051716 172 190 23 27 -1
1.16947746 0.174518585 4.23535744 162 175 40 27 -1
2.59951115 -0.158502579 4.34358589 181 162 24 -1 -1
2.75622749 -0.0409660339 4.36001705 212 206 68 -1 -1
3.87282944 0.350824356 4.46907991 188 118 46 1 -1
4.28420925 -0.217270851 4.48824569 179 154 25 -1 -1
4.42133617 -0.0409660339 4.49278217 222 225 98 -1 -1
4.2450304 0.331234932 4.50432849 187 151 42 13 -1
5.69465446 -2.9402132 4.46196204 30 176 181 13 -1
6.04726505 -3.17528725 4.48479665 30 183 183 13 -1
5.83178043 -2.97939205 4.48540461 34 174 181 13 -1
6.0864439 -3.07733965 4.50116498 28 182 180 13 -1
6.1648016 -3.01857138 4.51283664 31 183 182 13 -1
6.2431612 -3.0381608 4.51629421 30 182 181 13 -1
5.83178043 -2.76390743 4.48699868 26 170 177 13 -1
6.22357082 -2.90103388 4.51975293 37 190 187 13 -1
6.34110737 -2.88144445 4.52273396 32 177 182 -1 -1
6.18439198 -2.68554926 4.53160393 34 186 184 13 -1
6.28234005 -2.64637041 4.54106037 31 180 181 -1 -1
6.20398045 -2.45047522 4.54092146 30 179 181 13 -1
6.2431612 -2.45047522 4.53038908 31 181 180 13 -1
6.36069775 -2.35252762 4.54452836 35 180 184 -1 -1
6.41946507 -2.41129637 4.54906424 34 179 185 -1 -1
6.51741314 -2.33293819 4.56126408 31 165 178 -1 -1
6.57618237 -2.31334877 4.5809123 31 160 179 -1 -1
6.79166698 -2.43088579 4.57946348 26 118 174 -1 -1
6.87002468 -2.33293819 4.59045673 25 97 172 -1 -1
6.57618237 -2.21540117 4.57936697 26 155 179 -1 -1
6.49782467 -2.0586853 4.5713922 21 152 171 -1 -1
6.77207661 -2.137043 4.59279419 31 128 179 -1 -1
6.77207661 -2.0586853 4.60766508 28 126 177 -1 -1
6.83084583 -1.99991655 4.60229904 31 113 176 -1 -1
6.79166698 -1.88237953 4.61785163 28 124 178 -1 -1
6.96797276 -1.92155838 4.62440646 30 87 169 -1 -1
6.92879391 -1.74525309 4.63258135 28 95 168 -1 -1
7.10509968 -1.82361126 4.63169976 27 63 156 -1 -1
7.0855093 -1.68648434 4.64226241 24 65 157 -1 -1
7.12468815 -1.60812664 4.6567059 24 59 155 -1 -1
-0.221378326 0.625077248 4.14131652 59 178 130 16 -1
0.248770714 1.40865803 4.22835365 67 195 146 27 -1
0.22918129 1.78085899 4.24459532 105 171 101 27 -1
1.85511017 1.33030033 4.35151947 167 112 24 12 -1
2.07059479 1.29112148 4.3658771 172 137 23 27 -1
0.503434181 2.09429073 4.26747399 144 57 27 -1 -1
1.24783516 2.58402824 4.3689956 203 154 67 12 -1
2.99130154 1.4674263 4.45335276 189 144 50 -1 -1
4.10790348 0.605487823 4.49847428 176 96 40 -1 -1
3.93159866 1.31071091 4.51917159 155 73 50 -1 -1
2.6778698 1.89839554 4.44044401 166 185 44 -1 -1
2.95212269 2.15305901 4.49302302 151 207 75 12 -1
3.77488232 2.81910324 4.57827272 123 186 66 24 -1
4.08831406 2.76033401 4.60025664 135 168 38 -1 -1
3.4418602 3.2696619 4.57369605 34 173 149 28 -1
5.43999004 0.801383018 4.63052022 24 174 176 13 -1
1.56126785 -1.64966917 4.1949455 29 169 164 27 -1
1.62003613 -1.49078655 4.20749384 23 166 165 27 -1
1.44373035 -0.854290009 4.2232984 61 173 125 27 -1
0.810949326 -0.11932373 4.20562113 171 190 22 27 -1
0.637377739 -0.0605554581 4.19391389 174 194 28 -1 -1
0.287949562 0.474844933 4.19037263 135 178 48 27 -1
1.12633133 0.115750313 4.24330823 161 179 33 -1 -1
1.16226482 0.311645508 4.25572236 163 137 25 27 -1
1.40455151 -0.611634254 4.23167043 74 180 120 27 -1
2.73663807 -0.255781174 4.36026194 184 163 38 4 -1
3.51751232 -0.667829514 4.4058411 180 170 25 13 -1
3.06966019 -0.0361976624 4.39868183 213 208 78 4 -1
3.83080959 0.390003204 4.48285995 188 112 48 1 -1
4.32687473 -0.197681427 4.49616518 189 163 30 -1 -1
4.4409256 -0.0271520615 4.51390028 210 221 75 -1 -1
4.22341347 0.390003204 4.51572353 194 151 44 13 -1
5.43999004 -2.87228251 4.46091457 22 167 174 25 -1
5.83178043 -3.19123936 4.47839476 28 177 179 13 -1
5.83424759 -2.9402132 4.49065475 29 178 180 13 -1
5.80629444 -2.80308676 4.49489926 26 170 176 13 -1
6.18439198 -2.72047186 4.53051547 29 177 179 13 -1
6.11489201 -2.45047522 4.53766223 32 184 181 13 -1
6.25782108 -2.137043 4.56467637 28 173 177 -1 -1
6.43905544 -2.04628992 4.58420458 23 159 172 -1 -1
6.87833881 -1.78443193 4.63354913 29 105 175 -1 -1
7.02674007 -1.68697405 4.65065093 28 78 164 -1 -1
6.94838238 -1.15929222 4.66942946 23 104 169 -1 -1
5.31532383 0.44877243 4.60994566 34 191 184 13 -1
-0.1626091 0.665062904 4.16179151 57 173 126 27 -1
0.062253952 1.97675419 4.2435973 75 159 107 27 -1
0.170412064 1.45820236 4.22775165 56 195 157 27 -1
0.738508224 1.44229507 4.27454129 140 90 28 27 -1
0.307538986 1.76579857 4.25399988 119 147 78 27 -1
1.32760429 1.36947918 4.32035619 121 49 15 27 -1
1.37961388 1.42824745 4.32753161 120 39 12 27 -1
1.84581852 1.34988976 4.36279358 166 112 26 12 -1
1.40661716 1.70250034 4.34296072 129 47 23 -1 -1
1.77615356 1.78085899 4.37765592 122 46 22 27 -1
2.14895248 1.45818424 4.39336788 170 124 21 27 -1
0.252758026 1.80044842 4.25107812 106 152 88 -1 -1
0.486076355 2.11388016 4.28565843 144 53 23 12 -1
0.797165871 2.05511189 4.30887684 115 35 18 -1 -1
1.46331978 1.82580471 4.35362779 120 43 21 3 -1
1.77399731 1.80044842 4.37841605 120 45 22 27 -1
3.14801788 1.26210308 4.46758116 143 60 23 12 -1
2.82973576 1.74168015 4.46396658 165 151 19 12 -1
3.26555443 1.48541641 4.48814256 155 62 21 28 -1
4.1274929 0.613244057 4.51841365 175 94 36 13 -1
3.97077751 1.29076958 4.53782814 154 70 47 -1 -1
4.38215733 1.58184433 4.58623987 132 158 52 -1 -1
4.87189484 1.66352272 4.63115612 23 166 157 -1 -1
2.65636063 1.95716476 4.4598008 176 208 67 -1 -1
3.03048038 1.995718 4.49296834 152 155 27 12 -1
3.02352238 2.17264938 4.50088159 145 192 56 12 -1
3.18470287 2.3489542 4.52283907 151 213 70 28 -1
3.77488232 2.65730476 4.58704706 145 176 35 -1 -1
4.10790348 2.02305031 4.58446829 182 182 34 24 -1
4.48010445 2.2607851 4.62703928 160 204 51 24 -1
4.2450304 2.51448059 4.61954365 164 183 25 -1 -1
4.59495354 2.56443882 4.6512334 146 185 42 24 -1
4.65952206 2.87787151 4.67168826 142 181 51 24 -1
2.5603323 3.08495426 4.50591545 26 162 155 -1 -1
3.44272327 3.2304821 4.58676528 31 166 146 12 -1
5.36163235 0.592217445 4.62070976 26 178 178 13 -1
5.38122177 0.862855911 4.63534473 24 176 179 13 -1
5.71424389 1.76242352 4.70641529 16 159 169 13 -1
3.88310242 0.240646362 4.46864628 196 145 52 1 -1
1.50249863 -1.51017904 4.20594508 45 178 155 27 -1
1.63962555 -1.47099972 4.22882913 28 177 170 27 -1
1.32619381 -0.707009315 4.2259801 101 182 93 27 -1
1.22824574 -0.315218925 4.24879025 124 193 81 18 -1
0.875635147 -0.0801448822 4.21487586 168 190 24 27 -1
1.11070919 0.0961608887 4.24809042 159 175 31 18 -1
1.40455151 -0.687419891 4.23497801 83 192 126 27 -1
3.01089096 -0.138913155 4.39206525 190 172 44 4 -1
3.16760731 -0.0409660339 4.41762373 191 170 44 4 -1
3.81406116 0.292056084 4.47942326 190 125 43 1 -1
4.00995636 -0.138913155 4.47298051 196 179 49 1 -1
3.91200829 0.135339737 4.48666217 199 166 55 1 -1
5.92972851 -3.29282427 4.49409362 24 176 178 13 -1
5.43999004 -2.88144445 4.46746221 20 168 174 25 -1
5.83178043 -2.95980263 4.49070543 29 178 181 13 -1
6.02767563 -2.97939205 4.50901499 27 182 182 13 -1
5.94931793 -2.76390743 4.52757904 25 174 178 13 -1
6.12562275 -2.72472858 4.53972732 36 187 184 13 -1
6.20398045 -2.60719156 4.54357405 31 185 183 13 -1
6.18439198 -2.50924397 4.55709549 34 186 183 13 -1
6.57618237 -2.2545805 4.58685555 29 155 178 -1 -1
6.69371891 -2.03909588 4.60876431 27 139 178 -1 -1
6.63494968 -1.96073771 4.61823042 29 155 182 -1 -1
6.71330929 -1.88237953 4.62525531 35 145 181 -1 -1
6.79166698 -1.74525309 4.64218388 31 132 179 -1 -1
6.90920353 -1.66689491 4.65843812 29 104 173 -1 -1
6.87002468 -1.52976847 4.65973929 27 117 174 -1 -1
7.12468815 -1.56894732 4.6656825 26 63 159 -1 -1
-0.240967751 0.625077248 4.17264336 60 178 129 16 -1
-0.280146599 1.42824745 4.19150915 100 165 97 16 -1
-0.299736023 1.70250034 4.2135295 132 187 91 16 -1
-0.00589370728 2.11388016 4.2633514 84 172 114 27 -1
0.22918129 1.31071091 4.24296491 58 178 134 27 -1
0.22918129 1.56537437 4.24131039 81 192 145 27 -1
1.93346786 1.29112148 4.37311548 173 128 22 12 -1
1.73757267 1.5849638 4.36626663 125 36 14 27 -1
2.12936306 1.42824745 4.39970245 167 125 20 27 -1
0.875635147 1.82003784 4.31018401 127 41 16 27 -1
1.42414093 2.50567055 4.39265779 141 63 22 27 -1
3.08924961 1.52619553 4.47709464 211 153 69 -1 -1
3.91200829 0.644667625 4.50425965 169 78 48 1 -1
4.00995636 1.25194168 4.54798561 152 69 43 -1 -1
3.97077751 1.40865803 4.55971553 163 78 44 13 -1
2.81499577 2.05511189 4.49086239 143 181 51 12 -1
3.22637558 2.388134 4.54510109 136 192 59 12 -1
4.3233881 2.60361862 4.6382745 155 175 24 -1 -1
2.99130154 3.2304821 4.54900496 9 151 164 28 -1
5.30286407 0.66425705 4.63418221 22 169 174 13 -1
5.71424389 1.76126957 4.70761682 16 159 169 13 -1
1.50748825 -1.54935789 4.21484985 52 181 158 27 -1
1.6004467 -1.3973999 4.22992763 36 186 170 27 -1
1.48886776 -0.844135284 4.24715373 52 172 132 27 -1
1.26742458 -0.42619133 4.24868579 109 181 81 -1 -1
1.22046566 -0.373987198 4.24726169 120 185 76 18 -1
0.599269867 0.0569820404 4.21595721 173 195 27 27 -1
0.290083885 0.527130127 4.21265129 141 181 47 27 -1
1.30932236 0.0178031921 4.27351212 115 177 70 27 -1
1.12831593 0.27246666 4.2705888 166 147 27 -1 -1
1.25576973 0.429183006 4.28878256 156 109 23 -1 -1
2.75622749 -1.07400894 4.34220244 189 210 55 -1 -1
2.91500759 -0.217270851 4.39663124 185 165 36 4 -1
2.68631172 -0.0605554581 4.38501284 222 216 90 -1 -1
3.16760731 -0.0503387451 4.42579108 187 164 42 4 -1
3.77766514 0.292056084 4.49329772 193 133 52 1 -1
3.76499844 0.527130127 4.50352494 176 87 50 1 -1
4.28099442 -0.236861229 4.51003283 181 153 25 -1 -1
3.92239094 0.0373926163 4.49318411 198 175 52 1 -1
4.28929424 0.292056084 4.53612451 249 211 103 13 -1
5.61629581 -3.04708242 4.48686864 27 176 179 13 -1
5.59670639 -2.61816645 4.50582405 22 165 174 -1 -1
5.98849678 -2.93245697 4.5235283 38 187 187 13 -1
5.88413048 -2.64637041 4.52852911 21 162 173 13 -1
5.89054966 -2.53698111 4.53431896 25 170 175 13 -1
6.14521313 -2.23967934 4.56991149 21 166 173 13 -1
6.12562275 -1.70253944 4.59406339 20 161 173 13 -1
6.88574314 -1.66689491 4.6594021 30 107 173 -1 -1
6.80811214 -1.29469395 4.67077577 22 133 173 -1 -1
7.26181507 -1.10946655 4.71764778 19 45 141 -1 -1
5.51834869 0.417214394 4.64501431 26 175 178 13 -1
-0.322642326 0.977688789 4.18299638 88 166 100 11 -1
-0.280146599 1.47627068 4.21049388 99 155 87 16 -1
-0.143019676 1.62226105 4.22898231 71 168 127 27 -1
-0.0254831314 2.1070776 4.26210026 82 178 120 27 -1
0.931836128 0.918920517 4.28518278 143 69 35 -1 -1
0.230445862 1.36947918 4.2481061 61 188 142 27 -1
0.146666527 1.48701572 4.24673694 48 185 162 27 -1
0.438302994 1.64373207 4.27867389 124 136 67 27 -1
1.35281467 1.3890686 4.34299652 121 46 13 27 -1
1.3877697 1.44783688 4.34874436 121 39 12 27 -1
1.83668327 1.34988976 4.38161833 164 107 24 12 -1
1.69839382 1.60361195 4.3822255 122 37 17 27 -1
2.07368469 1.27153111 4.3976944 171 136 20 27 -1
2.16854191 1.47143364 4.41523327 168 127 23 -1 -1
0.385896683 2.00883865 4.29181839 149 105 42 -1 -1
0.798473358 1.99634361 4.32575385 112 26 12 27 -1
1.30660343 2.63377571 4.39889521 173 107 28 -1 -1
1.56126785 2.04577637 4.39197847 129 58 44 3 -1
3.1287241 0.585898399 4.45308638 164 80 20 28 -1
2.99130154 1.34946156 4.47824706 180 117 41 12 -1
3.03048038 1.51775742 4.48960762 213 164 72 -1 -1
3.27859497 1.50660515 4.50984098 156 62 21 -1 -1
4.18626213 0.530040741 4.5389273 245 169 94 13 -1
5.12455273 0.625077248 4.62203186 34 194 186 13 -1
3.97077751 1.43541622 4.56436304 159 70 38 13 -1
4.55846214 1.53139782 4.61816491 85 179 103 13 -1
5.1265583 1.70755005 4.67417664 11 152 164 -1 -1
2.81499577 2.01562691 4.49547622 151 181 45 12 -1
2.90720177 2.11388016 4.50791229 158 201 65 12 -1
3.10883904 2.20482063 4.52915736 150 191 51 28 -1
3.34391308 2.25626183 4.55130467 159 183 37 12 -1
3.77899837 2.89746094 4.61851257 116 187 74 24 -1
4.12141323 2.17264938 4.61237185 168 173 19 24 -1
4.59764194 2.35186672 4.66084083 134 176 46 24 -1
4.3233881 2.66075325 4.65271569 149 168 24 -1 -1
4.55846214 2.7492075 4.67664026 148 173 32 24 -1
2.41944122 3.1521244 4.51693665 42 176 151 28 -1
3.03048038 3.23503876 4.57206601 7 148 163 28 -1
3.74544144 3.09335613 4.62510989 77 184 112 24 -1
5.32549286 0.76220417 4.6454363 26 179 178 13 -1
5.42031765 0.860152245 4.65807692 26 176 180 13 -1
5.69465446 1.74412918 4.72348651 17 159 168 13 -1
1.86294651 1.30212784 4.36976932 172 128 27 12 -1
1.4829092 -1.56894732 4.23080989 48 176 152 27 -1
1.56126785 -1.29469395 4.23438065 28 164 154 27 -1
1.30660343 -0.648240089 4.25842647 101 170 79 27 -1
1.16947746 -0.295629501 4.26565795 152 197 70 18 -1
0.131233215 0.527130127 4.21036459 112 193 88 -1 -1
1.11070919 0.194108009 4.27882788 163 165 28 -1 -1
1.22824574 0.292056084 4.2832521 157 144 28 27 -1
2.73663807 -0.276040077 4.38148308 183 161 37 4 -1
3.06966019 -0.0997343063 4.4235317 188 179 56 4 -1
3.20678616 -0.0409660339 4.43442445 191 171 45 13 -1
3.77488232 0.37041378 4.50175681 186 108 45 1 -1
3.93159866 -0.138913155 4.48805365 191 173 47 1 -1
3.89241886 0.135339737 4.50458131 199 168 54 1 -1
5.73383331 -3.23405552 4.49905625 28 179 179 13 -1
5.61629581 -3.05775023 4.49202599 28 176 179 13 -1
5.77301216 -2.99898148 4.51019101 26 177 180 13 -1
5.96890736 -2.88144445 4.53608536 42 186 185 13 -1
6.04726505 -2.82267618 4.54344068 34 177 179 13 -1
6.0080862 -2.72472858 4.55317459 35 188 186 13 -1
6.06685448 -2.60719156 4.55869844 35 189 185 13 -1
5.96890736 -2.58760214 4.55612467 33 184 182 13 -1
6.10603428 -2.58760214 4.55772972 34 188 185 13 -1
6.22357082 -2.11745358 4.59070031 24 176 177 -1 -1
6.04726505 -1.76484251 4.60195829 30 182 180 13 -1
6.47823429 -1.94114828 4.61935096 27 171 178 -1 -1
6.57618237 -1.78443193 4.64459733 30 170 180 -1 -1
6.71330929 -1.70607376 4.65226801 29 144 178 -1 -1
6.83084583 -1.60812664 4.66690223 28 124 177 -1 -1
6.77207661 -1.49058914 4.66897512 26 144 177 -1 -1
7.14427853 -1.15756798 4.71854196 24 63 153 -1 -1
5.22450542 0.468361855 4.6417573 24 179 175 13 -1
-0.123430252 0.683846474 4.19996383 56 167 121 27 -1
-0.201787949 1.33030033 4.22522553 67 153 117 27 -1
-0.299736023 1.48701572 4.22270623 108 161 84 16 -1
-0.182198524 1.60455322 4.23799605 80 158 106 27 -1
-0.750294685 2.68197632 4.24230385 134 144 50 -1 -1
0.209590912 1.27153111 4.25402449 58 182 140 27 -1
0.150822639 1.50660515 4.2503982 47 185 156 27 -1
1.83552074 1.31071091 4.39668097 168 120 25 12 -1
2.12936306 1.25194168 4.40149549 190 163 26 27 -1
0.366307259 1.87880611 4.29449299 132 101 42 27 -1
1.69839382 1.85921669 4.39871502 112 38 20 27 -1
2.89335442 1.4674263 4.49221871 178 136 29 -1 -1
3.32432365 1.42824745 4.51505899 135 37 14 -1 -1
4.1274929 0.66425705 4.54215677 188 110 45 -1 -1
4.06872463 1.23235226 4.56386137 159 76 40 13 -1
4.04913521 1.33030033 4.57550497 161 78 40 13 -1
2.73663807 2.07470131 4.50583376 149 189 66 12 -1
3.12842846 2.19223881 4.53883422 150 190 50 28 -1
4.22544098 2.21182823 4.62978159 178 198 35 24 -1
2.57992172 3.13253498 4.54074562 22 160 160 12 -1
5.3224535 0.723025322 4.65548955 26 175 177 13 -1
6.0080862 1.85921669 4.76092144 18 158 169 -1 -1
1.27342796 -0.746188164 4.25341251 111 177 81 27 -1
1.4611187 -1.47099972 4.23432034 61 186 150 27 -1
1.5422678 -1.19674683 4.25428181 38 181 157 27 -1
0.679739952 -0.165719986 4.23158907 167 184 21 27 -1
1.30957127 -0.628650665 4.26208172 116 195 93 27 -1
1.06684399 -0.33480835 4.25587319 172 211 55 -1 -1
0.379759789 0.0961608887 4.21905341 164 196 36 8 -1
0.150822639 0.395490646 4.2142627 119 186 71 8 -1
0.856044769 0.0965948105 4.25894249 172 184 22 27 -1
1.31822681 0.0961608887 4.29760939 124 170 56 27 -1
1.2131567 0.252877235 4.29633934 153 149 31 27 -1
1.43701363 -0.687419891 4.26992759 71 175 117 27 -1
2.79540634 -1.07635021 4.36495898 174 180 30 13 -1
2.66385746 -0.138913155 4.3989602 225 217 79 -1 -1
3.42227077 -0.604652405 4.44008116 182 168 24 13 -1
2.93253326 0.0620803833 4.43110123 207 194 59 -1 -1
3.76360321 -0.0213766098 4.49666002 183 154 23 1 -1
3.75529289 0.310563087 4.51190308 196 130 44 1 -1
4.18626213 -0.282756805 4.51948876 183 165 31 -1 -1
4.49969387 -0.147275925 4.55223046 180 170 33 -1 -1
4.38154793 0.135339737 4.55591116 190 164 31 13 -1
5.71158695 -3.27323484 4.50357544 25 178 179 13 -1
5.67030716 -3.05775023 4.51046693 29 172 179 13 -1
5.59670639 -2.61411953 4.52560779 22 168 173 -1 -1
5.91013908 -2.51691198 4.55651181 31 178 179 13 -1
5.98849678 -2.39541531 4.56890475 25 177 178 13 -1
6.3215189 -2.05402374 4.61317348 28 179 181 -1 -1
6.40777111 -1.94114828 4.62581329 26 176 179 -1 -1
6.69371891 -1.64071321 4.66417497 29 150 178 -1 -1
6.92879391 -1.1633358 4.70677447 24 110 170 -1 -1
7.22263622 -1.05108166 4.73676113 19 49 146 -1 -1
5.45958042 0.364104271 4.65713426 23 172 177 13 -1
7.12468815 0.0788421631 4.78281756 21 70 163 -1 -1
-0.299736023 0.938414574 4.20261739 79 170 110 11 -1
-0.346560478 1.40865803 4.22127747 117 171 81 16 -1
-0.260557175 1.59622192 4.23748274 106 155 80 16 -1
-0.123430252 1.61974239 4.25009056 68 164 123 27 -1
0.0724649429 2.03679371 4.28651378 75 143 99 27 -1
0.131233215 0.540448189 4.21958333 108 187 86 27 -1
1.03235054 0.970202446 4.31564833 119 44 22 12 -1
0.180269241 1.34988976 4.26255478 54 190 153 27 -1
0.168287277 1.56537437 4.2718987 73 203 159 27 -1
0.503434181 1.77023697 4.30978959 147 109 42 27 -1
0.847661018 1.74168015 4.33723248 127 42 17 27 -1
1.65921497 1.4338913 4.39038595 144 74 20 27 -1
1.4829092 1.51484966 4.37951533 145 73 28 27 -1
1.84909344 1.64373207 4.41635593 153 74 29 12 -1
2.18813229 1.39176273 4.43263699 167 125 16 -1 -1
0.209590912 1.79293156 4.28628266 100 173 106 27 -1
0.411902428 2.07470131 4.31674718 146 78 30 -1 -1
1.19153309 2.56443882 4.40552313 171 100 25 12 -1
1.65880871 1.91798496 4.41359658 122 62 43 27 -1
2.59951115 1.83963966 4.48857779 163 169 30 -1 -1
3.20119953 0.605487823 4.4796831 154 60 17 18 -1
3.12842846 1.24752522 4.50442026 141 60 24 12 -1
2.90539837 1.48701572 4.49725072 189 150 42 20 -1
3.25619793 1.31071091 4.5181494 126 32 17 12 -1
3.40268135 1.55051899 4.54192587 150 54 17 -1 -1
4.17370892 0.585898399 4.56014803 248 162 102 13 -1
3.97077751 1.07583332 4.56668643 151 75 54 -1 -1
4.12671566 1.23235226 4.58725504 149 65 21 13 -1
4.14812279 1.76126957 4.61444389 175 150 26 24 -1
4.77394676 1.56153297 4.65723884 37 177 151 13 -1
2.85701084 1.82003784 4.50919102 167 164 25 12 -1
2.87376499 2.09382915 4.52374004 147 188 54 12 -1
2.83458519 2.26991653 4.52891559 129 212 102 12 -1
3.02286243 2.32936478 4.54753017 123 195 80 28 -1
3.37778759 2.3489542 4.57818041 156 179 38 12 -1
3.77488232 2.96163464 4.64083887 100 192 92 24 -1
4.16667271 2.21103764 4.63759307 170 184 24 -1 -1
4.08831406 2.54359055 4.64700206 166 186 24 20 -1
4.39298153 2.70156574 4.68009024 149 174 29 24 -1
4.71517849 2.88466454 4.7158521 132 187 65 24 -1
2.58685112 3.1521244 4.5505394 20 160 161 -1 -1
3.28514481 3.19639492 4.61111699 21 162 155 28 -1
5.42040062 0.636882782 4.6669526 28 180 179 13 -1
5.47174549 0.76220417 4.67726804 27 177 179 13 -1
5.42639446 1.68291092 4.71768127 16 159 169 13 -1
5.90664768 1.83962727 4.7654067 18 159 169 -1 -1
1.03235054 -2.01950598 4.19077166 144 180 45 -1 -1
1.30660343 -1.80402136 4.21110824 97 188 107 27 -1
1.40455151 -1.74525309 4.22772423 62 172 132 27 -1
1.6788044 -1.58853674 4.2629401 13 155 163 27 -1
0.7189188 -0.628650665 4.22022186 177 201 30 8 -1
1.24783516 -0.707009315 4.25486235 121 177 67 27 -1
1.07152939 -0.315218925 4.27501206 172 206 55 -1 -1
0.32712841 0.487951279 4.24368659 137 173 42 27 -1
1.14988804 0.233287811 4.30194067 157 145 24 27 -1
2.50156403 -0.0213766098 4.39783765 173 153 19 13 -1
2.93253326 -0.256450653 4.43421135 183 166 42 4 -1
2.65828037 -0.0605554581 4.40247137 207 198 62 -1 -1
2.95212269 0.0765714645 4.45022053 207 190 54 18 -1
3.61816597 0.390003204 4.51201727 188 112 42 1 -1
4.49969387 -0.158502579 4.55772625 180 171 34 -1 -1
4.38215733 0.154929161 4.56549921 182 160 26 13 -1
5.61629581 -3.31241369 4.51199295 26 178 179 -1 -1
5.53793812 -3.19487667 4.5094955 24 176 179 13 -1
5.65547466 -3.1361084 4.51442452 31 180 181 13 -1
5.42040062 -2.88144445 4.50008605 22 172 176 25 -1
5.91013908 -2.45047522 4.56480214 25 174 177 13 -1
6.0080862 -2.47006464 4.57089973 30 182 182 13 -1
6.06685448 -2.27416992 4.59715001 24 173 177 -1 -1
6.20398045 -2.07827473 4.60600785 24 176 177 -1 -1
6.36069775 -1.98032713 4.62833729 28 179 180 -1 -1
6.10603428 -1.78443193 4.61711793 23 176 177 13 -1
6.43905544 -1.92155838 4.63043313 27 174 178 -1 -1
6.45864582 -1.80402136 4.64314981 28 176 177 -1 -1
6.55659199 -1.72566366 4.6571872 29 170 179 -1 -1
6.65454006 -1.62771606 4.66832113 28 156 178 -1 -1
6.63494968 -1.3730526 4.69054519 26 166 177 -1 -1
6.71330929 -1.3730526 4.68743225 27 153 176 -1 -1
6.79166698 -1.2555151 4.70699173 25 143 177 -1 -1
7.0855093 -1.07920933 4.73213559 24 75 163 -1 -1
7.12468815 -0.981262207 4.74079724 22 59 153 -1 -1
7.24222469 -0.90290451 4.76493357 28 67 155 -1 -1
7.06591892 0.0178031921 4.782302 30 89 169 -1 -1
-0.0646619797 0.703435898 4.22970757 67 186 127 27 -1
-0.358504295 1.42824745 4.2332966 117 158 73 16 -1
-0.299736023 1.50660515 4.23915456 107 157 80 16 -1
-0.378093719 1.76126957 4.25183794 126 133 54 16 -1
-0.260557175 1.80044842 4.25772797 103 164 85 16 -1
-0.809062958 2.70156574 4.26006323 133 161 62 -1 -1
0.307538986 0.566308975 4.25036597 138 181 46 27 -1
0.444665909 0.683846474 4.26794881 161 162 27 27 -1
0.22918129 1.25194168 4.27268522 68 182 128 27 -1
0.190001488 1.6633215 4.28570455 66 169 126 -1 -1
1.4829092 1.50660515 4.38830525 147 82 32 27 -1
0.22918129 1.82003784 4.294763 102 155 93 -1 -1
1.46331978 1.93757439 4.40099252 119 47 24 3 -1
3.06966019 0.625077248 4.48678485 163 79 21 18 -1
2.81499577 1.48701572 4.49742439 176 156 27 20 -1
3.38309193 1.64373207 4.55381608 179 92 34 -1 -1
4.1274929 0.958099365 4.57861264 152 70 25 -1 -1
4.1274929 1.23235226 4.58775784 151 71 22 13 -1
4.14708328 1.70250034 4.62407196 169 139 27 24 -1
2.91294384 2.01593304 4.53684241 153 170 36 12 -1
2.95212269 2.36854362 4.56074104 106 199 96 12 -1
4.51928329 2.29018593 4.67188214 147 194 50 24 -1
5.38122177 0.625077248 4.66413426 26 176 177 13 -1
5.2440958 1.70250034 4.71123294 15 157 167 -1 -1
0.949121475 -1.99991655 4.18565525 166 195 36 8 -1
4.77394676 -2.14593029 4.49880767 66 215 164 13 -1
1.36537266 -1.69345379 4.23521363 80 185 125 27 -1
1.431077 -1.72566366 4.23916691 50 162 134 27 -1
1.6788044 -1.5947237 4.26619068 14 158 164 27 -1
1.56991768 -1.27510452 4.27242323 30 166 151 27 -1
1.50249863 -0.781864166 4.29046363 53 170 129 27 -1
0.795889854 -0.589471817 4.24055381 169 189 23 -1 -1
1.24783516 -0.450741768 4.28504603 122 184 73 -1 -1
1.09111881 -0.259049416 4.28113228 168 208 58 -1 -1
0.405486107 0.145482063 4.24316454 165 195 37 8 -1
0.170412064 0.379794121 4.23473818 122 180 65 8 -1
1.11070919 0.0110616684 4.295742 153 184 38 18 -1
1.30073357 0.174518585 4.319497 134 158 43 27 -1
1.11310959 0.527130127 4.3207229 173 108 35 -1 -1
2.57992172 -0.169513702 4.41005429 209 186 42 -1 -1
2.81499577 -1.11179447 4.38448624 176 193 40 13 -1
2.93406963 -0.256450653 4.43552441 183 166 42 4 -1
3.42105961 -0.589471817 4.46029812 182 168 25 13 -1
2.89335442 0.0708608627 4.44783273 197 179 44 -1 -1
3.1792593 0.527130127 4.49367349 161 74 15 -1 -1
3.82556915 0.154929161 4.52990205 196 156 48 1 -1
3.69652367 0.379722595 4.52989394 178 99 34 1 -1
3.95710373 -0.11932373 4.52774363 189 168 43 1 -1
4.65641022 -0.171138763 4.58379228 156 191 47 13 -1
4.44346428 0.0961608887 4.57880215 203 216 70 13 -1
4.51769066 -0.0801448822 4.57654975 188 186 42 13 -1
5.53793812 -3.08292294 4.51776746 26 177 179 13 -1
5.55238342 -2.62678099 4.54087912 20 164 172 -1 -1
5.87095928 -2.43916225 4.57655491 27 182 181 -1 -1
6.11524677 -2.09786415 4.61339146 27 178 179 13 -1
6.3160181 -1.88237953 4.64054425 26 179 180 -1 -1
6.18902493 -1.62771606 4.6421422 25 176 178 13 -1
6.63494968 -1.48732853 4.68621006 28 164 177 -1 -1
6.73289776 -1.23390007 4.70657779 25 153 179 -1 -1
7.10509968 -0.929474831 4.75235112 26 71 160 -1 -1
5.21858501 0.468361855 4.66155686 24 179 174 13 -1
6.98470783 -0.471935272 4.76424311 26 108 171 -1 -1
-0.271146774 0.644667625 4.21049513 60 180 130 16 -1
-0.0231466293 0.723025322 4.23501689 75 183 117 27 -1
-0.583120346 1.78085899 4.23893714 146 85 17 12 -1
-0.123430252 1.40970039 4.25959443 57 150 128 27 -1
-0.240967751 1.57005882 4.25745566 93 155 91 16 -1
-0.573988914 1.78789902 4.24003955 146 94 20 12 -1
-0.103840828 1.96310806 4.28780708 67 180 127 27 -1
0.0437669754 2.15305901 4.30928368 128 198 134 -1 -1
-0.566864014 2.62320805 4.28074483 145 103 31 15 -1
0.268360138 0.601234436 4.25356995 135 183 55 27 -1
0.289731979 0.76220417 4.26308818 139 179 48 27 -1
0.895665169 0.938509941 4.32227449 142 71 34 -1 -1
0.268360138 1.25624466 4.28502146 66 171 116 27 -1
0.679739952 1.40796852 4.32674201 141 108 37 27 -1
0.503434181 1.68212605 4.3251482 149 131 56 27 -1
0.856044769 1.7549715 4.35816188 124 40 15 27 -1
1.37769318 1.42824745 4.3861391 120 42 12 27 -1
1.77675247 1.43153763 4.41970103 161 102 26 12 -1
1.7711792 1.78085899 4.43600781 122 45 24 27 -1
2.18813229 1.4267807 4.45390787 170 137 24 -1 -1
0.200881958 1.80044842 4.30550402 98 174 109 27 -1
0.44227314 1.85921669 4.32853194 141 100 41 -1 -1
1.25891304 2.42731285 4.42416835 217 126 90 12 -1
1.47628117 1.91798496 4.41790722 109 32 18 3 -1
1.69839382 1.86918736 4.43415643 115 42 22 27 -1
3.05836582 0.566308975 4.48543513 167 86 21 28 -1
3.72704792 0.605487823 4.54328956 157 60 35 1 -1
3.22637558 1.2757473 4.53356365 132 42 18 -1 -1
2.83089352 1.70250034 4.52095047 169 152 21 -1 -1
3.35569 1.44783688 4.55265133 137 37 17 -1 -1
3.42227077 1.64641285 4.56775957 183 98 43 -1 -1
3.9312191 0.683846474 4.56414259 164 78 50 -1 -1
4.18055058 0.997278214 4.6000633 149 70 22 13 -1
5.10696888 0.617808342 4.65938979 33 189 182 13 -1
4.0745306 1.36947918 4.60906062 179 105 53 13 -1
4.49969387 1.53802013 4.65274244 98 176 91 13 -1
4.91107368 1.6543026 4.6927612 22 166 164 13 -1
2.6640625 2.03552246 4.52297626 179 205 73 12 -1
2.75790882 2.13346958 4.53553493 145 214 86 12 -1
3.06966019 2.18278694 4.56399868 145 188 54 28 -1
3.32432365 2.22478867 4.58733251 157 170 30 12 -1
3.76424408 2.70156574 4.64705011 138 174 37 -1 -1
4.06688023 2.07470131 4.64228275 175 172 24 24 -1
4.53887272 2.29703236 4.69246732 149 198 52 24 -1
4.28420925 2.53918552 4.68277771 165 190 29 -1 -1
4.60901833 2.66238689 4.71588214 145 178 37 24 -1
2.56106567 3.09335613 4.56514854 24 163 159 12 -1
3.32432365 3.19785404 4.63405601 24 162 155 28 -1
5.204916 0.703298569 4.67169359 23 178 176 13 -1
5.49338531 0.820972443 4.70149073 27 178 177 13 -1
5.4008112 1.68871212 4.73540775 14 156 167 13 -1
5.96890736 1.8186903 4.78920235 20 165 171 13 -1
0.993171692 -2.03909588 4.18931046 149 181 38 -1 -1
4.79353619 -2.17622232 4.50593376 63 210 162 -1 -1
1.24783516 -1.76484251 4.2300314 124 202 92 -1 -1
1.22824574 -0.72659874 4.27695352 129 181 66 27 -1
1.44373035 -1.58853674 4.254808 49 159 138 27 -1
1.4829092 -0.863724709 4.29019943 55 174 134 27 -1
1.22824574 -0.628650665 4.27656978 126 182 64 -1 -1
1.11070919 -0.236861229 4.30197261 165 204 62 18 -1
0.32712841 0.27246666 4.25467816 150 190 45 -1 -1
1.24783516 -0.0605554581 4.3196669 119 186 73 27 -1
1.42414093 -0.609061241 4.30094912 66 173 114 27 -1
2.79540634 -1.0596199 4.40447004 184 193 41 13 -1
3.10883904 -0.197681427 4.46655983 173 149 28 -1 -1
3.05006981 0.0178031921 4.46790275 203 184 53 4 -1
3.81406116 0.0373926163 4.53249703 171 135 20 1 -1
3.71611404 0.507540703 4.54742158 171 77 41 1 -1
4.46051502 -0.217270851 4.5839525 175 168 26 -1 -1
4.65641022 -0.11932373 4.59816687 147 168 41 13 -1
4.28420925 0.390003204 4.58839086 211 191 59 13 -1
5.47916985 -3.25364542 4.50643495 29 183 180 13 -1
5.49875927 -3.1165185 4.52255458 25 179 182 13 -1
5.63588524 -2.58760214 4.56246727 25 169 175 -1 -1
5.83178043 -2.43088579 4.57983448 26 176 177 -1 -1
5.92972851 -2.35252762 4.58716772 27 180 178 -1 -1
6.04726505 -2.17622232 4.61026796 26 180 178 13 -1
6.0864439 -2.0586853 4.62887772 31 182 181 13 -1
5.71424389 -1.84320068 4.61064389 24 174 176 13 -1
6.02767563 -1.70607376 4.63727623 51 196 191 13 -1
6.26274967 -1.92155838 4.63836592 30 186 181 -1 -1
6.18439198 -1.80402136 4.64463941 27 180 179 -1 -1
6.26274967 -1.72566366 4.66123804 28 182 180 -1 -1
6.3215189 -1.64730549 4.66994759 30 184 180 -1 -1
6.39987659 -1.60812664 4.67236735 31 183 183 -1 -1
6.49782467 -1.56894732 4.68470679 30 176 182 -1 -1
6.47823429 -1.49058914 4.68808353 28 178 179 -1 -1
6.63494968 -1.47099972 4.69033484 27 164 178 -1 -1
6.55659199 -1.31428337 4.7004246 28 173 179 -1 -1
6.71330929 -1.21633625 4.70588256 26 154 178 -1 -1
6.81125546 -1.13797855 4.72827795 26 137 176 -1 -1
6.96797276 -1.13797855 4.73975306 27 103 171 -1 -1
6.98756123 -0.961672783 4.75221873 27 99 171 -1 -1
7.02674007 -0.961672783 4.75447593 36 96 172 -1 -1
7.04633045 -0.844135284 4.7653406 27 90 170 -1 -1
5.57711697 0.468361855 4.70692732 36 187 184 13 -1
6.90920353 -0.0605554581 4.79445213 28 119 174 -1 -1
7.14427853 0.115750313 4.82514239 26 71 163 -1 -1
0.111643791 0.76220417 4.26369156 95 189 96 27 -1
-0.260557175 1.29112148 4.25090038 83 161 106 16 -1
0.111643791 1.42824745 4.29093404 47 182 161 27 -1
-0.319325447 1.60455322 4.26237098 118 151 68 16 -1
-0.397683144 1.85921669 4.27120911 138 155 61 -1 -1
-0.143019676 2.03552246 4.30662801 67 176 122 27 -1
-0.789473534 2.56443882 4.27100872 140 154 46 15 -1
-0.515220642 2.64279747 4.29349756 144 93 29 15 -1
-0.495631218 2.58402824 4.29834072 139 96 29 15 -1
0.32712841 0.66425705 4.27704408 141 175 45 27 -1
0.444665909 0.605487823 4.28594626 162 171 30 27 -1
0.993171692 0.899331093 4.33610735 125 41 23 27 -1
0.131233215 1.31071091 4.28893374 53 191 162 27 -1
0.523023605 1.74168015 4.3376222 138 101 40 27 -1
2.5603323 0.860152245 4.47612154 173 173 20 18 -1
2.16854191 1.48701572 4.46629828 172 130 24 -1 -1
1.28701401 2.66238689 4.44812495 173 103 27 -1 -1
3.245965 0.644667625 4.52247053 203 117 73 18 -1
2.89335442 1.42824745 4.51594935 182 130 37 12 -1
3.3635025 1.4674263 4.55549046 140 39 14 -1 -1
3.83365059 1.70250034 4.6069355 172 91 20 -1 -1
3.91200829 1.15399456 4.60187513 157 96 69 -1 -1
4.18626213 1.21276283 4.62291412 164 91 33 13 -1
4.10790348 1.76126957 4.6489696 179 150 30 24 -1
2.63869095 1.97675419 4.52642582 167 194 59 -1 -1
3.18719673 2.13346958 4.58030787 157 175 34 12 -1
4.1274929 2.21182823 4.66976039 173 186 24 -1 -1
4.75435734 2.99540806 4.75917152 129 186 71 24 -1
5.42040062 0.899331093 4.71533639 26 180 179 13 -1
0.935352325 -2.03909588 4.20221085 163 191 35 8 -1
4.57979774 -2.21540117 4.49880975 53 201 154 13 -1
5.12083912 -2.0586853 4.55162354 38 187 167 13 -1
1.21794796 -1.72566366 4.24091601 131 203 91 -1 -1
1.33854008 -0.90290451 4.29051666 94 186 103 27 -1
1.38496208 -1.66228437 4.25793949 66 174 127 27 -1
1.69839382 -1.59576988 4.28736964 15 157 164 27 -1
1.41680717 -0.90290451 4.29706814 55 160 120 27 -1
0.63644886 -0.158502579 4.26749073 169 187 23 -1 -1
1.16947746 -0.606987953 4.29057395 144 187 53 18 -1
0.797276497 -0.14173317 4.28175829 164 177 18 27 -1
1.36253357 -0.276040077 4.32262511 77 174 106 27 -1
0.405486107 0.162045479 4.26354929 162 196 38 -1 -1
0.32712841 0.251264572 4.26127424 147 186 40 8 -1
0.973068237 -0.0213766098 4.30225238 160 171 20 27 -1
1.18906689 -0.00418949127 4.32115819 138 179 49 27 -1
1.01269817 0.233287811 4.31779784 170 154 20 -1 -1
1.25996685 0.390003204 4.34602087 160 130 24 -1 -1
2.61445141 -0.256450653 4.42835965 189 171 42 4 -1
2.80224419 -1.11838913 4.40269162 176 193 40 13 -1
2.68825531 -0.236861229 4.43547816 187 167 40 4 -1
3.38083458 -0.628650665 4.4746392 184 177 27 13 -1
2.63869095 -0.0823116302 4.43875027 213 205 69 -1 -1
3.15586948 0.0569820404 4.48873002 211 199 68 18 -1
3.81406116 -0.024230957 4.53992548 174 141 20 1 -1
3.69652367 0.351561546 4.54813117 169 86 23 1 -1
3.99036694 -0.328005791 4.54009716 174 153 20 1 -1
4.34912586 -0.256450653 4.57356354 178 163 28 -1 -1
4.64085579 -0.0997343063 4.60550831 146 167 37 13 -1
4.43105888 0.135339737 4.59923441 186 180 39 13 -1
4.51928329 -0.0091753006 4.59968023 192 188 42 13 -1
5.3970232 -2.88144445 4.53523573 24 174 177 25 -1
5.71916771 -2.54842281 4.57819202 24 173 176 -1 -1
5.87095928 -2.30964327 4.60236343 28 182 181 13 -1
5.22450542 -1.96342945 4.56487499 39 200 173 13 -1
6.04726505 -1.84323406 4.63951689 22 176 178 -1 -1
6.22357082 -1.83474779 4.65468235 30 184 179 -1 -1
6.29922581 -1.60812664 4.6718968 28 181 180 13 -1
6.57301998 -1.27510452 4.71080588 32 175 181 -1 -1
6.94838238 -1.08197784 4.75149955 24 103 173 -1 -1
7.1634016 -0.765777588 4.78468104 30 81 167 -1 -1
5.51834869 0.379843712 4.70198816 25 175 178 13 -1
7.02674007 -0.617320061 4.78037001 25 90 168 -1 -1
6.98756123 -0.0409574509 4.80476557 24 100 170 -1 -1
-0.260557175 0.712513924 4.23422875 73 188 127 -1 -1
0.000198364258 0.742614746 4.25750108 72 182 118 27 -1
-0.562466621 1.62414265 4.25273041 144 101 25 22 -1
-0.388489723 1.44783688 4.2588278 123 149 58 16 -1
-0.359345436 1.50660515 4.26408924 126 151 61 16 -1
-0.145070076 1.5849638 4.28578806 66 158 120 27 -1
-0.40461731 1.85921669 4.27723096 141 164 63 -1 -1
-0.0978527069 2.09429073 4.31419673 70 175 122 27 -1
-0.94618988 2.61227131 4.26805699 123 169 63 -1 -1
-0.652347565 2.61943817 4.2929977 146 128 35 15 -1
-0.495631218 2.65645409 4.30789329 141 92 28 15 -1
0.252641678 0.840561867 4.28333539 131 193 71 27 -1
0.389084816 0.958099365 4.30040037 149 198 63 27 -1
0.867728233 0.977688789 4.34140665 144 72 29 -1 -1
1.10031033 0.958099365 4.35993471 111 45 22 12 -1
0.464255333 1.32767391 4.32443844 98 157 82 27 -1
0.380344391 1.70250034 4.3354125 110 127 66 27 -1
1.32619381 1.35869312 4.39807791 118 46 17 27 -1
2.59951115 0.733978271 4.4746663 170 159 19 28 -1
1.56126785 1.43484783 4.42141189 138 65 18 -1 -1
1.42414093 1.49905968 4.4130167 131 49 19 27 -1
1.95305729 1.67281914 4.46563392 148 76 26 12 -1
2.14895248 1.48536396 4.47303066 169 124 23 -1 -1
2.61645603 1.60455322 4.51788694 176 174 24 28 -1
0.425075531 1.84756851 4.34612251 148 116 47 -1 -1
0.895224571 1.80953121 4.38365071 126 43 19 27 -1
1.26742458 2.66654968 4.45595765 171 104 24 -1 -1
1.6538105 1.97675419 4.45517895 113 39 28 27 -1
1.46144962 2.52525997 4.46541456 135 51 16 27 -1
3.01089096 0.652950287 4.50521084 236 151 100 18 -1
3.67693424 0.580690384 4.55749344 183 88 51 1 -1
3.81406116 0.906453133 4.58461397 197 101 102 -1 -1
2.99130154 1.35421276 4.53724347 166 100 31 12 -1
2.87376499 1.7582531 4.5468056 175 165 29 12 -1
3.35393715 1.42824745 4.57115341 133 36 15 -1 -1
3.38309193 1.66490555 4.58495743 190 113 54 -1 -1
3.87282944 1.66702747 4.62605363 159 75 15 -1 -1
4.04913521 0.726559639 4.59565333 164 68 29 -1 -1
3.90662575 1.13440514 4.60330778 156 91 64 -1 -1
3.89784241 1.23235226 4.60727566 149 78 58 -1 -1
4.4006958 1.17358398 4.646546 129 143 56 13 -1
4.19262981 1.5849638 4.64888263 164 132 26 -1 -1
4.81312656 1.58819199 4.70097738 34 179 160 13 -1
2.89335442 1.8647337 4.55355823 166 171 30 12 -1
3.08616352 2.05511189 4.578839 160 171 33 12 -1
3.06966019 2.12115097 4.58062854 152 182 45 12 -1
3.2937746 2.19223881 4.60280183 154 164 28 12 -1
3.81406116 2.57480812 4.66472307 153 176 29 12 -1
4.06886387 1.93757439 4.65545383 173 162 24 24 -1
4.38215733 2.25337791 4.69684247 181 218 62 24 -1
4.05526543 2.60361862 4.68629687 159 177 23 -1 -1
4.56467247 2.50567055 4.72423451 144 177 36 24 -1
2.54948235 3.07376671 4.58282775 33 168 155 12 -1
3.28514481 3.20101833 4.65051785 23 166 156 -1 -1
5.204916 0.714827538 4.6918366 23 177 176 13 -1
5.51265049 0.801383018 4.72175216 26 180 181 13 -1
5.34204292 1.69455242 4.75035832 14 154 166 13 -1
5.91013908 1.8251667 4.80418346 18 162 170 13 -1
1.13029861 -1.98032713 4.23094024 120 166 56 27 -1
0.993171692 -1.94114828 4.2194252 161 189 35 -1 -1
1.34578323 -1.68648434 4.25383269 82 171 109 27 -1
1.42414093 -1.80402136 4.26621498 56 175 143 27 -1
1.65921497 -1.41223145 4.29612455 31 178 164 27 -1
0.856044769 -0.589471817 4.28001778 164 179 18 27 -1
1.28701401 -0.471935272 4.30785579 102 182 90 27 -1
0.405486107 0.174518585 4.27210185 165 197 37 -1 -1
0.385896683 0.331234932 4.28171503 149 179 35 27 -1
0.993171692 0.0765714645 4.32154726 167 168 19 -1 -1
1.26742458 0.37041378 4.34926267 155 132 25 -1 -1
2.75622749 -0.883314133 4.41753064 180 165 28 -1 -1
3.52021885 -0.72659874 4.48454935 183 173 28 13 -1
3.12842846 -0.236861229 4.49182433 181 156 25 13 -1
2.89335442 0.0961608887 4.48325109 175 153 22 -1 -1
3.79447174 -0.0213766098 4.55003567 175 147 25 1 -1
3.75529289 0.350824356 4.56058542 187 112 46 1 -1
4.14708328 -0.315218925 4.55559651 183 161 26 -1 -1
4.49969387 -0.217270851 4.58937685 173 174 27 -1 -1
4.57805157 -0.138913155 4.60206637 170 181 38 13 -1
4.28420925 0.331234932 4.6082693 198 183 60 13 -1
5.204916 -3.31241369 4.51780657 27 180 178 13 -1
5.3224535 -3.25364542 4.51416501 26 181 180 14 -1
5.30286407 -3.17528725 4.5238399 25 178 179 13 -1
5.43999004 -3.05775023 4.53367213 24 177 179 13 -1
5.53793812 -2.58760214 4.57452639 22 174 175 13 -1
5.69465446 -2.50924397 4.58601981 26 177 178 -1 -1
5.51834869 -1.99991655 4.60531303 21 176 175 -1 -1
5.79260159 -2.2349906 4.61772715 28 186 181 13 -1
5.83178043 -2.137043 4.61906652 30 187 181 13 -1
5.77301216 -2.11745358 4.62028345 33 187 181 13 -1
5.85136986 -2.01950598 4.62931883 28 181 179 13 -1
6.02767563 -2.01950598 4.63737724 27 179 179 13 -1
5.55752754 -1.92155838 4.60737117 34 188 181 -1 -1
5.63588524 -1.86279011 4.61918588 27 178 179 13 -1
5.75342274 -1.62771606 4.63650691 29 186 182 13 -1
5.85136986 -1.86279011 4.63345637 25 174 175 -1 -1
5.94931793 -1.82361126 4.64792629 26 177 177 -1 -1
5.96890736 -1.70607376 4.65753299 28 182 179 -1 -1
6.20398045 -1.86279011 4.65778712 31 182 181 -1 -1
6.04726505 -1.52976847 4.66592009 31 181 182 13 -1
6.0864439 -1.58853674 4.66850064 27 178 177 13 -1
6.30192852 -1.58853674 4.67420427 27 180 179 13 -1
6.36069775 -1.51017904 4.70056917 31 186 181 -1 -1
6.39987659 -1.51017904 4.69003378 31 184 181 -1 -1
6.45864582 -1.27510452 4.71632865 29 179 181 -1 -1
6.53700352 -1.19674683 4.72289845 30 175 179 -1 -1
6.57618237 -1.11838913 4.73550134 29 175 181 -1 -1
6.65454006 -1.04003048 4.73791031 33 170 180 -1 -1
6.65454006 -1.00085163 4.74402586 27 167 179 -1 -1
6.79166698 -1.02044106 4.74908102 32 153 183 -1 -1
6.83084583 -0.922493935 4.76406935 30 138 177 -1 -1
6.75248814 -0.863724709 4.76155099 30 155 180 -1 -1
6.87002468 -0.844135284 4.77279274 30 132 178 -1 -1
6.94838238 -0.765777588 4.77519402 27 110 172 -1 -1
7.14427853 -0.82454586 4.79219558 30 73 163 -1 -1
6.81125546 -0.687419891 4.77246197 26 144 178 -1 -1
6.88961506 -0.628650665 4.78779689 25 123 173 -1 -1
6.87002468 -0.138913155 4.8055385 31 125 177 -1 -1
7.10509968 -0.687419891 4.80006278 32 92 171 -1 -1
7.02674007 -0.33480835 4.8107629 26 104 174 -1 -1
6.98756123 -0.0801448822 4.81321984 26 105 173 -1 -1
7.24222469 0.390003204 4.8599033 30 57 143 -1 -1
-0.0254831314 0.683846474 4.2583822 73 185 117 27 -1
0.0528755188 0.840561867 4.28198017 93 212 128 27 -1
-0.143019676 0.899331093 4.25668082 69 191 137 27 -1
-0.358504295 1.31071091 4.27049764 108 172 92 -1 -1
0.0920543671 1.40865803 4.31528064 46 190 163 27 -1
0.0920543671 1.48701572 4.30434987 54 194 167 27 -1
-0.123430252 2.07470131 4.31997949 67 177 123 27 -1
-0.789473534 2.5448494 4.2903146 143 153 39 15 -1
-0.495631218 2.5448494 4.30618601 148 122 37 15 -1
0.307538986 0.66425705 4.28468547 141 179 46 27 -1
0.150822639 0.860152245 4.29323111 106 203 101 27 -1
0.483844757 1.05604649 4.32219556 142 160 49 27 -1
0.190001488 1.21276283 4.29767478 62 189 138 -1 -1
0.523023605 1.74168015 4.35017637 144 108 42 27 -1
2.54074287 0.879741669 4.48376036 178 190 28 18 -1
2.34484768 1.13440514 4.48213325 170 167 18 28 -1
2.14895248 1.4674263 4.47804589 170 126 23 -1 -1
0.346717834 1.80044842 4.34163343 125 124 59 27 -1
1.62003613 2.05511189 4.45977355 111 37 30 3 -1
3.01089096 0.66425705 4.52272535 234 151 102 18 -1
3.53980827 0.625077248 4.54982676 162 60 23 -1 -1
3.65734482 0.625077248 4.57371871 143 47 20 1 -1
3.85324001 0.899331093 4.59629577 180 102 84 -1 -1
2.89335442 1.54578495 4.54714491 210 184 66 20 -1
3.79447174 1.40865803 4.62622682 146 57 29 -1 -1
3.69652367 1.56537437 4.61270599 171 86 52 1 -1
4.18626213 0.644667625 4.61332855 192 128 46 13 -1
4.04913521 0.781793594 4.60910585 150 53 20 -1 -1
4.20585155 1.07563686 4.62633039 171 107 38 13 -1
4.20585155 1.23235226 4.63354352 162 101 33 13 -1
4.00995636 1.52619553 4.63462166 197 140 72 13 -1
4.59764194 1.50660515 4.68973972 72 179 118 13 -1
2.71704865 2.11388016 4.56495224 137 185 65 12 -1
3.67693424 2.29018593 4.65799724 173 181 25 12 -1
4.04913521 2.13346958 4.68163556 177 176 23 24 -1
4.51928329 2.74074459 4.73205451 150 175 31 24 -1
5.36163235 0.918920517 4.7148043 26 178 180 13 -1
7.22263622 0.644667625 4.87477188 28 55 137 -1 -1
0.965263367 -2.07827473 4.22242278 152 186 38 8 -1
4.47367668 -2.2545805 4.50763486 53 205 164 13 -1
4.75435734 -2.20631647 4.5334472 57 205 167 -1 -1
0.953992844 -1.95949125 4.22718296 159 185 32 -1 -1
1.18906689 -1.71353531 4.25867026 139 202 74 18 -1
1.31358433 -1.2555151 4.29108588 108 195 100 27 -1
1.23657131 -0.765777588 4.30815501 129 179 63 27 -1
1.39523697 -1.51017904 4.2856926 69 172 123 27 -1
1.58519459 -1.31428337 4.31099961 25 163 152 27 -1
1.52208805 -0.805752754 4.33013519 54 175 132 27 -1
0.7189188 -0.167238235 4.29356397 170 184 22 27 -1
1.20865631 -0.593604088 4.31408556 123 176 57 -1 -1
0.816865921 -0.133265495 4.30339407 166 184 20 27 -1
1.09111881 -0.219412804 4.32221436 160 198 58 18 -1
0.366307259 0.153058052 4.27942763 164 203 39 8 -1
0.660150528 0.142595291 4.3035219 169 179 21 27 -1
0.350365639 0.409592628 4.29041119 154 189 40 27 -1
0.777687073 0.117371559 4.31214933 168 179 19 27 -1
1.14988804 -0.0142326355 4.33698583 146 181 44 27 -1
0.978917122 0.27246666 4.33644081 168 144 16 -1 -1
1.27025127 0.44877243 4.36929307 154 111 24 -1 -1
1.36682892 -0.236861229 4.34445532 81 179 108 27 -1
2.75622749 -1.11638165 4.41852553 170 182 33 13 -1
2.75622749 -0.835691452 4.43200338 191 181 40 4 -1
2.87376499 -0.338108063 4.46573443 195 179 47 -1 -1
3.17350388 -0.11932373 4.50132991 180 158 34 -1 -1
3.57898712 -0.676817894 4.50850248 180 160 24 13 -1
2.93253326 0.118152618 4.49256191 176 148 24 18 -1
3.19972706 0.507540703 4.533625 163 79 18 13 -1
3.8670435 0.0961608887 4.56973072 204 176 60 1 -1
3.59857655 0.421850204 4.5628968 178 94 29 1 -1
4.08831406 -0.360882759 4.56630676 175 158 22 21 -1
4.38215733 -0.27419281 4.59506599 180 159 25 -1 -1
3.93689537 -0.0801448822 4.56711214 195 179 49 1 -1
4.29458618 0.292056084 4.61492517 203 196 73 13 -1
4.68047523 -0.0801448822 4.62935477 150 188 50 13 -1
5.36738491 -3.05775023 4.54387858 25 177 179 25 -1
5.55752754 -2.54677343 4.58433027 21 174 177 13 -1
5.74246883 -2.1566329 4.61854441 32 188 183 13 -1
5.79260159 -1.98865652 4.63080655 24 177 177 13 -1
5.59670639 -1.94399691 4.61655322 25 183 179 -1 -1
5.63588524 -1.63657856 4.634594 66 233 221 13 -1
5.93388462 -1.82361126 4.65055783 28 180 177 -1 -1
6.02207184 -1.62771606 4.66734596 27 183 180 13 -1
6.35285473 -1.51017904 4.70067846 32 184 183 -1 -1
6.39524555 -1.41223145 4.70892998 30 186 181 -1 -1
6.65454006 -0.940838814 4.75326945 30 170 181 -1 -1
5.38122177 0.355796814 4.70894448 27 180 178 13 -1
5.56699753 0.507540703 4.73178142 26 176 180 13 -1
6.92221355 -0.491524696 4.79725015 33 126 178 -1 -1
6.98964596 -0.11932373 4.8207666 26 106 174 -1 -1
7.01212788 -0.0997343063 4.82358911 26 98 172 -1 -1
7.10509968 0.141503334 4.84295494 26 76 166 -1 -1
7.35976315 0.483580589 4.88069744 28 52 128 -1 -1
0.0957012177 0.566308975 4.27661909 104 189 86 27 -1
-0.299736023 0.868028641 4.25800595 80 173 110 11 -1
-0.0842514038 0.933499336 4.27918716 68 195 142 27 -1
-0.362839699 1.31071091 4.27397995 112 173 87 -1 -1
-0.0842514038 1.27795219 4.29572669 37 144 140 27 -1
-0.182198524 1.50352669 4.29835923 78 154 110 27 -1
-0.534810066 1.81789017 4.28393801 154 115 30 22 -1
-0.135462761 1.97675419 4.3249942 67 174 122 27 -1
-0.0254831314 2.17210579 4.3435804 93 172 114 27 -1
-0.86783123 2.7190485 4.29933266 121 177 75 -1 -1
-0.652347565 2.78427315 4.32050197 131 99 36 -1 -1
0.191918373 0.625077248 4.28749497 122 195 77 27 -1
0.483107567 0.585898399 4.30998822 166 167 27 27 -1
0.402283669 1.01686764 4.32391649 131 183 66 27 -1
1.16112232 0.585898399 4.3667426 153 80 26 -1 -1
1.04436207 1.07563686 4.38048467 112 42 22 12 -1
0.305247307 1.21276283 4.32520016 78 166 102 27 -1
0.15486145 1.68291092 4.33518687 63 170 130 -1 -1
1.18433285 1.4674263 4.41101364 118 30 14 -1 -1
1.36537266 1.67671967 4.43621749 130 45 24 -1 -1
2.57992172 0.975444794 4.5042104 171 163 18 12 -1
1.89428902 1.3098402 4.46287495 171 125 21 12 -1
1.38768673 1.70250034 4.43932323 130 44 21 -1 -1
2.28607941 1.18043041 4.48945659 175 168 22 20 -1
2.42068672 1.19317341 4.501336 178 182 27 -1 -1
2.06991673 1.64373207 4.49360859 167 109 28 -1 -1
0.290003777 1.85921669 4.35496483 116 111 54 -1 -1
1.34578323 2.37251091 4.4679874 141 60 23 3 -1
1.44373035 1.82481956 4.44988784 117 42 22 -1 -1
1.50249863 2.07925224 4.46702419 131 59 44 3 -1
1.38496208 2.41064358 4.47309795 138 53 20 27 -1
2.63869095 0.815153122 4.50143309 170 154 18 18 -1
3.09737587 0.625077248 4.53070125 158 66 18 18 -1
3.52021885 0.682912827 4.56887313 138 44 22 -1 -1
3.82130814 0.66425705 4.59318053 162 69 37 1 -1
3.81406116 0.93789959 4.60571335 195 102 102 -1 -1
3.05006981 1.2479744 4.55665096 156 85 38 12 -1
2.81499577 1.54746914 4.55135447 196 179 48 20 -1
3.18719673 1.55539036 4.58289054 176 105 42 28 -1
3.69652367 1.44171619 4.62006635 210 105 102 1 -1
3.34391308 1.67179871 4.6015983 193 123 47 -1 -1
3.77488232 1.55714893 4.6321682 149 54 21 -1 -1
3.93159866 0.695610046 4.60391806 158 66 34 -1 -1
4.0817194 0.801383018 4.62156305 180 93 44 -1 -1
3.94826698 1.07563686 4.62356098 151 78 54 -1 -1
4.4409256 1.0971365 4.66583216 132 163 68 13 -1
4.10872364 1.42824745 4.65392352 176 98 35 13 -1
3.93159866 1.58425331 4.64658788 221 142 80 -1 -1
4.0850153 1.76126957 4.66792964 179 145 27 24 -1
4.75435734 1.56069946 4.71432732 39 177 150 13 -1
2.87376499 1.92897797 4.57459269 161 179 34 12 -1
3.09813881 2.07470131 4.60037145 159 171 32 12 -1
3.06966019 2.1381464 4.60103403 152 184 48 12 -1
3.29803753 2.19223881 4.62274809 154 165 28 12 -1
3.65734482 2.40732956 4.66315249 172 192 31 12 -1
3.75529289 2.83182716 4.69173443 121 184 65 24 -1
4.04913521 2.13708305 4.6829716 177 176 23 24 -1
4.54967594 2.3489542 4.7350436 151 201 52 24 -1
4.33674526 2.58402824 4.72850738 159 182 27 24 -1
4.51928329 2.75150871 4.75182891 148 176 34 24 -1
2.97171211 3.14648819 4.64125248 11 154 165 -1 -1
3.52021885 3.29034519 4.69407373 36 168 141 -1 -1
5.55522633 0.546719551 4.73267733 27 175 177 13 -1
5.28582668 0.938509941 4.7289393 27 182 181 13 -1
5.47916985 1.65578175 4.77956453 16 158 169 13 -1
7.35976315 0.600471497 4.88631017 23 45 122 -1 -1
6.10603428 1.7934103 4.83864578 16 160 169 -1 -1
5.1265583 -3.35159302 4.52688905 30 182 180 13 -1
4.75435734 -2.19581175 4.54877933 63 202 159 13 -1
1.36537266 -1.90196896 4.27250556 64 172 130 27 -1
1.34578323 -1.39264202 4.3052889 76 166 111 27 -1
1.36537266 -0.922493935 4.31566873 79 175 108 27 -1
1.4829092 -1.78443193 4.28218099 39 159 151 27 -1
1.4829092 -0.883314133 4.33167824 56 178 139 27 -1
1.24783516 -0.491524696 4.33798413 117 188 81 27 -1
1.16947746 -0.236861229 4.34313439 136 191 61 -1 -1
0.366307259 0.194108009 4.2862987 153 182 35 -1 -1
0.366307259 0.487951279 4.29815077 149 177 39 27 -1
1.05193996 0.0178031921 4.33745199 164 187 31 -1 -1
1.32619381 0.0569820404 4.37203953 114 170 64 27 -1
2.71704865 -1.07920933 4.41854152 173 180 36 -1 -1
2.87376499 -0.922493935 4.43934015 187 189 36 -1 -1
2.65828037 -0.354397774 4.45410545 177 164 26 4 -1
3.245965 -0.0997343063 4.52781673 185 161 33 13 -1
3.83365059 -0.178092003 4.57261422 169 143 16 1 -1
3.22637558 0.135339737 4.53217921 254 204 102 13 -1
3.87282944 0.0178031921 4.58218627 199 179 53 1 -1
3.91200829 -0.354397774 4.57098231 178 164 24 1 -1
4.34297752 -0.354397774 4.60621808 198 183 42 -1 -1
4.40174675 -0.295629501 4.60478594 180 173 27 -1 -1
3.91200829 -0.0801448822 4.57387331 194 178 49 1 -1
4.28420925 0.350824356 4.63438025 211 191 60 13 -1
4.26461983 0.507540703 4.63306145 217 185 65 13 -1
4.53887272 0.115750313 4.63092006 213 223 67 13 -1
5.204916 -3.19487667 4.52919527 26 182 179 13 -1
5.26368523 -3.05775023 4.55218126 28 182 183 13 -1
5.38122177 -2.95980263 4.55002892 24 174 178 13 -1
5.47916985 -2.52883339 4.59422235 27 177 179 13 -1
5.57711697 -2.45047522 4.60081069 27 180 179 13 -1
5.67506504 -2.41129637 4.60875843 28 180 179 13 -1
5.71424389 -2.31334877 4.6152896 30 184 181 13 -1
5.75342274 -2.2545805 4.61589879 30 187 183 13 -1
5.53793812 -2.03909588 4.61844395 26 181 178 13 -1
5.71424389 -1.99991655 4.63055515 26 179 177 13 -1
5.4008112 -1.76484251 4.62149232 36 194 177 -1 -1
5.59670639 -1.86279011 4.62210809 30 185 181 13 -1
5.63588524 -1.72566366 4.64383285 29 182 180 13 -1
5.71424389 -1.52976847 4.65686952 37 193 187 13 -1
5.83178043 -1.96073771 4.63678945 26 178 176 13 -1
5.81219101 -1.76484251 4.6575574 27 179 179 -1 -1
5.79260159 -1.64730549 4.6560234 29 183 179 13 -1
5.85136986 -1.56894732 4.67419807 30 183 184 -1 -1
6.0080862 -1.56894732 4.67692695 31 186 185 13 -1
5.98849678 -1.3730526 4.68527804 27 175 176 13 -1
6.1648016 -1.45141029 4.69795096 29 183 181 13 -1
6.2431612 -1.43182087 4.69760588 28 181 179 -1 -1
6.36069775 -1.35346317 4.71729713 30 182 180 -1 -1
5.92972851 -1.15756798 4.69854483 37 187 181 13 -1
6.36069775 -1.27510452 4.72264276 29 184 180 -1 -1
6.41946507 -1.19674683 4.72825459 28 183 181 -1 -1
6.49782467 -1.0596199 4.74830854 30 180 180 -1 -1
6.61536121 -0.922493935 4.7597514 31 175 181 -1 -1
6.69371891 -0.746188164 4.77862609 30 167 180 -1 -1
5.47916985 0.331234932 4.7312476 28 178 180 13 -1
6.77207661 -0.609061241 4.77940421 25 151 176 -1 -1
6.92879391 -0.609061241 4.795703 28 113 174 -1 -1
6.8504343 -0.51111412 4.79669837 28 138 176 -1 -1
6.92879391 -0.452344894 4.80742705 27 119 177 -1 -1
6.94838238 -0.256450653 4.81688127 27 113 174 -1 -1
6.98756123 -0.158502579 4.82298522 28 110 174 -1 -1
7.12468815 -0.354397774 4.83536948 37 92 173 -1 -1
7.06591892 -0.217270851 4.83248357 27 100 174 -1 -1
7.14427853 -0.138913155 4.83671797 28 79 172 -1 -1
7.10509968 0.174518585 4.8606783 28 80 166 -1 -1
7.20304585 0.292056084 4.85884338 27 62 154 -1 -1
7.18345737 0.468361855 4.87629422 28 58 146 -1 -1
-0.299736023 0.66425705 4.26444826 66 181 128 16 -1
-0.0842514038 0.820972443 4.27528696 55 167 124 27 -1
-0.0450725555 0.918920517 4.28238846 64 188 135 27 -1
-0.378093719 1.31071091 4.28604403 108 165 83 -1 -1
-0.436862946 1.48701572 4.29148902 130 138 46 16 -1
-0.338914871 1.95716476 4.31098579 123 184 85 22 -1
-0.965779305 2.58402824 4.29310864 125 170 59 -1 -1
-0.985368729 2.74074459 4.30310614 107 185 88 12 -1
-0.417272568 2.5448494 4.33853822 140 106 41 16 -1
-0.182198524 2.50567055 4.36578517 122 109 48 26 -1
-0.1626091 2.66238689 4.36646225 134 76 27 26 -1
0.170412064 0.723025322 4.30668285 114 177 71 27 -1
0.190001488 1.15399456 4.3306691 75 199 135 27 -1
1.16947746 0.566308975 4.37732557 156 82 30 -1 -1
0.366307259 1.23235226 4.34657078 86 170 95 27 -1
2.57992172 0.723025322 4.4929655 170 163 18 28 -1
2.44279575 1.11481571 4.50421259 178 185 26 12 -1
2.14895248 1.31071091 4.49989218 182 149 28 -1 -1
2.20772171 1.52619553 4.50749662 209 171 51 -1 -1
1.28701401 2.68197632 4.48157156 170 105 26 -1 -1
1.77675247 2.29018593 4.51606251 120 55 40 3 -1
2.65828037 0.801383018 4.51868612 172 152 20 18 -1
2.65828037 0.879741669 4.51828681 227 218 86 18 -1
3.34391308 0.703435898 4.57223432 221 111 102 18 -1
3.59857655 0.566308975 4.57991741 148 54 20 1 -1
3.65734482 0.703435898 4.59320637 140 47 26 -1 -1
3.73570347 0.899331093 4.61638633 193 102 101 -1 -1
2.81499577 1.44783688 4.56090226 184 159 38 12 -1
2.95212269 1.72208977 4.57423411 183 163 30 20 -1
3.67693424 1.42824745 4.63683808 210 104 100 1 -1
3.65734482 1.54578495 4.62687458 227 114 102 1 -1
3.87282944 1.64373207 4.64554873 166 68 21 -1 -1
4.06872463 0.840561867 4.62768186 170 76 33 -1 -1
4.16667271 0.879741669 4.63784599 161 80 23 -1 -1
4.46051502 1.09522629 4.6712216 124 168 75 13 -1
4.3233881 1.25194168 4.67257247 142 120 40 13 -1
3.93159866 1.60455322 4.66115915 216 146 76 -1 -1
4.1274929 1.6633215 4.68239379 172 134 28 -1 -1
2.63869095 2.05511189 4.57232832 172 204 75 12 -1
3.20678616 2.11388016 4.61897851 159 175 34 12 -1
3.67693424 2.40772343 4.66865353 173 192 33 12 -1
4.1274929 2.23141766 4.69622515 172 186 24 -1 -1
4.06872463 2.62320805 4.71255216 156 178 28 -1 -1
5.55752754 0.625077248 4.75120936 25 174 175 13 -1
5.36163235 1.68291092 4.77480792 14 155 168 13 -1
7.22263622 0.546719551 4.88775271 26 53 138 -1 -1
7.3205843 0.644667625 4.89098547 26 50 126 -1 -1
7.34017277 0.605487823 4.88777794 23 43 122 -1 -1
7.04633045 1.11481571 4.90384346 26 61 145 -1 -1
7.26181507 1.11481571 4.91074205 25 48 123 -1 -1
0.0734825134 0.44877243 4.28870588 101 185 90 8 -1
1.12323761 -2.03909588 4.2571179 125 174 62 27 -1
4.42133617 -2.35898113 4.517831 40 193 166 -1 -1
4.59764194 -2.21143961 4.53967345 54 202 156 13 -1
1.13029861 -1.92019844 4.26341803 131 168 46 18 -1
1.26742458 -1.68132591 4.2863663 100 172 88 27 -1
1.20416069 -1.29469395 4.29963552 136 192 76 -1 -1
1.34578323 -0.939943314 4.32852427 79 170 105 27 -1
1.28701401 -0.8034935 4.33015678 97 167 80 27 -1
1.68254948 -1.66689491 4.32180797 17 162 168 27 -1
1.69117355 -1.45141029 4.33287674 20 161 157 -1 -1
1.38496208 -0.937966347 4.33189873 66 162 110 27 -1
0.738508224 -0.521044731 4.29780546 173 195 28 -1 -1
1.11814213 -0.667829514 4.32253523 153 190 37 18 -1
1.26742458 -0.501643181 4.34301091 102 166 76 27 -1
0.993171692 -0.136137009 4.33760454 161 177 20 -1 -1
0.346717834 0.0519304276 4.29252242 164 197 36 8 -1
0.483844757 0.0837192535 4.30552726 165 183 27 27 -1
0.287949562 0.233490944 4.29632108 143 182 43 8 -1
0.645383835 0.507540703 4.33939972 170 140 18 27 -1
1.01646137 0.0961608887 4.35070825 168 181 28 -1 -1
1.3422184 0.0765714645 4.37703568 113 171 66 27 -1
1.0728178 0.468361855 4.37329757 166 103 28 -1 -1
1.37781334 -0.530703545 4.3508558 81 176 106 27 -1
2.61910152 -0.289329529 4.46634996 184 167 37 4 -1
2.83256054 -1.11838913 4.44440911 168 188 39 13 -1
2.81499577 -0.814209938 4.45754453 190 179 39 -1 -1
3.58796787 -0.746188164 4.52551367 178 171 25 13 -1
2.95212269 -0.333390236 4.49211041 220 209 75 -1 -1
3.32432365 -0.616070747 4.50969271 185 168 26 13 -1
3.59857655 -0.700018883 4.52861859 182 171 27 13 -1
2.85417557 0.0883836746 4.50416382 173 150 21 -1 -1
3.03048038 0.499738693 4.53867367 213 164 83 28 -1
3.71611404 0.0166349411 4.5728687 179 151 24 1 -1
3.57586002 0.311645508 4.57529397 182 113 28 1 -1
3.73945141 0.409592628 4.59369078 184 101 44 1 -1
3.98748016 -0.256450653 4.58247117 192 177 52 1 -1
4.36325645 -0.354397774 4.60922305 192 184 42 -1 -1
4.34297752 0.184209824 4.63338779 173 160 25 13 -1
4.44163227 0.27246666 4.64588367 197 195 52 13 -1
4.57805157 0.0762434006 4.64788087 170 188 44 13 -1
5.30169773 -2.99898148 4.56079239 26 179 179 -1 -1
5.35719013 -2.31334877 4.59835938 28 182 179 13 -1
5.42040062 -2.24413824 4.60697379 29 187 181 13 -1
5.66898346 -2.07827473 4.63574608 30 184 181 13 -1
5.44343376 -1.92155838 4.62439108 29 182 176 13 -1
5.71424389 -1.78267384 4.65372849 27 182 178 13 -1
5.69210148 -1.3730526 4.67154373 55 213 204 13 -1
5.92972851 -1.55641127 4.68263041 31 188 182 13 -1
5.69882774 -1.33387375 4.67398801 35 190 192 13 -1
5.98369408 -1.15756798 4.70629888 31 182 180 13 -1
6.41946507 -1.10522556 4.74528915 31 180 181 -1 -1
5.4008112 0.33751297 4.7292967 26 179 178 13 -1
5.57926178 0.487951279 4.75145778 32 182 182 13 -1
6.81125546 -0.425340652 4.81073054 29 148 179 -1 -1
7.15090466 -0.315218925 4.84444915 29 78 171 -1 -1
7.0774107 0.213698387 4.86369414 37 90 173 -1 -1
7.1412344 0.487951279 4.88220536 32 66 148 -1 -1
-0.0865659714 0.585898399 4.2818931 66 177 118 27 -1
-0.36435318 0.997278214 4.2783936 96 166 91 11 -1
0.0425348282 0.899331093 4.30774974 71 184 118 27 -1
-0.240967751 1.22671032 4.29973839 67 157 119 27 -1
-0.0444688797 1.23235226 4.31645757 38 156 148 27 -1
-0.169376373 1.50660515 4.31917072 71 152 113 27 -1
-0.613167763 1.84705067 4.29836952 154 96 25 12 -1
-0.255839348 1.97675419 4.33450825 90 170 96 22 -1
0.0915307999 2.05511189 4.36734795 84 150 98 27 -1
-0.965779305 2.57976818 4.30403633 126 170 59 -1 -1
-0.907011032 2.7245636 4.31590824 113 181 81 -1 -1
-0.400536537 2.60361862 4.35249616 146 105 40 16 -1
-0.0808610916 2.68197632 4.38301763 136 71 21 26 -1
0.385896683 0.717348099 4.32775319 166 191 45 27 -1
0.22918129 0.887602806 4.32281015 120 189 77 27 -1
0.296891212 1.13440514 4.34032859 93 170 89 27 -1
1.09111881 0.601843834 4.38123887 154 78 29 -1 -1
0.797276497 1.02259159 4.37684526 148 76 27 -1 -1
1.07152939 1.0648365 4.40183053 107 38 19 12 -1
0.64056015 1.38601017 4.38117726 138 115 40 27 -1
1.18444252 1.4674263 4.4306132 119 30 14 -1 -1
2.52753735 0.742614746 4.5082361 172 177 22 28 -1
2.5603323 0.977128983 4.52224189 170 169 18 12 -1
1.65921497 1.41613102 4.4678918 143 72 17 27 -1
1.41236019 1.50660515 4.45157268 131 54 22 27 -1
2.10977364 1.22939587 4.49664016 211 206 70 27 -1
2.14641762 1.3890686 4.50737448 167 125 20 -1 -1
2.20772171 1.51162338 4.51839074 221 188 68 -1 -1
0.137004852 1.80044842 4.35892631 89 184 122 27 -1
0.524209976 1.83962727 4.39321922 147 95 36 27 -1
1.42414093 1.81060505 4.46715592 116 29 14 -1 -1
1.51387787 2.03552246 4.48546732 132 60 47 3 -1
1.7665205 1.83962727 4.49720894 120 47 23 27 -1
1.76505184 2.30977535 4.51966102 119 54 39 3 -1
1.48929501 2.62320805 4.51162836 183 110 60 27 -1
2.96882439 0.644667625 4.54047168 248 157 101 18 -1
2.6778698 0.915791512 4.52913533 248 214 102 18 -1
3.30473423 0.721405983 4.57227432 211 111 88 18 -1
3.59857655 0.551553726 4.58871513 152 56 20 1 -1
3.70885754 0.820972443 4.61088301 196 101 102 -1 -1
3.87282944 0.945867538 4.63060563 198 102 102 -1 -1
2.85417557 1.40925217 4.56758772 186 147 38 12 -1
2.63869095 1.60100651 4.55875765 176 176 26 -1 -1
2.97171211 1.56996918 4.58514344 216 181 80 -1 -1
3.42227077 1.28980255 4.60940551 130 45 24 18 -1
3.59857655 1.3368721 4.62642362 160 84 54 1 -1
3.4905386 1.62414265 4.63117393 165 65 25 -1 -1
3.75529289 1.72809124 4.65832692 171 95 24 -1 -1
4.1274929 0.802028656 4.64501598 162 79 29 -1 -1
4.1274929 0.867235184 4.64814699 159 78 27 -1 -1
4.2450304 1.14796448 4.6714654 171 113 43 13 -1
4.18626213 1.37991619 4.67768368 175 112 40 13 -1
4.22544098 1.37505531 4.68072981 167 116 38 13 -1
3.94471931 1.68291092 4.67201377 174 96 21 -1 -1
4.40174675 1.53443718 4.70314079 128 167 63 13 -1
5.04820061 1.60567856 4.7606741 27 173 174 13 -1
2.96331978 1.97675419 4.60397346 152 162 33 12 -1
2.80167675 2.29018593 4.60549285 117 211 110 12 -1
2.99130154 2.398283 4.6265562 108 199 95 12 -1
3.57898712 2.3151741 4.6717588 168 177 26 12 -1
3.38941574 2.42731285 4.66127495 147 186 47 12 -1
3.75267315 2.87787151 4.71331642 115 181 71 24 -1
4.08403492 2.21182823 4.70907235 170 176 20 24 -1
4.53966141 2.40772343 4.7566176 139 174 39 24 -1
4.04913521 2.62876034 4.72617076 153 178 28 -1 -1
4.55560112 2.52525997 4.76359559 144 177 36 24 -1
2.57562447 3.11294556 4.62607706 22 160 159 12 -1
3.26555443 3.20877075 4.68843005 21 164 158 -1 -1
5.14614773 0.549970627 4.7181812 32 190 183 13 -1
5.52516937 0.723025322 4.75821739 27 182 180 13 -1
5.13140202 1.64373207 4.76946583 18 164 170 13 -1
5.71941376 1.72208977 4.82244884 20 166 170 13 -1
7.14427853 0.617066383 4.88865987 24 56 140 -1 -1
7.22263622 0.792212486 4.9036289 29 57 134 -1 -1
7.0855093 1.1239109 4.90807756 25 59 141 -1 -1
7.21654415 1.25194168 4.92519368 27 54 129 -1 -1
4.46869469 -0.346786499 4.59910918 174 168 25 -1 -1
1.11070919 -2.45047522 4.24274859 107 193 96 -1 -1
4.85230541 -3.29282427 4.52734778 28 184 182 13 -1
5.08737946 -3.31241369 4.53032211 30 182 180 13 -1
4.98943138 -3.21446609 4.54048104 29 186 182 13 -1
5.1265583 -3.0381608 4.55568343 25 182 181 13 -1
4.34297752 -2.33293819 4.51499715 40 190 165 13 -1
4.79353619 -2.1566329 4.56945162 56 204 159 13 -1
1.24783516 -1.92155838 4.29036319 100 185 101 27 -1
1.14988804 -1.39264202 4.30520376 143 194 62 18 -1
1.30660343 -1.2555151 4.3156299 105 188 100 27 -1
1.30660343 -0.922493935 4.32626467 106 182 93 27 -1
1.28701401 -0.746188164 4.34167458 106 179 84 27 -1
1.44373035 -1.02044106 4.34345127 58 171 136 27 -1
1.22824574 -0.569882393 4.34242856 118 172 60 27 -1
1.14988804 -0.217270851 4.35567515 140 186 53 -1 -1
0.620970726 0.135339737 4.32759242 163 172 20 27 -1
0.64056015 0.527130127 4.34809335 173 150 24 27 -1
1.34578323 0.0569820404 4.39334979 109 171 69 27 -1
2.52115345 -0.0997343063 4.46977919 171 151 22 -1 -1
2.89335442 -0.804956436 4.47009934 194 183 41 -1 -1
3.03048038 -0.72659874 4.49833019 186 178 33 -1 -1
2.79540634 -0.354397774 4.48049641 180 154 25 4 -1
3.20678616 -0.197681427 4.53127817 174 155 18 13 -1
3.30473423 -0.609061241 4.52657609 180 165 26 13 -1
3.52021885 -0.550292969 4.5304839 179 162 25 13 -1
3.73570347 -0.393576622 4.57395739 182 164 27 13 -1
3.83365059 -0.197681427 4.57949945 172 151 19 1 -1
3.20678616 0.174518585 4.55290083 254 201 102 13 -1
3.3635025 -0.0213766098 4.55699902 177 153 26 13 -1
3.32432365 0.0765714645 4.55494936 217 197 72 13 -1
3.5593977 0.154929161 4.58000083 189 149 32 -1 -1
3.81406116 0.0178031921 4.58497934 188 155 31 1 -1
3.85324001 0.0961608887 4.59411753 204 177 60 1 -1
3.65734482 0.350824356 4.59344981 171 92 24 1 -1
4.20585155 -0.413166046 4.60928236 193 175 33 -1 -1
3.93159866 -0.373987198 4.57568124 177 162 22 -1 -1
4.20585155 -0.393576622 4.60495298 191 171 32 -1 -1
4.59764194 -0.315218925 4.63289641 163 177 37 13 -1
4.28420925 0.331234932 4.63624533 203 176 47 13 -1
4.3233881 0.487951279 4.65501498 176 158 42 13 -1
4.69558907 0.0178031921 4.66772032 143 193 64 13 -1
5.14614773 -3.25364542 4.53768084 26 183 183 13 -1
5.2440958 -3.0381608 4.55669299 28 182 182 13 -1
5.28327465 -2.92062378 4.56371941 26 179 181 -1 -1
5.26368523 -2.80308676 4.57826723 30 184 182 13 -1
5.2440958 -2.74431801 4.58338039 27 183 183 13 -1
5.38122177 -2.74431801 4.58247912 28 180 179 -1 -1
5.26368523 -2.58760214 4.59456123 30 181 181 13 -1
5.42040062 -2.56801224 4.59943898 26 181 183 13 -1
5.42040062 -2.45047522 4.6005852 30 187 183 13 -1
5.42040062 -2.33293819 4.60997213 32 184 182 13 -1
5.47916985 -2.29375935 4.61458788 28 183 181 13 -1
5.18532658 -2.11745358 4.60402538 31 189 173 -1 -1
5.38122177 -2.0586853 4.62140821 30 188 179 -1 -1
5.51834869 -2.27416992 4.61520124 28 184 181 13 -1
5.59670639 -2.19581175 4.62790509 31 186 182 13 -1
5.45958042 -2.0586853 4.6274991 23 179 175 13 -1
5.63588524 -2.03909588 4.64417513 28 187 179 13 -1
5.43999004 -1.80402136 4.64902891 34 193 181 13 -1
5.45958042 -1.74525309 4.63896521 33 192 178 13 -1
5.73383331 -1.74525309 4.65910104 27 182 179 13 -1
5.3224535 -1.54935789 4.64780211 48 201 168 13 -1
5.34204292 -1.35346317 4.6569999 50 203 166 13 -1
5.67506504 -1.43182087 4.66842781 32 188 183 13 -1
5.83178043 -1.64730549 4.67141269 27 184 182 13 -1
5.91013908 -1.45141029 4.68940751 32 188 184 13 -1
6.14521313 -1.35346317 4.71214757 30 184 180 13 -1
5.57711697 -1.19674683 4.68957233 30 191 179 13 -1
5.73383331 -1.2555151 4.69426392 32 185 183 -1 -1
5.89054966 -1.27510452 4.70753347 33 188 184 13 -1
6.02767563 -1.29469395 4.70393776 29 183 179 13 -1
5.89054966 -1.15756798 4.70136308 29 180 178 13 -1
6.0080862 -1.11838913 4.72332729 40 191 187 13 -1
6.22357082 -1.31428337 4.72359581 27 181 179 13 -1
6.22357082 -1.21633625 4.73702981 28 183 180 13 -1
6.26274967 -1.15756798 4.74346118 28 185 180 13 -1
6.3215189 -1.04003048 4.75588878 30 184 182 13 -1
5.87095928 -0.90290451 4.72238076 29 182 179 13 -1
6.41946507 -1.02044106 4.75647464 33 184 181 -1 -1
6.45864582 -0.90290451 4.7708712 35 187 183 -1 -1
6.49782467 -0.863724709 4.7784019 32 185 182 -1 -1
6.57618237 -0.844135284 4.77643351 33 180 181 -1 -1
5.57711697 0.409592628 4.74910739 28 180 181 13 -1
6.49782467 -0.667829514 4.78877233 32 185 182 -1 -1
6.65454006 -0.687419891 4.78942369 32 172 181 -1 -1
6.53700352 -0.530703545 4.80199029 32 181 183 -1 -1
6.65454006 -0.471935272 4.80807802 30 174 181 -1 -1
6.87002468 -0.413166046 4.8255395 29 136 177 -1 -1
6.71330929 -0.33480835 4.82522183 32 164 180 -1 -1
6.8504343 -0.256450653 4.83051959 33 146 181 -1 -1
6.81125546 -0.0997343063 4.83052219 34 147 181 -1 -1
6.88961506 0.0569820404 4.85691455 27 124 179 -1 -1
6.88961506 0.233287811 4.86514559 28 121 177 -1 -1
6.96797276 0.311645508 4.87077602 36 104 174 -1 -1
6.96797276 0.468361855 4.87235679 32 81 166 -1 -1
7.02674007 0.252877235 4.87299639 39 101 177 -1 -1
7.14427853 0.331234932 4.87555028 28 64 155 -1 -1
7.0855093 0.468361855 4.88285342 32 67 152 -1 -1
-0.240967751 0.820972443 4.28985583 65 169 116 27 -1
0.0920543671 0.723025322 4.32081089 89 177 95 27 -1
0.0332860947 0.958099365 4.31476417 60 179 129 27 -1
-0.0646619797 1.29112148 4.31814803 35 139 138 27 -1
-0.436862946 1.87880611 4.33054329 147 147 51 -1 -1
0.0332860947 2.19223881 4.37668437 151 218 161 -1 -1
-0.94618988 2.76033401 4.33044241 104 178 89 12 -1
-0.240967751 2.50567055 4.36658117 120 110 49 26 -1
-0.260557175 2.72115517 4.38700227 136 74 30 16 -1
-0.201787949 2.81910324 4.39420056 124 47 23 26 -1
0.542613029 0.566308975 4.337777 163 149 22 27 -1
0.287949562 1.07563686 4.35108625 94 171 86 27 -1
0.464255333 1.09522629 4.35724333 134 171 63 27 -1
0.758097649 1.01686764 4.39028154 157 93 39 -1 -1
0.503434181 1.34988976 4.37824607 109 140 65 27 -1
2.61910152 0.977688789 4.53724751 213 195 50 12 -1
1.99223709 1.68291092 4.52772006 157 91 28 -1 -1
2.09018421 1.5849638 4.51480877 169 113 26 -1 -1
1.26742458 2.70156574 4.51247147 173 112 26 -1 -1
1.54167843 2.03552246 4.50278999 123 55 42 -1 -1
1.65921497 2.23141766 4.51011201 128 62 47 3 -1
1.75716305 2.29018593 4.52251657 125 63 47 3 -1
1.56126785 2.4664917 4.52390378 163 97 67 -1 -1
3.01089096 0.605487823 4.54558397 168 97 23 28 -1
2.65828037 0.958099365 4.54689061 252 217 101 18 -1
3.32432365 0.605487823 4.58227457 158 67 23 -1 -1
3.30473423 0.723025322 4.57353844 208 109 88 18 -1
3.42227077 0.820972443 4.59335588 130 58 30 18 -1
3.71611404 0.723025322 4.62548029 147 64 35 -1 -1
3.81406116 0.723025322 4.62559387 137 47 23 -1 -1
3.48103905 0.879741669 4.60075281 122 50 26 18 -1
3.50062943 0.938509941 4.61062662 116 47 25 18 -1
3.53980827 1.01686764 4.61859657 112 53 27 18 -1
3.57898712 0.899331093 4.61211345 117 52 27 18 -1
3.63775539 0.997278214 4.62914877 114 54 27 18 -1
3.81406116 0.997278214 4.64107623 192 102 102 -1 -1
3.59857655 1.15399456 4.63675119 115 54 29 -1 -1
3.81406116 1.11481571 4.64458092 191 102 102 1 -1
2.83458519 1.36947918 4.58220083 181 141 35 12 -1
2.79540634 1.56537437 4.57803455 189 170 36 20 -1
3.32432365 1.21276283 4.61448193 190 105 96 12 -1
3.4418602 1.21276283 4.61923648 175 102 93 18 -1
3.63775539 1.29112148 4.6421319 194 102 101 1 -1
3.71611404 1.36947918 4.65284263 162 92 56 1 -1
3.32432365 1.68291092 4.62438452 205 132 55 -1 -1
3.85324001 1.78085899 4.67632267 174 113 23 -1 -1
4.3233881 0.546719551 4.66314022 177 163 47 13 -1
4.00995636 0.918920517 4.65848749 181 110 68 -1 -1
4.1274929 0.860152245 4.6517408 172 93 37 -1 -1
4.28420925 1.07563686 4.68300218 178 138 53 13 -1
4.48010445 1.13440514 4.69487849 113 166 80 13 -1
4.40174675 1.25194168 4.69343101 128 156 64 13 -1
4.1274929 1.50660515 4.68837852 175 116 33 13 -1
3.97077751 1.76126957 4.67884828 174 116 21 -1 -1
4.49969387 1.50660515 4.71624025 96 179 97 13 -1
2.95212269 1.91798496 4.61620931 166 173 33 12 -1
3.08924961 2.388134 4.63623521 126 208 87 28 -1
3.73570347 2.40772343 4.69673003 171 188 26 12 -1
3.99036694 1.80044842 4.69830996 177 135 20 -1 -1
4.49969387 2.3489542 4.75857258 152 187 40 24 -1
4.10790348 2.58402824 4.73016859 162 187 30 20 -1
5.204916 0.742614746 4.74963314 23 178 175 13 -1
5.28327465 0.958099365 4.76601846 28 184 183 13 -1
6.12562275 1.76126957 4.86479465 20 164 171 -1 -1
6.96797276 0.683846474 4.88639535 29 86 167 -1 -1
6.92879391 0.820972443 4.88169789 29 88 166 -1 -1
6.96797276 0.997278214 4.90930266 27 74 158 -1 -1
7.06591892 0.566308975 4.89135453 30 71 158 -1 -1
7.14427853 0.625077248 4.88926864 27 56 142 -1 -1
7.14427853 0.703435898 4.91150385 30 60 144 -1 -1
7.22263622 0.723025322 4.90413289 28 56 136 -1 -1
7.06591892 0.958099365 4.90455088 26 63 149 -1 -1
7.02674007 1.05604649 4.91088205 26 66 148 -1 -1
7.10509968 1.15399456 4.92126991 26 58 139 -1 -1
7.0855093 1.21276283 4.91800209 27 58 144 -1 -1
7.14427853 1.25194168 4.93326276 26 53 134 -1 -1
7.06591892 1.33030033 4.92535819 27 63 146 -1 -1
1.25423431 -3.1165185 4.23593822 22 168 174 27 -1
1.14988804 -2.48011017 4.25776204 81 173 105 27 -1
1.85511017 -2.07454491 4.33626782 25 177 178 14 -1
4.95943546 -3.21446609 4.54138528 28 184 183 13 -1
4.16667271 -2.44963741 4.51175036 40 197 184 -1 -1
4.4409256 -2.35511398 4.53924588 43 193 170 -1 -1
4.51610756 -2.2349906 4.55130705 54 200 154 13 -1
1.03235054 -1.88441658 4.27652667 147 171 30 27 -1
1.11137486 -1.68648434 4.29264562 164 201 52 18 -1
1.31261826 -1.39264202 4.32360041 103 194 103 27 -1
1.20865631 -1.27037621 4.32076891 123 182 74 27 -1
1.07152939 -0.967362404 4.32384023 163 191 42 -1 -1
1.15222931 -0.72659874 4.34215606 145 182 54 18 -1
1.44373035 -1.86484098 4.31190188 50 172 145 27 -1
1.62003613 -1.35820866 4.35098673 21 159 156 27 -1
1.4829092 -1.08721066 4.35252075 40 164 142 27 -1
1.53206253 -0.844135284 4.36830692 45 167 132 27 -1
0.86810112 -0.687419891 4.32025387 166 187 22 27 -1
1.14988804 -0.566713333 4.34963727 148 187 53 18 -1
0.836455345 -0.106328011 4.34550709 161 179 17 27 -1
1.07304573 -0.158502579 4.36280603 148 181 44 18 -1
0.464255333 0.056681633 4.32217865 166 187 27 27 -1
0.679739952 0.161571503 4.34525264 170 184 25 27 -1
0.464255333 0.451127052 4.34111867 157 167 30 27 -1
0.804076195 0.115750313 4.35346023 170 184 21 27 -1
1.17112732 -0.0605554581 4.37571923 136 182 51 27 -1
1.0410347 0.429183006 4.38834529 171 115 30 -1 -1
1.44431973 -0.707009315 4.36754661 69 177 119 27 -1
2.42320633 -0.446844101 4.46197829 190 177 37 13 -1
2.60942841 -0.0997343063 4.49423343 213 205 69 -1 -1
2.81499577 -1.14367771 4.46131396 170 191 41 13 -1
2.75622749 -0.805282593 4.47264332 198 188 46 4 -1
3.05819225 -0.844135284 4.49605421 182 176 29 -1 -1
3.99036694 -1.02468491 4.56541407 178 195 32 -1 -1
2.85417557 -0.372938156 4.50160203 193 184 52 -1 -1
3.24005318 -0.138913155 4.54513971 200 186 51 13 -1
3.40268135 -0.532968521 4.5398315 178 169 28 13 -1
3.57243443 -0.569882393 4.55226848 180 166 28 13 -1
3.34391308 -0.10140419 4.55563454 175 157 25 13 -1
3.77488232 -0.162209511 4.58878988 173 149 18 1 -1
3.10883904 0.0817365646 4.54475111 240 207 75 18 -1
3.10883904 0.512643814 4.5654419 164 83 16 -1 -1
3.30473423 0.116271019 4.56280708 245 202 101 13 -1
3.63291836 0.0373926163 4.58649081 183 153 28 -1 -1
3.69652367 0.0816249847 4.59393889 180 143 23 1 -1
3.42227077 0.238347054 4.57850738 179 129 26 13 -1
3.61816597 0.341645241 4.59986517 177 102 26 1 -1
3.97077751 -0.423588753 4.59263702 183 172 26 -1 -1
4.43165684 -0.471935272 4.62889427 182 172 29 13 -1
3.93159866 -0.192727089 4.60044273 192 174 46 1 -1
4.74702454 -0.0997343063 4.67316457 133 184 64 13 -1
4.6128788 0.115750313 4.67228255 164 197 57 13 -1
5.2440958 -2.65385771 4.59213189 30 182 181 13 -1
5.31382656 -2.41129637 4.60961584 31 184 180 13 -1
5.4230051 -2.21540117 4.62816108 27 184 182 13 -1
5.47916985 -2.21160316 4.63304482 30 184 181 13 -1
5.38122177 -1.80765581 4.64424217 35 195 177 13 -1
5.25051117 -1.58853674 4.64382222 57 204 162 13 -1
5.38122177 -1.38565254 4.66450543 46 205 172 13 -1
5.53793812 -1.31870747 4.68083813 36 196 182 13 -1
5.84873486 -1.1771574 4.71365068 32 187 180 13 -1
6.28234005 -1.07518387 4.75484279 28 185 181 13 -1
6.38028622 -0.976049423 4.76780166 33 186 182 -1 -1
5.204916 0.469345093 4.73881854 24 179 174 13 -1
6.43905544 -0.6920681 4.78635692 31 185 180 -1 -1
6.67120075 -0.158502579 4.83140916 28 167 180 -1 -1
6.73138142 -0.0801448822 4.84020917 28 147 176 -1 -1
6.84722042 0.292056084 4.86777758 30 134 180 -1 -1
6.93742275 0.487951279 4.88473438 33 87 170 -1 -1
-0.0842514038 0.578220367 4.30130759 66 173 115 27 -1
-0.378093719 0.986418724 4.2963114 102 169 88 11 -1
0.0567674637 0.977688789 4.33229302 63 178 122 27 -1
-0.36196804 1.29112148 4.31229209 108 166 86 -1 -1
-0.0277833939 1.25194168 4.3383843 35 147 145 27 -1
-0.509877205 1.54578495 4.31213923 139 114 27 16 -1
-0.661483765 1.82003784 4.31261749 150 83 23 12 -1
-0.353949547 1.99634361 4.34682581 126 198 99 22 -1
0.0483121872 1.95716476 4.37861657 66 153 109 27 -1
0.0344419479 2.21182823 4.38968367 156 214 162 -1 -1
-0.549229622 2.44690228 4.35211395 158 149 44 15 -1
-0.476041794 2.41976547 4.35693724 140 147 51 16 -1
-0.299736023 2.59845161 4.38027516 131 97 43 16 -1
-0.26729393 2.74074459 4.38982324 127 55 22 16 -1
0.405486107 0.713087082 4.34877778 163 186 40 27 -1
0.268360138 0.886770248 4.34563913 125 193 71 27 -1
0.32712841 1.04049492 4.35793979 124 196 82 27 -1
0.72857666 0.958099365 4.38758733 159 100 32 -1 -1
0.679739952 1.12847614 4.39168032 143 97 26 -1 -1
0.993171692 0.888565063 4.4063969 121 35 18 27 -1
1.11417007 1.03645706 4.42362657 109 41 19 12 -1
0.581791878 1.37694263 4.39541198 129 126 50 27 -1
1.24783516 1.36698341 4.45068606 118 39 19 27 -1
2.5603323 0.715883255 4.52928712 170 166 17 28 -1
2.52115345 0.964015007 4.53792208 179 182 26 12 -1
1.6004467 1.42166424 4.48282761 148 81 21 -1 -1
1.42414093 1.48432255 4.47107829 128 50 18 27 -1
2.01182652 1.22757435 4.50794328 199 169 40 27 -1
2.14227009 1.4674263 4.53037921 171 127 23 -1 -1
2.22731113 1.50585365 4.53934288 227 196 88 -1 -1
2.55389309 1.70250034 4.57612233 169 164 23 28 -1
0.43915081 1.82003784 4.40474799 145 112 43 27 -1
1.22827435 2.70156574 4.51313109 176 114 24 -1 -1
1.55875206 1.91798496 4.50316923 142 88 62 27 -1
1.63962555 2.02564716 4.51510848 130 72 50 -1 -1
1.5852108 2.23141766 4.52043405 135 69 52 3 -1
1.7963419 2.26629353 4.53978177 123 56 39 3 -1
1.40455151 2.42938232 4.51481729 132 44 15 27 -1
2.4819746 3.02247047 4.63348303 41 170 146 12 -1
3.0219593 0.644667625 4.56450885 167 86 24 18 -1
2.65828037 0.963564873 4.54937891 253 218 102 12 -1
3.35202694 0.625077248 4.59119706 153 63 25 -1 -1
3.57898712 0.532534599 4.60575154 158 64 23 1 -1
3.40194416 0.899331093 4.60854426 128 56 32 12 -1
3.4523201 1.15399456 4.62498919 118 60 29 12 -1
3.74212933 1.03645706 4.64360439 123 58 30 1 -1
2.79540634 1.19108677 4.57178215 163 118 20 12 -1
3.06966019 1.15941238 4.59321814 140 64 27 18 -1
2.73663807 1.59589767 4.58630059 172 163 20 -1 -1
3.12842846 1.59679794 4.6191393 218 164 78 28 -1
3.33986568 1.27153111 4.62121973 130 55 26 18 -1
3.54725552 1.34988976 4.64234219 131 54 30 -1 -1
3.86010933 1.31071091 4.66664891 149 74 55 -1 -1
3.52021885 1.55968666 4.65015282 149 53 22 -1 -1
3.59857655 1.61146736 4.65919823 204 98 60 1 -1
4.31850338 0.605487823 4.67115699 174 150 41 13 -1
4.28546047 0.977688789 4.68626299 177 133 49 13 -1
4.1797657 1.44783688 4.69999064 174 116 35 13 -1
3.9965744 1.62414265 4.69312194 216 155 74 -1 -1
4.04913521 1.71151638 4.70171704 178 126 24 -1 -1
4.71517849 1.5467577 4.74955815 44 180 150 13 -1
2.96781826 1.83962727 4.61735504 175 162 28 -1 -1
2.76977921 2.25100708 4.62053099 122 204 99 12 -1
3.11890125 2.40772343 4.65727987 132 215 85 12 -1
3.61816597 2.28166866 4.69301893 173 177 27 12 -1
3.20678616 2.47087955 4.66766898 122 194 77 12 -1
3.80671024 2.58402824 4.72331969 155 178 30 12 -1
4.03468132 1.91798496 4.71042112 173 155 24 24 -1
4.32234192 2.30977535 4.75331277 182 212 55 24 -1
4.0314455 2.56443882 4.74119092 160 183 26 20 -1
4.39763546 2.64279747 4.77560601 159 180 31 24 -1
4.51928329 2.76358604 4.79158863 145 175 33 24 -1
2.93253326 3.14591408 4.67712518 14 158 167 -1 -1
3.48103905 3.24332523 4.72771617 35 169 142 12 -1
5.28327465 0.75424099 4.75905747 30 182 179 13 -1
5.25805664 0.938509941 4.76579457 26 182 181 13 -1
5.34204292 1.64849567 4.80691604 17 162 171 13 -1
6.0864439 1.75168228 4.87418208 20 166 172 13 -1
6.85877132 0.76220417 4.89131948 30 104 175 -1 -1
7.01665401 0.546719551 4.89418843 49 98 176 -1 -1
7.01597691 1.29112148 4.92987557 28 63 151 -1 -1
3.47132969 0.637775421 4.5925197 147 53 21 -1 -1
1.13029861 -2.45047522 4.26520421 92 183 106 27 -1
4.49969387 -3.27323484 4.51558 26 180 181 13 -1
4.65641022 -3.25364542 4.5287052 28 181 183 13 -1
4.75435734 -3.27323484 4.52735363 28 181 183 13 -1
4.89148426 -3.29282427 4.53577525 30 187 183 13 -1
4.61723137 -3.07733965 4.53718244 25 178 180 13 -1
4.83271599 -3.21446609 4.54206666 30 182 183 13 -1
4.96984196 -3.1361084 4.55365494 28 184 181 13 -1
5.06779003 -3.1361084 4.5556645 27 182 181 13 -1
4.87189484 -2.95980263 4.56366639 26 180 181 13 -1
5.08737946 -3.01857138 4.56203058 28 182 181 13 -1
4.91107368 -2.86185503 4.57202766 26 180 179 13 -1
5.00902081 -2.88144445 4.56799723 27 181 181 13 -1
4.98943138 -2.76390743 4.58102393 30 182 182 13 -1
5.04820061 -2.70513916 4.58833506 28 181 181 13 -1
5.10696888 -2.64637041 4.58960366 29 183 182 13 -1
4.48010445 -2.29375935 4.55182294 53 200 166 13 -1
5.10696888 -2.52883339 4.59889712 30 181 180 13 -1
4.55846214 -2.2349906 4.56658453 54 201 153 13 -1
5.10696888 -2.21540117 4.62065434 31 188 175 13 -1
0.953992844 -1.92155838 4.28024912 161 184 29 -1 -1
1.22824574 -1.66689491 4.30601842 118 181 75 27 -1
1.18906689 -1.41223145 4.31644045 122 172 60 -1 -1
1.13029861 -1.21633625 4.32547931 152 194 47 18 -1
1.18906689 -1.00085163 4.34054521 134 186 57 18 -1
1.34578323 -1.00085163 4.36275194 72 167 109 27 -1
1.32619381 -0.765777588 4.37368428 103 180 89 27 -1
0.660150528 -0.530703545 4.32510153 175 201 31 8 -1
0.875635147 -0.667829514 4.32727925 165 183 20 27 -1
1.11070919 -0.178092003 4.36728498 154 194 48 18 -1
0.581791878 0.0961608887 4.34181793 171 193 29 27 -1
0.973582268 -0.0605554581 4.36167152 167 183 24 -1 -1
1.34578323 0.135339737 4.41301574 120 165 55 -1 -1
2.4819746 -0.452344894 4.47843423 186 174 36 13 -1
2.5603323 -0.393576622 4.48948791 178 170 35 -1 -1
2.6778698 -0.961672783 4.46123469 178 166 26 -1 -1
3.16760731 -0.922493935 4.50857154 169 181 31 13 -1
3.08924961 -0.72659874 4.52321378 192 185 39 -1 -1
3.65734482 -0.72659874 4.5681684 179 179 27 13 -1
3.91200829 -0.765777588 4.58246485 183 180 29 13 -1
3.10883904 -0.648240089 4.52439989 208 199 51 13 -1
2.77581692 -0.373987198 4.50766686 178 152 23 -1 -1
3.18719673 -0.295629501 4.54430056 176 160 24 13 -1
3.4418602 -0.569882393 4.55808602 183 168 26 13 -1
3.4418602 -0.413166046 4.55045143 185 170 29 13 -1
3.59857655 -0.569882393 4.55909638 182 167 26 13 -1
3.71611404 -0.452344894 4.57094629 183 169 25 13 -1
3.81406116 -0.413166046 4.58155661 183 171 29 13 -1
3.30473423 -0.315218925 4.55462818 184 173 31 13 -1
3.53980827 -0.276040077 4.57488016 181 168 28 13 -1
3.3635025 -0.158502579 4.56852781 177 160 24 13 -1
3.42227077 -0.0997343063 4.57081586 178 159 25 13 -1
3.79447174 -0.373987198 4.58791019 180 165 26 13 -1
3.75529289 -0.158502579 4.60345093 173 150 20 1 -1
3.10883904 0.115750313 4.5644889 254 208 102 -1 -1
3.06966019 0.429183006 4.57425765 253 172 101 -1 -1
3.42227077 -0.0801448822 4.56920063 179 156 24 13 -1
3.5593977 -0.00178623199 4.58939595 180 154 24 13 -1
3.38309193 0.213698387 4.58801468 179 134 26 13 -1
3.57898712 -0.0213766098 4.58972979 181 156 26 13 -1
3.65734482 0.135339737 4.60377572 178 138 24 1 -1
3.30473423 0.233287811 4.58207104 182 143 32 13 -1
3.50062943 0.292056084 4.60627549 182 118 30 -1 -1
3.38309193 0.487951279 4.59929039 174 92 29 -1 -1
3.5593977 0.527130127 4.6088686 162 68 22 1 -1
3.69652367 0.390003204 4.61667985 184 102 44 1 -1
3.95118809 -0.628650665 4.58919986 182 174 27 13 -1
4.06872463 -0.589471817 4.60538194 181 172 26 -1 -1
3.99036694 -0.51111412 4.60358195 185 175 29 13 -1
4.1274929 -0.491524696 4.62039356 183 166 28 21 -1
4.22544098 -0.589471817 4.62173883 180 173 24 21 -1
4.34297752 -0.550292969 4.63163906 216 211 60 -1 -1
4.49969387 -0.530703545 4.64296275 174 178 28 13 -1
3.89241886 -0.197681427 4.59944007 194 181 42 1 -1
4.79353619 -0.217270851 4.67682246 121 192 80 13 -1
4.38215733 0.468361855 4.68208696 188 186 53 13 -1
4.63682079 0.174518585 4.68697239 154 204 71 13 -1
4.51928329 0.311645508 4.67914238 162 192 53 13 -1
5.16573715 -2.74431801 4.58978455 29 183 182 13 -1
5.14614773 -2.58760214 4.59049037 29 182 180 13 -1
5.26368523 -2.45047522 4.60823619 29 184 181 13 -1
5.18532658 -2.35252762 4.61637469 30 187 181 13 -1
5.34204292 -2.37211752 4.61465531 28 183 180 13 -1
5.26368523 -2.1566329 4.6177727 28 187 175 13 -1
5.4008112 -2.1566329 4.63424259 27 184 178 13 -1
5.28327465 -1.98032713 4.62970154 35 197 178 13 -1
5.30286407 -1.94114828 4.64817901 35 198 177 13 -1
5.42040062 -1.82361126 4.65253867 32 192 180 13 -1
5.49875927 -1.66689491 4.67287511 36 192 182 -1 -1
5.4008112 -1.60812664 4.66558405 42 200 177 13 -1
5.2440958 -1.43182087 4.65410897 69 212 156 13 -1
5.49875927 -1.62771606 4.68170673 35 197 184 13 -1
5.57711697 -1.52976847 4.68938121 38 196 184 13 -1
5.59670639 -1.45141029 4.69205312 34 193 182 13 -1
5.51834869 -1.33387375 4.69761704 36 196 180 13 -1
5.71424389 -1.11838913 4.72442366 31 187 181 -1 -1
5.65547466 -0.942083359 4.71928004 73 213 210 13 -1
5.77301216 -1.21633625 4.7088327 33 185 182 13 -1
5.81219101 -1.04003048 4.72556369 29 182 179 13 -1
6.1648016 -1.13797855 4.74663514 33 187 183 13 -1
6.22357082 -1.04003048 4.75608696 29 186 179 13 -1
5.89054966 -0.883314133 4.73190497 29 184 179 13 -1
5.98849678 -0.883314133 4.75796135 27 180 179 13 -1
6.18439198 -1.02044106 4.75223552 28 183 181 13 -1
6.26274967 -1.00085163 4.76004516 30 185 180 13 -1
6.3215189 -0.942083359 4.77449931 34 186 181 -1 -1
6.30192852 -0.863724709 4.77816504 30 188 181 -1 -1
6.38028622 -0.765777588 4.78257793 31 184 181 -1 -1
6.38028622 -0.667829514 4.79381948 29 185 181 -1 -1
5.51834869 0.331234932 4.77585842 34 187 183 13 -1
6.41946507 -0.589471817 4.79611601 31 187 182 -1 -1
6.53700352 -0.491524696 4.8070673 31 183 182 -1 -1
6.45864582 -0.373987198 4.82276025 30 183 183 -1 -1
6.57618237 -0.33480835 4.8297327 34 183 182 -1 -1
6.69371891 -0.276040077 4.83121323 26 162 179 -1 -1
6.55659199 -0.178092003 4.82735523 26 171 178 -1 -1
6.63494968 -0.158502579 4.83143218 29 175 181 -1 -1
6.79166698 -0.178092003 4.84556966 38 160 188 -1 -1
6.69371891 0.0178031921 4.84435944 34 167 182 -1 -1
6.75248814 -0.0213766098 4.84956046 52 176 198 -1 -1
6.75248814 0.0765714645 4.86191876 34 158 185 -1 -1
6.77207661 0.194108009 4.87494139 31 154 182 -1 -1
6.87002468 0.154929161 4.8667098 27 124 177 -1 -1
6.69371891 0.487951279 4.87816397 30 151 180 -1 -1
6.8504343 0.27246666 4.86951211 30 132 180 -1 -1
6.73289776 0.390003204 4.87959088 29 147 180 -1 -1
6.77207661 0.487951279 4.87647852 28 137 178 -1 -1
6.88961506 0.527130127 4.88877836 37 116 179 -1 -1
-0.358504295 0.860152245 4.30037501 101 185 100 11 -1
-0.515220642 1.54578495 4.31947298 139 114 27 16 -1
-0.123430252 1.44783688 4.35050549 56 147 124 27 -1
-0.45645237 1.85921669 4.33308985 147 146 47 22 -1
-0.907011032 2.5448494 4.33867581 132 164 49 15 -1
-0.319325447 2.52525997 4.38866314 129 109 47 16 -1
-0.436862946 2.74074459 4.39252733 135 71 26 16 -1
-0.0254831314 2.77992344 4.42792543 127 47 17 26 -1
0.170412064 0.938509941 4.35905053 101 189 101 27 -1
0.425075531 1.09522629 4.37918555 132 182 73 27 -1
0.64056015 1.03645706 4.39387663 156 114 31 27 -1
1.09111881 0.66425705 4.42250575 141 61 24 20 -1
0.464255333 1.25194168 4.38722162 109 164 76 27 -1
2.24690056 1.01686764 4.52305634 173 178 19 12 -1
1.46331978 1.74168015 4.49935437 122 43 20 27 -1
2.61910152 1.23235226 4.57016942 181 174 26 12 -1
1.26742458 2.13346958 4.50672154 162 81 53 -1 -1
1.77675247 1.82003784 4.52248014 123 49 24 12 -1
1.54167843 2.17264938 4.5310495 133 66 48 3 -1
1.73757267 2.25100708 4.53613205 128 59 46 3 -1
2.52115345 2.13346958 4.61344375 184 235 117 3 -1
1.52208805 2.62320805 4.5380674 180 111 64 27 -1
2.97171211 0.625077248 4.56574128 217 155 88 18 -1
3.16760731 0.840561867 4.60433532 146 65 28 12 -1
2.79540634 0.997278214 4.576003 241 181 101 18 -1
2.89335442 1.03645706 4.58270906 221 150 96 18 -1
3.245965 0.938509941 4.60202389 130 56 27 12 -1
3.01089096 1.15399456 4.59628981 149 77 28 18 -1
3.14801788 1.11481571 4.61107022 208 110 102 12 -1
3.38309193 0.625077248 4.59733744 152 61 26 -1 -1
3.67693424 0.585898399 4.61996313 176 97 64 1 -1
3.26555443 0.938509941 4.6034405 126 52 28 12 -1
3.34391308 1.05604649 4.61513125 120 51 25 12 -1
3.40268135 1.15399456 4.62367129 120 55 29 12 -1
3.69652367 1.13440514 4.64924507 122 62 34 1 -1
2.6778698 1.33030033 4.58370956 178 169 28 12 -1
3.20678616 1.19317341 4.61803159 197 101 75 18 -1
3.22637558 1.5849638 4.62833487 178 100 32 -1 -1
3.53980827 1.23235226 4.65058996 129 73 50 18 -1
3.5593977 1.36947918 4.65523975 131 54 27 1 -1
3.67693424 1.19317341 4.65740426 121 58 31 1 -1
3.85324001 1.21276283 4.66250371 164 101 88 -1 -1
3.4418602 1.48701572 4.6421289 154 53 26 -1 -1
3.40268135 1.72208977 4.65634816 216 151 74 -1 -1
3.61816597 1.64373207 4.66808545 181 99 43 1 -1
4.36256695 0.585898399 4.68676223 185 176 54 13 -1
4.2450304 0.860152245 4.69220387 175 116 38 13 -1
4.49969387 1.15399456 4.71729817 110 184 97 13 -1
4.2450304 1.42824745 4.71368746 154 120 35 13 -1
4.42133617 1.44783688 4.73755905 127 171 72 13 -1
4.1274929 1.60455322 4.70772535 171 130 29 -1 -1
4.38215733 1.48701572 4.72848559 140 165 59 13 -1
4.79353619 1.52619553 4.77449615 31 178 158 -1 -1
2.95212269 1.93757439 4.62250958 157 160 29 12 -1
3.05006981 2.40772343 4.65513359 117 200 88 28 -1
3.71611404 2.25100708 4.70403615 169 171 18 20 -1
3.57898712 2.44690228 4.71638353 164 192 35 12 -1
3.69652367 2.70156574 4.7335455 138 183 48 -1 -1
3.95118809 1.83962727 4.71052823 174 136 24 -1 -1
4.02954578 1.95716476 4.71918436 175 164 28 24 -1
4.3233881 2.30977535 4.75378754 181 213 56 24 -1
3.99036694 2.56443882 4.75113052 159 179 23 -1 -1
4.42133617 2.64279747 4.79573929 157 180 32 24 -1
2.40361691 3.19130325 4.63542561 37 169 148 28 -1
5.3224535 0.977688789 4.783653 33 187 183 13 -1
5.61629581 1.6633215 4.83785555 20 168 173 13 -1
6.57618237 0.781793594 4.88508691 29 168 182 -1 -1
6.83084583 0.566308975 4.88243192 28 117 177 -1 -1
6.87002468 0.546719551 4.88278434 30 109 175 -1 -1
6.81125546 0.723025322 4.89950847 30 120 177 -1 -1
6.81125546 0.820972443 4.90361744 30 115 177 -1 -1
6.61536121 1.03645706 4.89284406 26 148 178 -1 -1
6.65454006 1.13440514 4.90494281 25 138 181 -1 -1
6.81125546 0.977688789 4.9086095 26 109 172 -1 -1
6.88961506 0.997278214 4.91239573 26 89 167 -1 -1
6.71330929 1.15399456 4.9042854 26 126 176 -1 -1
6.94838238 1.01686764 4.91249634 27 77 158 -1 -1
6.63494968 1.21276283 4.91161734 28 144 180 -1 -1
6.71330929 1.23235226 4.90802119 27 122 177 -1 -1
6.79166698 1.25194168 4.91673394 26 106 174 -1 -1
7.0071516 1.21276283 4.92832688 27 69 153 -1 -1
6.90920353 1.33030033 4.93581202 29 80 164 -1 -1
7.10509968 1.3890686 4.9499019 24 55 141 -1 -1
7.12468815 1.70250034 4.9704511 27 51 134 -1 -1
7.04633045 1.93757439 4.98130785 26 53 137 -1 -1
1.24783516 -3.06473207 4.25747862 22 168 174 27 -1
1.19643688 -2.56801224 4.27702714 77 192 135 27 -1
1.09111881 -2.11042213 4.29018334 120 174 67 27 -1
4.4919939 -3.23405552 4.52090609 26 180 179 13 -1
4.63679981 -3.09692907 4.53961169 26 179 180 13 -1
4.80535889 -3.05775023 4.55560246 29 182 184 13 -1
5.00902081 -2.95936966 4.57737425 27 182 180 13 -1
4.98943138 -2.6430912 4.59092117 28 183 180 13 -1
4.30529213 -2.39170694 4.5457248 36 193 177 -1 -1
4.83271599 -2.53209925 4.58313252 28 186 180 13 -1
5.09172916 -2.43088579 4.60967361 30 190 181 13 -1
4.94348812 -2.19581175 4.60855235 36 192 166 -1 -1
0.935733795 -1.94114828 4.28530456 163 189 28 -1 -1
1.07181072 -1.70607376 4.30798264 161 199 53 18 -1
1.07677841 -1.35346317 4.32532971 157 199 49 18 -1
1.08303356 -1.33387375 4.32679393 149 185 43 18 -1
1.33046627 -1.1771574 4.35503073 77 161 103 27 -1
1.22824574 -1.01668453 4.35417958 120 176 69 27 -1
1.33393192 -0.804956436 4.37319273 89 170 97 27 -1
1.64133167 -1.74525309 4.3537741 18 160 165 27 -1
1.6004467 -1.33636475 4.36998527 22 162 154 27 -1
1.44373035 -1.0007658 4.37298145 49 163 133 27 -1
0.660150528 -0.527517319 4.33011445 173 195 28 8 -1
0.679739952 -0.193027496 4.34781535 168 184 22 27 -1
1.11070919 -0.723349571 4.35842599 154 187 39 18 -1
0.807959557 -0.11932373 4.36208722 164 180 19 27 -1
1.14988804 -0.159049988 4.38880139 138 180 46 27 -1
0.347482681 0.174518585 4.33765159 159 196 37 -1 -1
0.7189188 -0.00724124908 4.36001575 170 191 25 27 -1
0.150822639 0.353586197 4.32978808 113 177 70 8 -1
0.836455345 -0.0950641632 4.36563737 166 183 19 27 -1
1.01288223 0.0765714645 4.38864688 164 183 27 -1 -1
0.958650589 0.27246666 4.39351359 166 140 17 -1 -1
1.29178238 0.390003204 4.42704269 153 126 24 -1 -1
1.41274738 -0.373987198 4.40048388 66 179 120 27 -1
2.38645172 -0.393576622 4.48104885 185 172 34 13 -1
2.4819746 -0.103899956 4.5029541 169 143 16 13 -1
2.73663807 -1.13999844 4.47452099 175 187 34 13 -1
2.87204456 -1.00085163 4.49253681 172 172 27 13 -1
3.11390209 -0.922493935 4.5165444 174 184 32 13 -1
3.29161644 -0.765777588 4.5389453 179 176 27 -1 -1
3.83669281 -0.785367012 4.58363122 185 184 27 13 -1
3.95536804 -0.765777588 4.59450576 180 178 27 13 -1
3.10883904 -0.634885788 4.52993061 248 219 96 13 -1
3.17121506 -0.452344894 4.54391694 255 217 102 13 -1
3.03048038 -0.342389107 4.53741623 212 196 54 13 -1
3.43141174 -0.589471817 4.55911274 183 168 30 13 -1
3.51016045 -0.452344894 4.57228894 185 171 28 13 -1
3.71611404 -0.528650284 4.58586469 183 170 25 13 -1
3.31477451 -0.256450653 4.56534004 181 166 29 13 -1
3.36331558 -0.178092003 4.57316579 179 161 26 13 -1
3.71064663 -0.33480835 4.59471471 182 167 27 13 -1
3.6770792 -0.11932373 4.60225177 181 163 27 -1 -1
2.97171211 0.169157982 4.55705979 180 146 22 18 -1
3.20678616 0.271912575 4.58167101 254 191 102 13 -1
3.20678616 0.430444717 4.58928322 171 99 22 13 -1
3.26555443 0.18055439 4.58220358 252 197 102 13 -1
3.75221252 0.0373926163 4.61606596 171 135 18 1 -1
3.28855991 0.233287811 4.58666139 184 145 36 13 -1
3.44610786 0.292056084 4.60267107 182 120 28 -1 -1
3.48103905 0.433353424 4.6123797 177 94 30 1 -1
3.79996681 0.233287811 4.62946958 195 144 48 1 -1
3.99036694 -0.64984417 4.60300216 186 178 28 13 -1
3.91309357 -0.550292969 4.60131399 182 173 26 13 -1
4.31025791 -0.569882393 4.63361869 221 221 62 -1 -1
3.91759682 -0.276040077 4.61485969 189 171 43 1 -1
4.73476791 -0.324934006 4.68091466 139 184 58 13 -1
4.7616806 -0.0213766098 4.69774329 135 196 71 13 -1
5.204916 -2.28655767 4.62607828 30 190 182 13 -1
5.32343102 -1.84320068 4.65728738 36 199 174 13 -1
5.40404797 -1.51017904 4.6800262 43 202 173 13 -1
5.4960041 -1.60812664 4.68302041 38 198 183 13 -1
5.51834869 -1.33464527 4.69802251 36 196 180 13 -1
5.57711697 -0.957921028 4.72103091 31 187 182 -1 -1
6.0080862 -0.951241493 4.75742665 29 183 181 13 -1
6.12562275 -0.854739189 4.77189898 28 184 181 13 -1
6.38028622 -0.510551453 4.80974282 30 187 180 -1 -1
5.34739208 0.390003204 4.76652442 31 184 182 13 -1
6.45826626 -0.373987198 4.82282766 30 183 183 -1 -1
6.65210629 0.0569820404 4.85974714 30 170 181 -1 -1
6.63256168 0.468361855 4.87786427 32 164 182 -1 -1
-0.143019676 0.547430038 4.31449927 62 180 126 27 -1
-0.358504295 1.01138783 4.31873954 95 167 93 -1 -1
-0.0646619797 1.0903511 4.34712768 39 152 141 27 -1
-0.378093719 1.2907877 4.33051566 110 167 83 -1 -1
-0.0170850754 1.31071091 4.36169116 28 144 147 27 -1
-0.503303528 1.52619553 4.3313383 141 123 31 16 -1
0.10841465 1.6633215 4.38912757 58 184 145 -1 -1
-0.384972572 1.99634361 4.36381841 141 192 79 22 -1
0.012254715 1.95716476 4.39518775 60 163 119 27 -1
0.0528755188 2.16570568 4.40860146 104 159 97 -1 -1
-1.07287979 2.68197632 4.33915786 117 184 78 -1 -1
-0.573988914 2.53311443 4.3737705 155 134 35 15 -1
-0.333094597 2.64279747 4.3992016 130 71 27 16 -1
-0.476041794 2.82108593 4.3957968 120 53 23 16 -1
0.112505913 0.644667625 4.34055751 97 174 83 27 -1
0.458016396 0.703435898 4.37230092 162 167 30 27 -1
0.307174683 0.977688789 4.37284321 122 176 69 27 -1
0.581791878 0.944869041 4.39425461 154 123 28 27 -1
1.12861347 0.605487823 4.42373124 144 60 19 -1 -1
0.993171692 0.887522697 4.42593627 126 46 21 27 -1
1.07152939 1.09463882 4.4424404 108 44 21 12 -1
0.140294075 1.72208977 4.39461795 62 168 127 27 -1
1.17016888 1.48701572 4.46953787 121 27 13 -1 -1
2.49876499 0.801383018 4.54782838 169 175 18 28 -1
2.46583366 0.918920517 4.55071558 249 244 102 12 -1
1.52208805 1.43333149 4.49641812 137 64 17 -1 -1
1.91387844 1.35046864 4.5252348 178 132 30 -1 -1
2.01182652 1.21699715 4.52702483 212 203 72 27 -1
2.34484768 1.23546505 4.55578771 178 183 33 20 -1
2.14895248 1.59078979 4.55645153 203 153 52 -1 -1
2.55858135 1.64373207 4.59328233 176 178 27 28 -1
0.453472137 1.82003784 4.42553621 143 107 40 27 -1
1.24931431 2.52525997 4.52601606 166 87 31 -1 -1
1.5167551 1.85921669 4.51642137 117 37 19 27 -1
1.65921497 2.04719639 4.5373724 133 81 62 3 -1
1.49036121 2.19223881 4.53020269 139 70 52 3 -1
1.75716305 2.23238468 4.55446347 126 61 45 3 -1
2.49541378 2.03552246 4.60680731 190 197 67 -1 -1
1.57868958 2.52525997 4.55358698 169 101 66 3 -1
2.71704865 0.780967712 4.56511991 172 139 21 18 -1
3.12842846 0.819415092 4.60140128 152 64 26 12 -1
2.65828037 1.0290184 4.57211121 177 170 29 12 -1
3.17446995 0.938509941 4.61097381 134 59 27 12 -1
3.16474342 1.15399456 4.62050652 185 111 94 18 -1
2.71004772 1.19317341 4.58432669 168 138 20 12 -1
2.93253326 1.36650753 4.61127317 176 120 33 12 -1
2.73663807 1.58835697 4.60552794 173 161 20 20 -1
2.93844414 1.68291092 4.62696064 180 156 28 20 -1
3.73570347 1.26310444 4.67353882 194 102 102 1 -1
3.30473423 1.72890377 4.65983001 217 159 74 -1 -1
3.77488232 1.77888489 4.70158449 176 108 26 -1 -1
4.30910015 0.958099365 4.70689059 173 136 51 13 -1
4.53887272 1.11135674 4.73348303 101 188 105 -1 -1
4.53887272 1.44805813 4.74965036 87 186 109 13 -1
5.02861118 1.58012104 4.796986 20 172 171 13 -1
2.65828037 2.12209225 4.62459714 147 197 75 12 -1
3.85324001 1.83861542 4.71101162 175 119 28 -1 -1
3.41614723 2.388134 4.70081016 155 189 43 12 -1
2.93253326 2.43429756 4.66254505 91 198 110 12 -1
3.57559586 2.44690228 4.71697894 164 191 38 12 -1
3.7785387 2.62320805 4.74243226 145 175 33 12 -1
3.94491768 1.89839554 4.72155611 175 140 22 24 -1
4.19625187 2.30977535 4.76234762 168 185 24 24 -1
4.08831406 2.43735218 4.75943833 166 184 22 -1 -1
4.48525047 2.48608112 4.79500438 154 184 34 24 -1
2.4203558 3.05417728 4.64943702 56 179 139 28 -1
2.81499577 3.19591618 4.68927688 16 158 168 28 -1
3.48103905 3.24663258 4.74746441 36 169 141 12 -1
5.16573715 0.742878914 4.76826266 22 177 176 13 -1
5.61629581 0.824643135 4.8099035 25 180 179 13 -1
5.60015678 0.879741669 4.81119821 29 184 181 13 -1
5.75228405 1.72208977 4.86437916 18 165 169 13 -1
6.55659199 0.737421036 4.88442447 28 166 180 -1 -1
6.70124149 0.781793594 4.89866323 30 143 180 -1 -1
6.67413044 1.04662991 4.90911045 27 139 178 -1 -1
6.60950375 1.25194168 4.91355918 27 147 178 -1 -1
6.92879391 1.38015175 4.94644215 30 81 160 -1 -1
7.04340649 1.76126957 4.97433605 25 53 140 -1 -1
7.14427853 2.49691963 5.01810329 22 44 116 -1 -1
0.910895348 0.0373926163 4.35150956 161 169 16 27 -1
1.07152939 -2.54842281 4.2709845 101 197 106 -1 -1
4.22544098 -3.29282427 4.5133863 30 184 182 14 -1
4.42133617 -3.25364542 4.51779504 26 181 179 13 -1
4.28420925 -3.1165185 4.52864903 24 178 179 13 -1
4.49969387 -3.1361084 4.53174404 26 180 182 13 -1
4.57805157 -3.17528725 4.53347596 25 179 179 13 -1
4.71517849 -3.1165185 4.54634769 29 182 184 13 -1
4.61723137 -3.05775023 4.54015343 25 180 179 13 -1
4.65641022 -2.92062378 4.56537436 30 186 182 13 -1
4.67599964 -2.9402132 4.56605442 27 182 182 13 -1
4.83271599 -2.99898148 4.5618902 26 180 179 13 -1
4.65641022 -2.88144445 4.56858027 33 188 184 13 -1
4.67599964 -2.88144445 4.56830506 30 183 182 13 -1
4.67599964 -2.78349686 4.5725161 26 181 180 13 -1
4.71517849 -2.72472858 4.57904379 27 183 181 13 -1
4.77394676 -2.66595984 4.57948078 30 186 182 13 -1
4.83271599 -2.70513916 4.58026346 28 182 179 13 -1
4.93066311 -2.64637041 4.59639015 31 184 181 13 -1
4.30379868 -2.39170694 4.54759774 36 193 177 -1 -1
4.79353619 -2.52883339 4.58255795 28 186 179 13 -1
4.81312656 -2.33293819 4.60758301 34 193 173 13 -1
4.89148426 -2.47006464 4.59721797 29 185 179 13 -1
5.04820061 -2.48965454 4.61094334 27 183 180 13 -1
4.96984196 -2.41129637 4.60175137 28 187 179 13 -1
4.96984196 -2.31334877 4.61547245 37 196 178 13 -1
5.02861118 -2.29375935 4.61823777 32 192 179 13 -1
4.85230541 -2.27416992 4.60351824 35 192 167 -1 -1
4.98943138 -2.2545805 4.61406421 35 195 173 13 -1
5.04820061 -2.09786415 4.63140382 44 203 174 13 -1
5.08737946 -1.98032713 4.63474811 47 201 161 13 -1
0.973582268 -1.39264202 4.32285832 164 187 26 27 -1
1.28701401 -1.54935789 4.34853243 96 171 95 27 -1
0.699329376 -0.82454586 4.33360744 169 191 24 8 -1
1.14988804 -1.07920933 4.35474534 146 189 54 18 -1
1.36537266 -1.0596199 4.3734593 71 166 111 27 -1
1.09111881 -0.72659874 4.36660556 158 195 45 18 -1
1.38496208 -1.41223145 4.35752691 63 160 115 27 -1
0.405486107 -0.11932373 4.34578774 176 202 31 8 -1
1.09111881 -0.569882393 4.38318286 160 192 43 18 -1
1.22824574 -0.138913155 4.4072765 114 173 65 27 -1
0.64056015 0.0765714645 4.36939337 173 193 28 27 -1
1.05193996 -0.0605554581 4.39140583 163 193 40 18 -1
1.44373035 -0.648240089 4.39269525 65 169 117 27 -1
2.46238518 -0.276040077 4.51001268 179 164 27 13 -1
2.61910152 0.0961608887 4.52612547 175 160 24 13 -1
3.03048038 -0.90290451 4.52557488 174 172 26 -1 -1
3.22637558 -0.804956436 4.54192744 187 183 40 -1 -1
3.69652367 -1.0596199 4.5730612 163 205 50 13 -1
3.81406116 -1.04003048 4.58670437 176 204 44 13 -1
3.40268135 -0.785367012 4.56201293 180 180 28 13 -1
3.59857655 -1.00085163 4.57008176 165 202 46 13 -1
3.67693424 -0.922493935 4.57811259 175 194 36 13 -1
3.87282944 -0.961672783 4.59291614 177 194 33 13 -1
3.69652367 -0.746188164 4.580601 179 180 27 13 -1
3.75529289 -0.72659874 4.58170121 188 185 31 13 -1
5.06779003 -1.90196896 4.64460611 62 204 148 13 -1
5.06779003 -1.80402136 4.65591153 76 206 137 13 -1
3.89241886 -0.883314133 4.58807503 179 185 29 13 -1
4.08831406 -0.90290451 4.60512283 183 192 30 13 -1
4.02954578 -0.82454586 4.60651428 182 180 25 13 -1
4.18626213 -0.844135284 4.62926431 180 185 24 21 -1
4.2450304 -0.942083359 4.62916669 181 192 26 21 -1
2.87376499 -0.452344894 4.53426381 205 197 63 4 -1
3.16760731 -0.569882393 4.55079046 254 218 102 13 -1
3.20678616 -0.530703545 4.54863559 254 218 102 13 -1
3.01089096 -0.373987198 4.54459609 219 214 81 13 -1
3.38309193 -0.687419891 4.55791418 188 178 27 13 -1
3.4418602 -0.530703545 4.56987976 181 168 27 13 -1
3.83365059 -0.687419891 4.59597706 184 180 28 13 -1
3.57898712 -0.51111412 4.57629353 183 169 27 13 -1
3.81406116 -0.530703545 4.60098493 186 174 28 13 -1
3.4418602 -0.295629501 4.57825379 183 170 28 13 -1
3.4418602 -0.11932373 4.59852497 178 159 26 13 -1
3.77488232 -0.33480835 4.60509083 182 164 26 -1 -1
3.75529289 -0.236861229 4.62098395 177 157 22 1 -1
3.08924961 0.154929161 4.57478497 255 206 102 -1 -1
3.05006981 0.292056084 4.58795646 254 194 102 -1 -1
3.12842846 0.331234932 4.58788626 229 186 92 13 -1
3.05006981 0.409592628 4.58290569 254 182 102 -1 -1
3.38309193 0.135339737 4.60496786 177 137 21 13 -1
3.71611404 0.194108009 4.6243725 176 125 23 1 -1
3.48103905 0.331234932 4.61050897 185 122 32 -1 -1
3.50062943 0.507540703 4.62923186 169 82 29 1 -1
3.91200829 -0.628650665 4.59752646 189 178 27 13 -1
3.89241886 -0.550292969 4.60660624 186 174 30 13 -1
4.26461983 -0.667829514 4.62604999 178 172 25 21 -1
4.38215733 -0.569882393 4.64331452 219 217 62 13 -1
3.93159866 -0.276040077 4.61845884 202 182 48 1 -1
4.55846214 -0.452344894 4.66569315 173 180 29 13 -1
4.49969387 0.37041378 4.69521038 169 198 60 13 -1
4.77394676 -0.0409660339 4.70552558 135 204 79 13 -1
4.71517849 0.213698387 4.72200404 124 194 79 13 -1
4.53887272 0.390003204 4.70578582 158 201 69 13 -1
5.204916 -2.21540117 4.63617643 27 186 177 13 -1
5.16573715 -1.86279011 4.65539285 57 202 155 13 -1
5.16573715 -1.80402136 4.66005724 60 204 153 13 -1
5.16573715 -1.62771606 4.66508677 83 212 144 13 -1
5.22450542 -1.3730526 4.68513337 71 211 151 13 -1
5.28327465 -1.33387375 4.69073618 72 229 180 13 -1
5.4008112 -1.07920933 4.71147543 33 189 171 13 -1
5.55752754 -1.15756798 4.71363087 32 194 180 13 -1
5.57711697 -1.0596199 4.72623562 31 188 181 13 -1
5.75342274 -1.0596199 4.73501692 32 188 182 13 -1
5.69465446 -1.02044106 4.73360583 33 188 183 13 -1
6.06685448 -0.922493935 4.7679778 28 182 179 13 -1
5.85136986 -0.746188164 4.77251649 29 184 179 13 -1
5.94931793 -0.765777588 4.76788723 31 189 182 13 -1
6.14521313 -0.883314133 4.77331593 28 183 181 13 -1
6.18439198 -0.765777588 4.78166031 30 183 180 13 -1
5.98849678 -0.648240089 4.7874154 31 186 182 13 -1
6.0864439 -0.667829514 4.79556816 30 184 180 13 -1
6.20398045 -0.609061241 4.80306543 32 189 181 13 -1
6.26274967 -0.589471817 4.80834368 29 184 180 13 -1
6.1648016 -0.43275547 4.80950753 30 184 181 13 -1
6.2431612 -0.452344894 4.81514043 30 186 180 13 -1
5.96890736 -0.373987198 4.80092802 32 181 179 13 -1
6.12562275 -0.276040077 4.81915934 32 186 182 13 -1
6.34110737 -0.354397774 4.82001712 29 182 177 13 -1
6.2431612 -0.217270851 4.82270193 30 183 181 13 -1
6.30192852 -0.0997343063 4.84106499 29 186 181 13 -1
5.65547466 0.390003204 4.80136432 29 182 182 13 -1
6.43905544 -0.373987198 4.8259479 32 185 183 -1 -1
6.41946507 -0.197681427 4.83271648 28 175 178 -1 -1
6.43905544 -0.0605554581 4.84912034 31 181 181 -1 -1
6.49782467 0.0373926163 4.86458317 28 182 180 -1 -1
6.57618237 0.0765714645 4.86946818 29 175 181 -1 -1
6.65454006 0.174518585 4.86723777 29 167 181 -1 -1
6.57618237 0.252877235 4.88070997 30 180 183 -1 -1
6.59577084 0.37041378 4.87836509 29 170 181 -1 -1
6.51741314 0.507540703 4.88559257 30 174 180 -1 -1
6.71330929 0.350824356 4.88256352 28 151 179 -1 -1
-0.201787949 1.01686764 4.34147069 58 157 125 27 -1
-0.201787949 1.17358398 4.35197213 58 158 131 27 -1
0.0332860947 1.4674263 4.38596763 47 189 167 27 -1
-0.221378326 1.85921669 4.38619627 82 162 104 27 -1
0.0136966705 2.21182823 4.42100437 153 221 173 -1 -1
-0.417272568 2.72115517 4.39660829 130 63 21 16 -1
-0.476041794 2.83869267 4.41197826 120 51 21 16 -1
-0.221378326 3.03458786 4.43759941 105 44 22 26 -1
0.150822639 0.938509941 4.36030803 87 189 116 27 -1
0.405486107 1.11481571 4.39878155 119 170 70 27 -1
0.777687073 0.938509941 4.42919543 161 94 40 -1 -1
0.464255333 1.74168015 4.42700698 137 121 51 27 -1
2.05100536 0.781793594 4.51790355 170 185 22 18 -1
2.10977364 0.879741669 4.53703224 208 236 69 -1 -1
2.54074287 1.13440514 4.58462012 169 163 16 12 -1
2.24690056 1.21276283 4.56243755 187 188 39 20 -1
2.54074287 1.74168015 4.60849428 168 169 28 28 -1
1.22824574 2.15305901 4.5087743 203 108 79 12 -1
1.24783516 2.72115517 4.54419629 174 114 26 -1 -1
1.38496208 2.19223881 4.53055537 151 76 53 3 -1
1.73757267 2.19223881 4.55899932 119 53 37 3 -1
2.4819746 2.07470131 4.61869012 206 218 84 -1 -1
1.4829092 2.42731285 4.54929689 135 53 28 27 -1
2.73663807 0.840561867 4.58130943 251 201 101 12 -1
3.01089096 0.781793594 4.59247602 166 91 34 12 -1
2.73663807 0.938509941 4.57580922 192 170 45 18 -1
2.89335442 1.03645706 4.60990595 225 150 98 18 -1
3.05006981 0.918920517 4.61479207 147 63 26 12 -1
3.12842846 0.860152245 4.60346321 149 65 26 12 -1
2.97171211 1.07563686 4.60188302 228 136 102 18 -1
3.50062943 0.546719551 4.62456613 157 67 24 1 -1
2.87376499 1.29112148 4.61479806 166 118 22 12 -1
2.95212269 1.34988976 4.63034163 166 105 24 12 -1
3.50062943 1.3890686 4.66011784 136 56 27 -1 -1
3.77488232 1.31071091 4.69156878 189 102 97 1 -1
3.32432365 1.78085899 4.68141674 225 170 76 -1 -1
3.53980827 1.78085899 4.69874757 207 149 71 -1 -1
3.69652367 1.76126957 4.70593641 204 138 61 -1 -1
4.48010445 0.585898399 4.71802521 154 191 70 13 -1
4.28420925 0.781793594 4.69816294 193 154 57 13 -1
4.30379868 0.938509941 4.708063 164 134 43 13 -1
4.40174675 1.01686764 4.72604113 146 159 64 13 -1
4.65641022 0.918920517 4.75201633 78 199 129 13 -1
4.55846214 1.03645706 4.74228284 103 189 101 -1 -1
4.87189484 0.938509941 4.76854924 55 216 188 13 -1
4.93066311 1.01686764 4.77592545 35 187 180 13 -1
5.00902081 1.11481571 4.78830156 30 186 181 13 -1
4.4409256 1.34988976 4.74735982 121 173 78 13 -1
4.65641022 1.19317341 4.76658698 68 198 139 13 -1
4.65641022 1.31071091 4.76222004 60 192 142 13 -1
4.79353619 1.27153111 4.77449408 35 185 164 13 -1
4.63682079 1.36947918 4.76171032 64 190 135 13 -1
4.71517849 1.36947918 4.76621136 45 189 155 13 -1
4.77394676 1.42824745 4.77117065 35 183 159 -1 -1
4.85230541 1.3890686 4.77820794 29 180 169 13 -1
4.91107368 1.42824745 4.78714376 22 177 172 13 -1
