ply
format ascii 1.0
element vertex 10000
property float x
property float y
property float z
property uchar red
property uchar green
property uchar blue
property int node_index
property int pin_node_index
element face 0
end_header
5.87095928 2.85828209 4.22147767 13 108 169 24 -1
5.81219101 2.83869267 4.23053703 18 110 170 24 -1
5.80703068 2.85828209 4.23788544 12 104 167 24 -1
5.75342274 2.77992344 4.23851714 19 114 170 24 -1
5.98849678 2.95622921 4.27376874 20 120 175 24 -1
5.94209957 2.85828209 4.26878105 17 112 172 24 -1
5.63588524 2.36854362 4.23463923 14 122 167 24 -1
5.98849678 2.91705036 4.27973147 14 104 167 24 -1
5.66034889 2.388134 4.24221103 15 117 167 24 -1
5.92972851 2.84500885 4.28669759 13 108 169 24 -1
5.42040062 2.40772343 4.24005894 21 138 171 24 -1
5.81219101 2.74074459 4.28797147 9 97 164 24 -1
5.3224535 2.35235405 4.23179831 14 133 165 24 -1
5.59670639 2.43048859 4.25850689 19 129 171 24 -1
5.86711597 2.81910324 4.29980202 9 101 165 24 -1
4.98943138 2.85828209 4.24036499 73 179 112 24 -1
5.63588524 2.2705965 4.26296282 12 128 166 24 -1
5.34204292 2.68197632 4.26012402 22 139 164 24 -1
5.38122177 3.07376671 4.27631379 10 110 164 24 -1
4.96984196 3.01062679 4.25347994 66 160 107 24 -1
5.59670639 2.25845242 4.26983568 12 127 166 24 -1
5.38122177 2.46946049 4.26193011 17 131 167 24 -1
5.67506504 2.75777721 4.30037081 12 109 166 24 -1
5.99619293 2.87787151 4.33301792 14 106 166 24 -1
4.4409256 2.87787151 4.22030388 140 180 45 24 -1
4.36256695 2.97581863 4.20190922 128 181 55 24 -1
5.04820061 3.01499748 4.27362232 49 160 129 24 -1
5.69465446 2.30977535 4.29794833 10 119 165 24 -1
5.42040062 2.4664917 4.27735518 13 125 167 24 -1
5.69465446 2.44690228 4.30610343 14 117 168 24 -1
5.63588524 2.85828209 4.31852059 10 100 163 24 -1
5.00917339 2.07470131 4.2314215 33 169 150 24 -1
4.40174675 3.0258522 4.22624706 128 177 56 24 -1
4.96984196 3.01279831 4.27317363 67 158 103 24 -1
5.35879421 2.30977535 4.27197462 14 138 165 24 -1
5.73383331 2.3663311 4.30608353 12 118 166 24 -1
5.34204292 2.60884476 4.28493278 17 131 165 24 -1
5.34289074 2.77992344 4.29321841 18 138 165 24 -1
5.79260159 2.69144058 4.32661355 19 112 171 24 -1
6.06685448 2.9577713 4.36235871 14 106 167 24 -1
4.95025253 2.13346958 4.23151048 47 167 131 24 -1
4.30379868 2.87787151 4.21424326 135 175 45 24 -1
4.3233881 2.89746094 4.21358687 138 176 46 24 -1
4.93066311 2.87787151 4.28003407 88 182 100 24 -1
5.08737946 2.99540806 4.29945786 42 154 134 24 -1
5.55752754 2.30977535 4.30235524 12 124 165 24 -1
5.36163235 2.52525997 4.2962176 9 119 160 24 -1
5.67506504 2.4664917 4.30882703 10 108 163 24 -1
5.38122177 2.99540806 4.32324191 7 109 160 24 -1
6.14521313 2.91705036 4.38030925 24 121 181 -1 -1
5.02861118 2.12851715 4.25522207 35 164 146 24 -1
4.46478271 2.81910324 4.24118559 141 171 34 24 -1
4.92106819 2.83869267 4.28032037 87 179 98 24 -1
5.08882332 2.91705036 4.29812509 45 160 133 24 -1
5.2440958 2.35961628 4.28435622 20 147 164 24 -1
5.54630375 2.36854362 4.31008172 12 122 167 24 -1
5.26368523 2.58328152 4.29673568 16 138 158 24 -1
5.75342274 2.42704868 4.33022819 8 115 163 24 -1
5.3224535 3.00972843 4.32213161 17 122 161 24 -1
5.79846859 2.68197632 4.34623965 19 119 172 24 -1
5.98849678 2.87305927 4.37132148 11 107 167 24 -1
5.00902081 2.03552246 4.26026632 35 168 151 24 -1
4.14708328 2.87787151 4.22849558 129 181 58 24 -1
4.20585155 2.93663979 4.23348062 123 179 61 24 -1
4.93066311 2.91705036 4.29869141 81 170 99 24 -1
5.18532658 2.36854362 4.29458452 21 147 156 24 -1
5.18532658 2.48608112 4.28714102 31 162 160 24 -1
5.55752754 2.44690228 4.32014722 9 114 165 24 -1
5.36163235 2.93663979 4.33563647 19 133 168 24 -1
6.34110737 2.64279747 4.40634242 18 109 172 -1 -1
4.95025253 2.0125885 4.26268582 38 169 143 24 -1
5.10696888 2.29889584 4.2895516 40 172 156 24 -1
4.42133617 2.72357082 4.25255108 150 179 34 24 -1
4.96984196 2.76610947 4.30050727 74 167 102 24 -1
5.10705471 2.93663979 4.32018122 33 148 142 24 -1
5.2556715 2.32936478 4.30346203 13 139 162 24 -1
5.47916985 2.36400509 4.32383366 12 126 168 24 -1
5.25216961 2.60361862 4.31633769 19 141 159 24 -1
5.61482143 2.50567055 4.34199093 14 117 169 24 -1
5.14614773 3.02956104 4.32791535 27 141 145 24 -1
5.63588524 2.79311371 4.35755622 15 110 167 24 -1
5.91073895 2.70156574 4.37616747 10 103 165 24 -1
6.02767563 2.88270855 4.39465376 12 103 167 24 -1
5.42564106 3.05417728 4.35249281 7 106 162 24 -1
5.06779003 2.17264938 4.29431972 30 159 148 24 -1
4.18626213 2.95622921 4.25235565 120 179 67 24 -1
4.93066311 2.93663979 4.30978961 78 170 100 24 -1
5.26368523 2.29018593 4.31754662 11 134 162 24 -1
5.43999004 2.56443882 4.34903428 11 117 165 24 -1
5.204916 2.81910324 4.33788588 28 150 154 24 -1
5.51834869 2.83869267 4.35745641 7 100 162 24 -1
6.10603428 2.56443882 4.39850289 21 121 172 24 -1
5.92972851 2.74074459 4.39738424 10 101 165 24 -1
6.20398045 2.91705036 4.41504128 15 100 168 -1 -1
4.85230541 2.07572269 4.27710792 64 173 119 24 -1
5.00902081 2.19943619 4.29616638 45 172 142 24 -1
4.16667271 2.79283524 4.25414933 138 174 39 24 -1
4.51928329 2.84646416 4.28624029 139 169 34 24 -1
4.91107368 2.9201479 4.32257383 89 177 99 24 -1
5.4008112 2.2372303 4.33077662 14 133 166 24 -1
5.53757286 2.29018593 4.34476725 13 130 167 24 -1
5.204916 2.71923256 4.33752309 26 148 153 24 -1
5.69465446 2.4933815 4.36767284 10 108 164 24 -1
5.12666702 2.95622921 4.34235295 31 146 142 24 -1
5.51834869 2.86127663 4.37058001 7 101 163 24 -1
5.99796391 2.5448494 4.3955332 22 128 170 24 -1
6.12562275 2.65260315 4.41139309 10 95 161 24 -1
5.91469383 2.79951286 4.40079106 9 96 162 24 -1
6.12562275 2.82898045 4.41986217 17 108 170 -1 -1
5.204916 3.07718563 4.35471086 17 133 155 24 -1
5.06779003 2.07470131 4.29772376 26 160 154 24 -1
5.1265583 2.21182823 4.309134 14 140 150 24 -1
4.22544098 2.77992344 4.26871304 145 185 46 24 -1
5.14614773 2.23141766 4.31846639 18 147 151 24 -1
5.45958042 2.32936478 4.34229151 10 123 165 24 -1
5.45958042 2.58402824 4.36665229 12 113 162 24 -1
5.16573715 3.01499748 4.35675938 26 139 147 24 -1
6.02767563 2.62320805 4.40896778 24 121 170 24 -1
6.20398045 2.64279747 4.42470826 14 105 167 -1 -1
6.10603428 2.79951286 4.41687048 16 106 167 24 -1
6.26274967 2.93663979 4.4491081 23 116 179 -1 -1
4.67599964 2.09429073 4.28283095 109 193 88 24 -1
4.70167351 2.11388016 4.28592064 103 188 92 24 -1
5.0780201 2.32936478 4.32777026 40 169 147 24 -1
4.12590981 2.93663979 4.27723166 125 192 71 24 -1
4.57775211 3.01499748 4.31881638 139 186 50 24 -1
4.89305687 2.99540806 4.34426888 86 169 90 24 -1
5.43999004 2.25062561 4.35428877 11 134 168 24 -1
5.74368 2.30977535 4.38254984 11 125 165 24 -1
5.55752754 2.50803471 4.37648741 13 115 166 24 -1
5.16573715 2.93213081 4.36405568 31 148 146 24 -1
5.53072453 2.79951286 4.38823968 6 97 160 24 -1
5.79260159 2.46997833 4.39433734 8 108 161 24 -1
6.05478382 2.66238689 4.4255226 23 122 173 24 -1
6.37115383 2.68197632 4.45294551 10 91 163 -1 -1
6.28262424 2.77992344 4.4502381 16 107 175 -1 -1
5.2440958 3.09625626 4.3784956 12 121 158 24 -1
4.61723137 2.01593304 4.28846 112 189 82 24 -1
4.85230541 2.05511189 4.29624174 57 170 120 24 -1
5.06779003 2.23141766 4.33374266 31 163 148 24 -1
4.81312656 3.01499748 4.34746522 109 173 71 24 -1
5.204916 2.30977535 4.34165929 16 140 154 24 -1
5.69465446 2.50567055 4.39289728 10 107 164 24 -1
5.204916 2.99540806 4.38467297 23 139 153 24 -1
5.79260159 2.48608112 4.41335053 7 104 159 24 -1
5.94931793 2.76033401 4.42639667 8 96 162 24 -1
6.28234005 2.99540806 4.46890204 30 114 181 -1 -1
4.74214268 1.93757439 4.30043196 72 185 116 24 -1
4.91107368 1.99375629 4.3172703 37 162 137 24 -1
4.77394676 2.16054821 4.31380067 94 186 99 24 -1
4.28579235 2.72115517 4.29985743 151 183 35 24 -1
4.17016125 3.03458786 4.30522838 104 178 79 24 -1
4.93066311 2.78803349 4.35704873 81 173 101 24 -1
4.16087437 3.07376671 4.30633225 104 181 85 24 -1
5.53793812 2.23751068 4.38144736 9 127 163 24 -1
5.21915436 2.62320805 4.37328299 19 135 147 24 -1
5.48845768 2.70156574 4.39958797 7 105 160 24 -1
5.55134487 2.81910324 4.41049582 7 100 161 24 -1
5.83178043 2.45406914 4.41644239 12 117 166 24 -1
5.92972851 2.6992979 4.4364164 13 104 165 24 -1
6.2431612 2.71230507 4.46327738 12 99 166 -1 -1
6.24476528 2.74074459 4.46477723 11 96 165 -1 -1
5.26814556 3.07376671 4.39901827 12 121 158 24 -1
4.71517849 1.91798496 4.30922386 66 166 106 24 -1
4.71517849 1.95716476 4.30474414 72 170 104 24 -1
4.85230541 2.03552246 4.33166758 48 162 122 24 -1
4.4409256 2.66238689 4.31021391 151 174 30 20 -1
5.204916 2.11388016 4.36078697 18 152 164 24 -1
5.204916 2.60361862 4.38528207 29 150 155 24 -1
5.43999004 2.91705036 4.41779014 13 114 165 24 -1
5.96890736 2.58402824 4.45072638 17 117 169 24 -1
5.94931793 2.81910324 4.44627791 10 100 165 24 -1
6.41946507 2.87787151 4.50267352 16 99 171 -1 -1
4.51928329 1.96859741 4.30285714 126 189 67 24 -1
4.83271599 2.0444212 4.33273438 57 166 117 24 -1
4.88363457 2.23141766 4.34597558 69 175 113 24 -1
4.46051502 2.6572094 4.3310028 151 179 31 20 -1
5.06981087 2.42731285 4.37096605 41 163 139 24 -1
4.97341728 2.76033401 4.37888788 71 167 104 24 -1
5.18532658 2.0958643 4.36472039 17 150 162 24 -1
5.71520042 2.23141766 4.41558322 11 132 166 24 -1
5.62132454 2.56443882 4.4237158 14 109 165 24 -1
5.27922726 3.03458786 4.41765502 18 130 161 24 -1
5.47145271 3.01499748 4.43280491 6 99 160 24 -1
5.77301216 2.68250942 4.44208244 12 104 165 24 -1
6.2771368 2.56443882 4.47861168 9 98 163 -1 -1
6.06537247 2.89746094 4.47687625 10 103 167 24 -1
6.43905544 2.82159328 4.5045131 18 103 174 -1 -1
4.57805157 1.89839554 4.32147539 103 179 81 24 -1
4.87189484 1.89839554 4.33026013 35 159 137 24 -1
4.77394676 2.19223881 4.34732957 102 186 98 24 -1
5.08737946 2.44690228 4.38380094 38 160 139 24 -1
5.26368523 2.07470131 4.38281371 18 153 167 24 -1
5.63588524 2.56443882 4.42788052 12 108 164 24 -1
5.55752754 2.93663979 4.44919742 8 104 163 24 -1
5.94931793 2.56443882 4.46272099 16 118 169 24 -1
5.98849678 2.87787151 4.47536763 7 95 160 24 -1
6.45864582 2.87787151 4.51641788 22 103 174 -1 -1
4.63682079 1.89821529 4.32890573 82 174 97 24 -1
4.93066311 1.95505428 4.35623153 30 162 144 24 -1
4.81312656 2.19728565 4.35802411 89 185 105 24 -1
5.05563354 2.3489542 4.38560621 40 169 147 24 -1
4.10581303 2.95622921 4.33525928 116 185 77 24 -1
4.92997074 2.79951286 4.39672178 80 172 99 24 -1
3.9836235 3.1521244 4.33443746 73 169 101 24 -1
5.38122177 2.10293102 4.40104688 10 136 164 24 -1
5.75755024 2.30977535 4.4424801 8 117 164 24 -1
5.51591969 2.68197632 4.44012591 15 113 165 24 -1
5.630229 2.77992344 4.45439748 13 105 166 24 -1
5.86611938 2.50567055 4.46097433 13 113 166 24 -1
5.92733288 2.70156574 4.47550458 10 104 164 24 -1
6.02767563 2.8204565 4.48961269 8 93 161 24 -1
6.44303417 2.72115517 4.51961285 15 98 168 -1 -1
1.56126785 1.72208977 4.07753642 128 52 23 -1 -1
4.49969387 2.03552246 4.33701415 136 185 57 24 -1
4.96984196 1.91798496 4.36915899 32 171 152 24 -1
4.57805157 2.13346958 4.35140437 134 195 63 24 -1
4.22544098 2.72115517 4.34347353 148 175 33 24 -1
4.00995636 3.1521244 4.34214153 77 177 105 24 -1
5.43999004 2.11388016 4.42460219 12 136 165 24 -1
5.55752754 2.60361862 4.44151711 13 112 166 24 -1
5.57711697 2.99540806 4.47489451 13 106 165 24 -1
6.02767563 2.83869267 4.49989443 5 91 161 24 -1
6.43905544 2.76033401 4.52946183 20 105 173 -1 -1
1.53033638 1.70250034 4.07906395 117 33 16 12 -1
4.48010445 1.87390995 4.33420987 123 179 63 24 -1
4.87189484 1.78135777 4.36256129 27 161 147 24 -1
4.59764194 2.18428612 4.35895182 135 200 65 24 -1
4.6905098 2.40772343 4.37745424 129 186 64 24 -1
4.36256695 2.65667534 4.3619571 151 177 29 -1 -1
4.63588715 2.42731285 4.37382257 142 187 50 24 -1
4.8810854 2.87787151 4.41598171 97 180 89 24 -1
4.06872463 3.11034966 4.35914452 90 174 92 24 -1
5.42040062 2.10019493 4.42378445 9 135 164 24 -1
6.28234005 2.02825069 4.49248003 18 146 171 -1 -1
5.51834869 2.70628643 4.46108595 13 111 166 24 -1
5.65547466 2.73472214 4.4739297 12 107 166 24 -1
5.89054966 2.53896809 4.48420757 14 113 166 24 -1
6.0864439 2.43812752 4.49576319 14 115 167 24 -1
6.39987659 2.61664677 4.53057153 13 97 167 -1 -1
1.46331978 1.70250034 4.087334 129 45 23 12 -1
1.54167843 1.78085899 4.09555472 115 39 20 -1 -1
4.48010445 1.64373207 4.33913723 103 170 79 24 -1
5.02861118 1.78085899 4.38473548 22 168 168 24 -1
5.02861118 1.82003784 4.38053801 24 170 167 24 -1
4.59764194 2.36854362 4.37186289 146 199 57 24 -1
4.67599964 2.44690228 4.39385841 131 185 57 24 -1
3.89241886 3.11294556 4.35477273 85 193 113 24 -1
5.67506504 2.19223881 4.46292989 13 134 165 24 -1
5.77301216 2.29018593 4.47571548 7 117 161 24 -1
5.73383331 2.58402824 4.47841906 7 99 159 24 -1
5.87095928 2.5448494 4.4970141 15 117 167 24 -1
6.49782467 2.74074459 4.54652118 16 100 173 -1 -1
1.50301075 1.76126957 4.09918795 119 39 20 12 -1
4.3768568 1.6633215 4.33504498 147 176 52 24 -1
4.98943138 1.7438879 4.39019013 22 166 167 24 -1
4.51928329 1.8611517 4.35646621 105 172 70 24 -1
5.08737946 2.03425407 4.4123315 20 155 154 24 -1
4.69558907 2.26118946 4.39043273 111 176 69 24 -1
4.00995636 2.5523262 4.34702013 173 200 33 -1 -1
4.18626213 2.72573662 4.37010472 144 174 35 24 -1
5.04820061 2.46964836 4.42995821 42 163 136 24 -1
4.96984196 2.76885414 4.43776598 72 166 104 24 -1
3.93159866 3.08483791 4.36603058 80 170 92 24 -1
5.36163235 1.93956661 4.43074171 24 163 172 24 -1
5.75342274 2.25238419 4.4785577 8 120 162 24 -1
5.87635326 2.11388016 4.48219729 19 153 173 24 -1
5.18532658 2.71356297 4.45314858 24 138 144 24 -1
5.59670639 2.74382591 4.48903696 8 97 161 24 -1
5.76708317 2.66238689 4.4993882 10 103 164 24 -1
6.25947285 2.5448494 4.53496074 10 102 166 -1 -1
6.50380421 3.05417728 4.57986922 15 80 167 -1 -1
1.56126785 1.83962727 4.1155336 109 27 16 3 -1
4.4409256 1.76126957 4.36117959 126 181 68 24 -1
4.51928329 1.74168015 4.36863004 95 174 84 24 -1
4.40174675 1.95716476 4.37004718 140 183 46 24 -1
4.59764194 2.21182823 4.38972187 141 198 67 24 -1
4.1274929 2.52525997 4.36915086 162 177 21 12 -1
4.91107368 2.60361862 4.44165435 87 184 103 24 -1
3.99036694 3.13253498 4.38013808 78 172 98 24 -1
5.96890736 2.07470131 4.4942547 12 142 166 24 -1
6.22357082 2.15305901 4.52374688 24 146 172 -1 -1
5.14614773 2.74074459 4.45248839 30 143 136 24 -1
6.12562275 2.44690228 4.52137568 19 123 175 -1 -1
5.57711697 3.11294556 4.52459804 9 100 163 24 -1
1.46497345 1.76126957 4.1155934 120 40 21 12 -1
4.38215733 1.61811733 4.35290754 142 179 62 -1 -1
4.63937187 1.64373207 4.37566806 56 176 124 -1 -1
4.17658234 1.97675419 4.35292014 171 170 28 24 -1
4.46051502 2.06008625 4.38068855 143 189 51 24 -1
5.1265583 2.03643799 4.43530532 18 155 160 24 -1
4.75435734 2.25511074 4.41464958 103 171 73 24 -1
4.04913521 2.51957989 4.36831672 169 191 29 12 -1
4.10790348 2.73229122 4.38344974 144 174 34 24 -1
4.71517849 2.44841576 4.42065194 122 177 61 24 -1
5.04820061 2.62391663 4.45695511 53 165 124 24 -1
4.87228203 2.93663979 4.45724552 98 176 86 24 -1
4.75875187 3.07376671 4.45432668 115 174 64 24 -1
5.49875927 2.12911034 4.47091087 8 130 162 24 -1
5.99418831 2.05511189 4.50882844 14 148 166 24 -1
5.82403374 2.36854362 4.50963535 13 122 168 24 -1
5.65547466 2.64170361 4.5086421 7 98 162 24 -1
5.88123894 2.58402824 4.5247707 14 114 167 24 -1
6.34033871 2.56443882 4.56225981 8 90 161 -1 -1
5.61629581 3.08739662 4.52676333 6 95 161 24 -1
1.69839382 1.76126957 4.14440959 116 36 16 3 -1
4.4409256 1.78085899 4.37998253 125 180 65 24 -1
4.75435734 1.74168015 4.40455411 51 184 145 24 -1
4.46051502 2.07470131 4.3931825 142 186 50 24 -1
4.55846214 2.15305901 4.41074094 136 188 57 24 -1
4.1274929 2.72115517 4.40152733 143 172 34 24 -1
5.04820061 2.50567055 4.46808105 46 163 134 24 -1
3.93159866 3.05417728 4.4012691 87 172 90 24 -1
5.69465446 2.17264938 4.50874832 14 133 166 24 -1
6.0080862 2.19223881 4.53240145 15 139 169 24 -1
6.2431612 2.19223881 4.54900893 16 131 171 -1 -1
5.73383331 2.64279747 4.5234239 9 99 163 24 -1
6.22357082 2.44690228 4.55107423 20 121 175 -1 -1
6.53700352 3.03458786 4.61482776 16 80 170 -1 -1
7.04580021 -2.03909588 4.419854 23 62 156 -1 -1
1.47518158 1.64373207 4.13039353 135 53 25 12 -1
1.6788044 1.8780365 4.15868868 109 34 18 3 -1
4.37684631 1.76126957 4.37892611 145 176 48 24 -1
4.83271599 1.68914318 4.41362218 29 172 153 -1 -1
4.14736176 1.99634361 4.37100422 172 168 23 24 -1
4.39760685 1.99634361 4.39195141 153 187 45 24 -1
5.11900997 1.97675419 4.45139707 14 153 159 24 -1
4.81312656 2.26006031 4.43939604 89 175 92 24 -1
4.1274929 2.4973259 4.39339664 164 187 28 12 -1
4.4409256 2.65287209 4.42710189 153 181 32 -1 -1
4.69558907 2.48229599 4.44022841 124 178 59 24 -1
4.93482304 2.66238689 4.46890129 85 179 102 24 -1
4.98943138 2.77073669 4.47867499 64 162 109 24 -1
4.08228207 3.05417728 4.41635042 95 171 81 24 -1
5.43999004 1.94618702 4.47679752 18 152 169 24 -1
5.87095928 2.07161808 4.51889533 11 141 165 24 -1
5.85011005 2.13346958 4.52012003 15 141 167 24 -1
6.02455616 2.36854362 4.54600984 9 113 163 24 -1
5.14027977 2.66238689 4.4860994 38 163 147 24 -1
6.2431612 2.45278835 4.56835372 12 109 169 -1 -1
6.55659199 2.61810589 4.602528 19 90 172 -1 -1
1.4829092 1.62414265 4.14840554 144 60 26 -1 -1
4.38215733 1.78085899 4.39604884 144 176 47 24 -1
4.71517849 1.78085899 4.4269252 53 170 125 24 -1
4.38215733 2.01593304 4.40988456 154 181 38 24 -1
4.57805157 2.388134 4.43867908 147 196 52 24 -1
4.1274929 2.58402824 4.41330784 160 181 26 -1 -1
4.91107368 2.64279747 4.46886328 95 193 105 24 -1
4.00995636 3.09335613 4.42174288 83 172 95 24 -1
5.14614773 1.97675419 4.47195062 12 146 156 24 -1
6.06685448 2.03552246 4.54063805 11 139 165 -1 -1
6.06685448 2.13346958 4.55308691 18 145 169 24 -1
6.0864439 2.21182823 4.55661333 11 131 165 24 -1
6.20398045 2.29018593 4.57420458 19 135 176 -1 -1
6.45864582 2.50567055 4.59108577 22 116 182 -1 -1
6.57618237 3.13253498 4.62926296 13 66 168 -1 -1
6.8504343 -1.31435585 4.4578897 27 131 176 -1 -1
1.46376514 1.64373207 4.14902733 135 53 25 12 -1
1.66777706 1.89839554 4.17833263 111 33 20 3 -1
4.36256695 1.63293171 4.39115789 147 177 57 -1 -1
4.69558907 1.75007915 4.42465912 54 165 120 24 -1
3.81406116 2.72256374 4.39756494 142 182 46 24 -1
4.26461983 2.02621555 4.40184329 162 172 26 24 -1
4.5810318 2.21182823 4.43724163 139 200 61 24 -1
4.96984196 2.34207344 4.47604161 61 178 126 24 -1
4.06872463 2.61418056 4.41367776 153 177 23 -1 -1
4.09746265 2.74074459 4.42216053 145 181 40 24 -1
4.67599964 2.51545334 4.45977018 141 197 54 24 -1
4.95025253 2.69718361 4.4914531 77 165 96 24 -1
5.05492687 2.74074459 4.5023067 44 151 122 24 -1
4.06507587 3.07376671 4.4354402 88 170 87 24 -1
5.43999004 1.93500137 4.49584985 17 152 169 24 -1
5.59670639 2.14838409 4.51921402 14 140 167 24 -1
6.06685448 2.08175373 4.55536919 13 142 166 -1 -1
5.94045067 2.19223881 4.55009348 5 125 161 24 -1
6.00957108 2.3489542 4.5634043 14 127 168 24 -1
5.89054966 2.41031647 4.55638783 14 121 165 24 -1
6.55659199 2.52476978 4.61763572 16 88 166 -1 -1
6.68428135 3.1521244 4.65844775 14 54 166 -1 -1
6.88961506 -1.19674683 4.48237103 25 116 172 -1 -1
1.63962555 1.91798496 4.18967122 107 38 21 3 -1
4.93066311 1.70250034 4.45835773 12 151 157 -1 -1
4.2450304 2.05511189 4.40697834 169 188 28 24 -1
4.16667271 2.5448494 4.41979978 158 177 23 -1 -1
4.67599964 2.52525997 4.46594309 137 182 51 24 -1
4.57805157 2.77992344 4.48090237 140 167 31 24 -1
5.18532658 1.87880611 4.47204716 15 157 166 24 -1
5.47916985 2.09429073 4.51639393 6 130 161 24 -1
6.0080862 2.25100708 4.56755574 12 131 165 24 -1
6.28234005 2.2705965 4.59482735 20 130 170 -1 -1
6.57618237 2.56443882 4.63301449 11 83 164 -1 -1
6.69371891 3.21089268 4.6630953 10 42 164 -1 -1
5.65547466 -2.68014193 4.31187228 26 173 176 25 -1
1.25782108 1.42824745 4.14103097 122 43 17 -1 -1
1.4598608 1.64373207 4.16828993 132 44 22 -1 -1
1.6788044 1.90342426 4.19908657 118 49 28 3 -1
4.34297752 1.69164658 4.41192684 148 177 51 24 -1
4.82588863 1.68291092 4.45193028 30 170 152 -1 -1
3.85324001 2.74900913 4.42170371 138 186 51 24 -1
4.2450304 1.96851063 4.41702214 158 163 26 24 -1
4.53893375 2.17264938 4.45142592 141 195 56 24 -1
4.95025253 2.34510136 4.49413665 64 175 120 24 -1
3.89868164 2.68197632 4.42228878 148 180 36 24 -1
4.49524975 2.68197632 4.47222553 150 177 30 -1 -1
4.61723137 2.51449203 4.47439415 152 196 51 24 -1
5.00902081 2.46481419 4.50480418 61 177 130 24 -1
4.89148426 2.8986721 4.51579806 92 172 85 24 -1
5.15280914 1.82003784 4.48588012 13 152 163 24 -1
5.48456287 2.07470131 4.52587826 8 129 161 24 -1
6.06685448 1.96999264 4.5695922 7 139 161 -1 -1
5.98849678 2.23918533 4.57595891 14 135 166 24 -1
6.30192852 2.28162384 4.60423301 12 118 167 -1 -1
6.39987659 2.30734348 4.6136669 20 117 173 -1 -1
6.67895794 3.05417728 4.67288846 11 51 162 -1 -1
5.53793812 -2.72472858 4.31638753 18 162 173 25 -1
1.24783516 1.50660515 4.1605143 128 48 21 -1 -1
1.73757267 1.78085899 4.21167335 121 43 20 27 -1
4.69558907 1.64373207 4.45151411 46 169 132 -1 -1
4.26461983 1.95716476 4.42900235 163 175 28 24 -1
5.00902081 2.388134 4.50643325 54 169 132 24 -1
4.20585155 2.68197632 4.46525198 150 175 30 -1 -1
4.69558907 2.56443882 4.49859312 135 181 50 24 -1
4.95025253 2.76033401 4.51725817 79 168 97 24 -1
5.73383331 2.11388016 4.56007016 20 149 175 24 -1
5.98849678 2.36854362 4.58734015 10 117 164 24 -1
6.30192852 2.4664917 4.613167 7 96 162 -1 -1
6.67413044 2.99540806 4.67238615 14 61 165 -1 -1
5.65547466 -2.80062866 4.32567632 30 181 179 25 -1
7.04303265 -2.07827473 4.47650937 21 60 156 -1 -1
1.24109936 1.50660515 4.16298316 128 47 21 -1 -1
1.67768669 1.56537437 4.20235036 137 56 21 27 -1
2.01730824 1.44783688 4.22513519 165 109 24 27 -1
3.07768345 1.36947918 4.31013322 172 92 40 12 -1
4.28370285 1.78085899 4.43083828 153 161 32 24 -1
4.95025253 1.70140076 4.48281763 16 155 161 -1 -1
3.87282944 3.00206947 4.45508406 91 172 85 24 -1
4.3233881 1.98191929 4.44381448 151 173 30 24 -1
4.53887272 2.18953228 4.4718209 146 203 59 24 -1
4.95025253 2.35056591 4.51398847 64 175 120 24 -1
4.02954578 2.64440918 4.45102856 152 176 26 -1 -1
4.38124561 2.66238689 4.48133143 147 168 25 20 -1
3.99036694 2.96817398 4.46329518 113 194 87 24 -1
4.81312656 2.55609035 4.51237874 111 184 78 24 -1
4.89148426 2.68169022 4.52496871 103 184 87 24 -1
4.89157104 2.89746094 4.5353366 91 171 85 24 -1
5.35054398 1.83962727 4.5229619 18 160 169 24 -1
5.67759228 2.13346958 4.56444741 9 132 163 24 -1
6.26274967 2.01161289 4.60757784 16 148 169 -1 -1
5.98849678 2.25897503 4.59649858 11 128 165 24 -1
6.36537647 2.4664917 4.63801022 14 106 169 -1 -1
6.57665539 2.5448494 4.65945817 14 85 164 -1 -1
5.63588524 -2.64637041 4.3387258 27 175 179 25 -1
1.89428902 1.40865803 4.22896955 175 123 30 12 -1
2.05100536 1.3890686 4.24408446 177 135 25 27 -1
1.62003613 1.93757439 4.21823652 113 43 25 3 -1
4.91107368 1.68291092 4.49357145 15 159 158 -1 -1
4.36256695 1.87880611 4.46125447 142 169 37 24 -1
3.91200829 2.62320805 4.44414487 152 177 27 -1 -1
3.91200829 2.89746094 4.46820935 120 188 71 24 -1
4.79353619 2.4664917 4.51238853 98 174 79 24 -1
4.89148426 2.70156574 4.54211455 102 188 90 24 -1
5.49875927 1.95716476 4.55150747 14 150 167 24 -1
5.92972851 2.23141766 4.60141595 6 121 161 24 -1
6.38028622 2.4664917 4.65168655 11 102 166 -1 -1
1.18906689 0.40377903 4.12526292 177 145 40 -1 -1
5.53793812 -2.66524601 4.34192779 27 180 179 25 -1
7.07422161 -1.99991655 4.50247203 20 48 149 -1 -1
1.20905781 1.42824745 4.176128 123 45 20 -1 -1
1.4829092 1.59891701 4.20724621 124 38 16 -1 -1
1.69530582 1.60455322 4.22529586 146 54 24 27 -1
2.0059576 1.52619553 4.24753702 175 112 28 12 -1
1.64670181 1.93757439 4.237218 116 46 24 3 -1
3.16760731 1.3386364 4.3357689 152 68 28 -1 -1
4.61364555 1.52619553 4.46581799 63 177 121 13 -1
5.02861118 1.71143246 4.50944788 16 160 166 -1 -1
4.18626213 1.95783424 4.45076905 172 165 24 24 -1
4.34297752 2.075634 4.46954354 156 186 38 24 -1
4.55896378 2.36854362 4.50168763 145 188 48 24 -1
4.08831406 2.49532127 4.46837855 160 178 21 12 -1
4.16667271 2.70492077 4.485002 144 174 32 -1 -1
3.89241886 2.86780643 4.46986636 124 183 60 24 -1
4.62383461 2.56443882 4.51652402 147 187 44 24 -1
4.71517849 2.71779156 4.53153362 135 180 53 24 -1
4.5946846 2.83869267 4.52725276 136 168 36 24 -1
3.7711544 3.13253498 4.47242714 81 208 129 24 -1
5.45958042 1.89709377 4.55443776 14 151 166 24 -1
5.79260159 2.08237553 4.59121051 15 144 166 24 -1
5.87095928 2.22952938 4.60483543 16 138 171 24 -1
6.3215189 2.38831425 4.65017464 14 110 167 -1 -1
6.53700352 2.49380016 4.67327725 27 107 175 -1 -1
5.71424389 -2.70513916 4.36506418 16 162 171 25 -1
0.405486107 1.42824745 4.11517984 103 180 106 27 -1
0.738508224 1.72208977 4.15646827 137 64 22 27 -1
1.56126785 1.54578495 4.23035812 134 54 19 27 -1
2.05100536 1.4674263 4.26095519 170 107 20 27 -1
0.738508224 1.80044842 4.17233769 137 64 21 27 -1
0.620970726 1.95716476 4.16637815 131 49 18 27 -1
3.14801788 1.33030033 4.34193046 159 79 30 12 -1
4.69558907 1.5849638 4.48715583 48 171 131 13 -1
3.87282944 2.97581863 4.47908259 96 174 81 24 -1
4.30379868 2.09429073 4.47021828 172 193 39 24 -1
4.00995636 2.68197632 4.48959806 150 173 26 -1 -1
3.89241886 2.95622921 4.4778515 105 178 80 24 -1
4.73476791 2.77992344 4.54162037 135 186 64 24 -1
5.38122177 1.83962727 4.54514024 12 149 164 24 -1
5.53793812 2.07470131 4.57961867 11 141 165 24 -1
6.12562275 1.91798496 4.62844888 25 163 179 -1 -1
6.53700352 2.388134 4.67851176 20 96 168 -1 -1
1.14988804 0.489155769 4.14567232 172 119 41 -1 -1
5.50769901 -2.66595984 4.35895172 27 178 179 25 -1
7.03224087 -2.137043 4.511963 20 62 157 -1 -1
5.37411022 0.468361855 4.49826959 35 189 184 13 -1
0.689249992 1.52619553 4.15690918 136 79 25 27 -1
1.32619381 1.37638855 4.20303239 119 43 14 -1 -1
1.97264767 1.33839607 4.25532064 174 123 25 12 -1
1.43771362 1.70250034 4.2280262 125 36 20 12 -1
1.75716305 1.78048611 4.25851089 122 46 23 27 -1
0.479652405 1.89839554 4.15723631 152 112 45 -1 -1
0.774415016 1.87880611 4.1809693 117 33 14 27 -1
1.73288727 1.80044842 4.25743737 121 43 20 27 -1
3.18719673 1.4149828 4.36066399 159 74 31 -1 -1
4.26461983 1.71326733 4.46517421 157 152 30 24 -1
4.87189484 1.67459393 4.51415022 24 169 159 -1 -1
3.81406116 2.60574627 4.47031342 154 182 29 -1 -1
4.1274929 1.91984653 4.46361504 184 184 44 24 -1
4.14171791 2.11388016 4.47412264 171 180 22 24 -1
4.56061459 2.36854362 4.52141524 146 190 48 24 -1
4.14708328 2.49671364 4.49295421 165 188 23 -1 -1
4.20585155 2.59512329 4.50259882 158 177 22 -1 -1
4.10790348 2.74816036 4.50174827 136 166 34 24 -1
4.6506567 2.72115517 4.54588365 142 179 41 24 -1
4.8860836 2.72115517 4.56559046 101 177 83 24 -1
4.90019703 2.81910324 4.571475 87 171 91 24 -1
5.45958042 1.76651859 4.56775738 21 164 172 -1 -1
5.55752754 1.98092556 4.58625135 10 139 163 24 -1
5.89620972 1.99634361 4.61534165 10 143 161 24 -1
5.77301216 2.27825737 4.61856579 6 118 161 24 -1
6.47823429 2.31549835 4.6793858 12 94 164 -1 -1
5.65547466 -2.84226561 4.37803648 26 173 175 25 -1
7.06591892 -1.99991655 4.52227818 22 57 152 -1 -1
0.444665909 1.40865803 4.14611381 113 176 93 27 -1
0.699329376 1.5849638 4.16795333 143 87 28 27 -1
0.64056015 1.76126957 4.16983163 140 75 25 27 -1
1.89428902 1.34988976 4.2677317 168 115 24 12 -1
2.09018421 1.36947918 4.27054942 185 149 27 27 -1
0.562202454 1.99634361 4.17973089 144 73 30 27 -1
1.63962555 1.95716476 4.27427517 130 61 44 3 -1
4.26461983 1.70250034 4.47628632 156 153 33 24 -1
3.87282944 2.60361862 4.48844386 153 175 25 -1 -1
4.40174675 2.09429073 4.49622992 157 189 40 24 -1
3.99036694 2.70156574 4.49776236 143 174 32 24 -1
4.61723137 2.58402824 4.54527322 151 189 47 24 -1
4.89148426 2.79951286 4.58834064 95 170 82 24 -1
5.45958042 1.74168015 4.58452623 12 151 168 -1 -1
5.67506504 1.97675419 4.60979907 13 151 167 24 -1
5.55752754 2.11388016 4.59754398 14 143 168 24 -1
6.14521313 1.89839554 4.64518129 20 160 177 -1 -1
6.55659199 2.36854362 4.70515835 16 90 167 -1 -1
1.24642086 0.468361855 4.17234469 162 114 29 -1 -1
5.51834869 -2.65225744 4.38009149 20 165 175 25 -1
6.1648016 -2.29065847 4.45156677 22 170 176 13 -1
6.79413509 -1.35346317 4.54924734 24 136 175 -1 -1
5.4008112 0.51288414 4.52223284 19 168 174 13 -1
0.366307259 1.54708576 4.15047017 106 174 102 27 -1
0.660150528 1.64342213 4.17969258 139 87 31 27 -1
0.816865921 1.7545557 4.19814699 135 58 23 27 -1
1.85112953 1.4674263 4.27093476 173 112 31 27 -1
1.65921497 1.64529324 4.26341082 142 56 30 27 -1
1.76623058 1.78085899 4.27887818 121 41 21 27 -1
0.45512104 1.87880611 4.17383263 151 117 45 -1 -1
0.758524895 2.01593304 4.20581397 119 37 19 27 -1
1.69839382 1.85048485 4.27654301 137 58 38 27 -1
3.14801788 1.44513035 4.37842243 159 79 28 -1 -1
4.48010445 1.56559563 4.49571137 104 172 79 13 -1
4.75463867 1.64373207 4.52244359 34 163 140 -1 -1
2.87913418 2.2705965 4.39555132 135 214 102 12 -1
3.77488232 2.66885853 4.48965472 150 188 39 24 -1
4.12819862 1.93757439 4.48411573 181 183 40 24 -1
4.28420925 2.12469769 4.50615993 168 185 34 24 -1
4.79073143 2.40772343 4.56214923 97 167 73 24 -1
4.00995636 2.70337105 4.51098918 140 169 33 -1 -1
4.49969387 2.7023201 4.55193303 152 178 33 24 -1
4.81312656 2.45275974 4.56618635 95 167 73 24 -1
4.82856083 2.64279747 4.57660331 116 186 73 24 -1
4.79353619 3.0069809 4.59115844 106 169 69 24 -1
3.77644444 3.05417728 4.50828726 88 187 103 24 -1
5.42040062 1.74203014 4.58289229 15 155 168 -1 -1
5.57711697 2.09355545 4.61288963 14 147 167 24 -1
5.83178043 2.01301289 4.63033927 12 146 166 24 -1
5.81219101 2.37010288 4.64584583 8 114 163 24 -1
0.699329376 -0.00178623199 4.116109 177 204 29 27 -1
4.14708328 -0.00178623199 4.40819957 195 190 66 1 -1
5.75342274 -2.78349686 4.41294587 24 166 175 13 -1
6.22357082 -2.27416992 4.46238958 25 172 176 -1 -1
7.06591892 -2.9402132 4.51084146 26 74 171 -1 -1
5.36163235 0.429183006 4.51539392 36 192 184 13 -1
0.405486107 1.54578495 4.1556623 110 168 94 27 -1
0.660150528 1.64373207 4.17979998 139 81 28 27 -1
1.83552074 1.44783688 4.28525099 170 105 26 27 -1
2.09018421 1.48701572 4.30425406 192 146 36 27 -1
0.816865921 1.82003784 4.20725647 130 51 20 27 -1
2.69745922 1.6633215 4.35811484 167 161 23 28 -1
2.63869095 1.80044842 4.37052595 170 183 39 28 -1
3.77488232 2.66238689 4.49317202 150 188 39 24 -1
4.42133617 2.13346958 4.52337821 155 185 39 24 -1
3.95118809 2.76033401 4.51297166 136 176 44 24 -1
4.83271599 2.72115517 4.59432159 103 169 70 24 -1
2.50156403 3.07376671 4.41481519 35 171 153 28 -1
5.55752754 1.89839554 4.6069515 13 143 163 24 -1
5.73383331 1.89839554 4.63512672 13 152 166 -1 -1
5.77301216 1.93757439 4.63247308 14 154 167 -1 -1
6.18439198 1.87880611 4.66851057 19 154 171 -1 -1
6.57618237 2.40772343 4.71276312 20 96 169 -1 -1
1.16947746 0.506723404 4.18733544 172 108 38 -1 -1
4.21156979 -0.178092003 4.40909632 198 194 61 1 -1
4.09162712 0.233287811 4.41880946 194 153 46 1 -1
5.51302433 -2.64637041 4.39951792 23 172 177 25 -1
6.09670734 -2.29375935 4.46530736 30 181 179 13 -1
6.99044895 -3.05775023 4.50343512 26 88 173 -1 -1
7.06591892 -2.97767115 4.5135976 24 77 172 -1 -1
7.02674007 -2.23048687 4.54619548 22 67 160 -1 -1
5.36163235 0.415537834 4.53386848 35 191 184 13 -1
0.280138016 1.42824745 4.15714042 82 210 147 27 -1
0.600436211 1.50660515 4.18771401 145 139 55 27 -1
1.28701401 1.36173916 4.23822917 121 51 19 -1 -1
1.28701401 1.55624199 4.24756858 136 52 25 -1 -1
1.50249863 1.57851219 4.26667543 131 47 20 27 -1
1.71411324 1.48701572 4.27999563 135 57 15 27 -1
2.06221962 1.31071091 4.30066887 189 165 32 27 -1
0.446640968 1.85921669 4.1917716 140 99 39 27 -1
0.793684959 1.91798496 4.22364338 117 33 15 27 -1
1.70290756 1.82003784 4.2950483 116 37 18 27 -1
3.22637558 1.3647356 4.40071062 134 41 21 -1 -1
4.38215733 1.59274578 4.50840563 132 165 56 -1 -1
4.73476791 1.58028889 4.53732336 38 172 145 13 -1
2.75622749 1.79471588 4.38200236 172 177 31 12 -1
3.19854927 2.2705965 4.44187793 154 206 61 28 -1
3.81406116 2.87020111 4.52219151 126 191 68 24 -1
4.16667271 2.14543343 4.51690643 169 176 21 24 -1
4.79644966 2.388134 4.58127669 90 164 79 24 -1
4.06872463 2.70824146 4.53573177 140 168 30 -1 -1
4.49384594 2.70156574 4.57099672 149 173 29 24 -1
4.61391354 2.60361862 4.57634408 149 187 44 24 -1
4.66772938 2.74074459 4.58743318 140 178 43 24 -1
4.81384468 2.85828209 4.60530778 117 182 74 24 -1
3.74561024 3.09335613 4.5271769 78 191 115 24 -1
5.42040062 1.72192287 4.60151623 19 158 169 -1 -1
5.89054966 1.90122986 4.64948061 15 153 167 -1 -1
5.8008585 2.32936478 4.66253054 6 114 159 24 -1
0.679739952 -0.0213766098 4.12794812 180 207 32 -1 -1
2.77581692 -0.11932373 4.30809536 227 216 86 4 -1
4.16667271 -0.138913155 4.41750856 230 205 71 1 -1
4.14708328 -0.0605554581 4.41407326 253 214 102 1 -1
4.14708328 0.0961608887 4.42355618 187 161 39 1 -1
4.2450304 -0.0605554581 4.42074049 195 179 47 1 -1
4.06872463 0.252877235 4.42446293 195 156 51 1 -1
4.04913521 0.44877243 4.44500294 179 100 34 1 -1
5.77301216 -2.80308676 4.42382546 21 169 175 13 -1
6.30192852 -2.21540117 4.49520135 25 173 176 -1 -1
6.45864582 -2.97939205 4.47021807 17 149 169 -1 -1
6.90920353 -3.07733965 4.5100055 26 100 174 -1 -1
6.92879391 -2.92062378 4.51696926 22 91 172 -1 -1
6.88961506 -2.80308676 4.50862753 23 102 173 -1 -1
6.51741314 -2.137043 4.52519915 25 156 175 -1 -1
6.81125546 -1.41223145 4.56854662 27 135 176 -1 -1
-0.00589370728 1.99634361 4.16276367 72 172 121 27 -1
0.483844757 1.52619553 4.19672413 125 147 69 27 -1
1.20865631 1.56537437 4.26043376 130 43 21 -1 -1
1.93346786 1.62414265 4.30878955 151 75 24 12 -1
0.581791878 2.09429073 4.23225831 140 57 25 -1 -1
1.6004467 1.99634361 4.31043448 122 46 34 3 -1
4.18626213 1.78085899 4.5030804 174 159 33 24 -1
2.75622749 1.99634361 4.39511424 179 205 67 12 -1
3.81406116 2.60361862 4.51241612 154 179 28 -1 -1
4.46051502 2.19223881 4.55379835 151 194 48 24 -1
4.00995636 2.79951286 4.55436674 128 170 47 24 -1
4.83271599 2.89746094 4.62158034 100 169 74 24 -1
5.30286407 1.74168015 4.5966451 16 158 170 -1 -1
5.87095928 1.89839554 4.65771538 17 157 168 -1 -1
0.738508224 -0.0555372238 4.14385188 173 195 25 27 -1
1.10291004 0.390003204 4.19574819 172 126 28 -1 -1
2.79540634 -0.170497894 4.310508 189 171 44 4 -1
4.1427021 -0.138913155 4.42480229 201 191 56 1 -1
4.14708328 0.190179825 4.44097102 192 163 44 1 -1
4.12907505 0.27246666 4.44341477 189 152 41 -1 -1
4.06102467 0.44877243 4.44618413 179 102 35 -1 -1
5.49875927 -2.64973879 4.41775152 24 175 178 25 -1
5.78089142 -2.68554926 4.43964836 24 168 176 13 -1
6.30192852 -2.25879383 4.5037541 32 176 181 -1 -1
6.51925182 -2.9402132 4.48922593 30 163 178 -1 -1
6.65454006 -2.89350128 4.50279342 23 142 177 -1 -1
6.71806431 -2.56801224 4.52373977 22 130 172 -1 -1
6.53700352 -2.07692289 4.53216432 25 152 178 -1 -1
7.0071516 -1.96570778 4.57685906 25 68 159 -1 -1
7.26181507 -1.20323944 4.63478741 19 41 141 -1 -1
0.0332860947 1.97912407 4.18251802 76 161 109 27 -1
0.632353783 1.4674263 4.2080939 144 117 42 27 -1
0.534377098 1.5849638 4.20553637 137 141 63 27 -1
1.32952785 1.36947918 4.26174894 116 42 14 -1 -1
1.29116535 1.56537437 4.267944 137 56 27 -1 -1
1.8488245 1.3890686 4.30615817 156 86 20 12 -1
1.43493176 1.76126957 4.28938448 121 41 20 -1 -1
1.93346786 1.62956715 4.32479136 151 76 25 12 -1
2.59951115 1.70550156 4.38418978 173 173 28 28 -1
0.660150528 2.06423473 4.23907752 121 31 14 27 -1
1.26742458 2.51461792 4.3115364 164 89 26 12 -1
1.68523502 1.85921669 4.31503965 150 89 61 27 -1
3.2351141 1.3890686 4.42219991 137 40 16 -1 -1
4.17692184 1.76126957 4.51890744 177 157 35 24 -1
4.69558907 1.5278101 4.55111339 47 174 138 13 -1
2.6778698 1.85912514 4.39812544 245 239 112 -1 -1
2.95212269 2.06649303 4.4310394 154 190 51 12 -1
2.99130154 2.30891609 4.44595931 122 202 85 12 -1
3.77158737 2.68197632 4.52918764 143 177 36 24 -1
4.12940979 1.99634361 4.52621787 182 188 38 24 -1
4.49969387 2.21183014 4.56756011 152 200 52 24 -1
4.04913521 2.52641964 4.54495091 159 175 19 12 -1
4.38215733 2.68884182 4.5806261 148 171 26 -1 -1
4.61417389 2.62320805 4.59689591 154 191 46 24 -1
4.62161636 2.87787151 4.60974703 139 171 39 24 -1
2.54074287 3.05966568 4.44429314 35 169 154 28 -1
3.72584724 3.21089268 4.55075576 56 172 124 24 -1
5.36627674 1.72208977 4.61658313 21 164 174 -1 -1
5.92972851 1.8744421 4.6710633 14 154 167 -1 -1
6.47835636 2.29018593 4.73694983 12 98 164 -1 -1
0.64056015 0.0373926163 4.15722503 171 195 26 27 -1
1.20865631 0.507540703 4.21362537 165 111 32 -1 -1
2.85417557 -0.158502579 4.31976656 187 172 44 4 -1
4.1274929 -0.178092003 4.43536082 202 199 67 1 -1
4.06872463 -0.0213766098 4.43641486 201 182 56 1 -1
4.14708328 0.213698387 4.44346502 185 152 37 -1 -1
4.26461983 0.0961608887 4.45853935 195 179 49 -1 -1
3.97077751 0.350824356 4.44637977 187 123 46 1 -1
3.97077751 0.390003204 4.4406421 221 143 65 1 -1
4.08831406 0.429183006 4.45136254 181 115 38 -1 -1
6.63494968 -3.23405552 4.49470896 23 151 176 -1 -1
5.89054966 -3.07733965 4.44954241 24 169 176 13 -1
6.38028622 -3.0381608 4.48234613 28 174 180 -1 -1
6.30192852 -2.37211752 4.51512022 32 177 180 -1 -1
6.49782467 -3.21446609 4.49247304 24 167 179 -1 -1
6.53700352 -3.1165185 4.49026474 25 166 182 -1 -1
6.69371891 -3.17528725 4.50587104 25 140 178 -1 -1
6.41946507 -3.0381608 4.482613 19 158 173 -1 -1
6.63494968 -3.0381608 4.51025306 25 149 178 -1 -1
6.71330929 -3.19487667 4.50816576 23 138 178 -1 -1
6.77207661 -3.09692907 4.51536101 26 130 178 -1 -1
6.81125546 -3.0381608 4.51274487 26 117 178 -1 -1
6.79166698 -2.92062378 4.51868967 22 120 175 -1 -1
6.63494968 -2.90103388 4.50503573 25 148 178 -1 -1
6.65454006 -2.60719156 4.53088055 24 148 176 -1 -1
6.73289776 -2.82267618 4.52375201 25 130 175 -1 -1
6.75248814 -2.72472858 4.52878941 31 134 181 -1 -1
6.53700352 -2.1566329 4.54107227 24 156 177 -1 -1
7.0855093 -2.33293819 4.574326 25 61 157 -1 -1
5.204916 0.527130127 4.5562752 30 185 180 13 -1
0.346717834 1.33030033 4.18928909 86 188 122 27 -1
0.523023605 1.52619553 4.21087078 126 137 63 27 -1
1.24783516 1.56537437 4.27557606 131 41 21 -1 -1
1.73757267 1.6633215 4.31515852 131 45 24 27 -1
0.562202454 2.09429073 4.23742491 142 58 26 -1 -1
1.28701401 2.5448494 4.32901205 186 125 52 12 -1
2.6778698 1.62414265 4.3871723 171 171 25 28 -1
3.95118809 0.625077248 4.45778096 167 71 41 1 -1
2.75622749 1.87880611 4.41068877 165 174 32 12 -1
3.14801788 2.25100708 4.46998119 146 198 56 28 -1
4.4409256 2.21182823 4.57821041 165 211 63 24 -1
4.61723137 2.83869267 4.61263617 143 174 41 24 -1
5.2440958 0.546719551 4.56127077 25 177 177 13 -1
5.85136986 1.87880611 4.67929443 16 157 166 -1 -1
1.49070835 -1.23592567 4.169727 45 174 149 27 -1
0.764883995 -0.0605554581 4.16540817 165 178 17 27 -1
1.18906689 0.356837273 4.22095699 159 117 22 -1 -1
2.75622749 -1.08180046 4.28306004 172 182 32 -1 -1
2.99130154 -0.119301796 4.34895344 189 171 44 4 -1
4.18626213 -0.230778694 4.44362689 199 184 55 1 -1
3.93159866 0.192023277 4.44261145 188 148 44 1 -1
3.92732811 0.292056084 4.44705724 193 139 49 1 -1
4.11946774 0.468361855 4.47160625 185 121 40 -1 -1
5.49655437 -2.90103388 4.42508998 14 156 167 25 -1
5.87095928 -3.12791824 4.44553592 24 177 179 13 -1
6.35836124 -2.9402132 4.49534773 21 161 173 -1 -1
6.07574177 -2.31334877 4.50179062 28 170 174 13 -1
6.34749889 -2.1566329 4.53206351 22 162 173 -1 -1
6.54275227 -2.86185503 4.51454501 29 161 181 -1 -1
6.69318676 -2.54842281 4.5421874 26 143 176 -1 -1
6.45864582 -2.06158829 4.54593099 19 152 171 -1 -1
7.00816631 -2.137043 4.58830645 22 64 158 -1 -1
6.92879391 -1.1648283 4.6283451 24 108 170 -1 -1
5.28666496 0.527130127 4.57213035 22 171 175 13 -1
0.268360138 1.39900398 4.19392919 67 195 146 27 -1
0.730569839 1.4674263 4.23590466 139 98 32 27 -1
0.560862541 1.68291092 4.23204591 152 121 47 27 -1
0.805493355 1.64373207 4.25064191 138 61 20 27 -1
1.63962555 1.45545101 4.31142371 142 71 22 -1 -1
1.52208805 1.54994869 4.30612251 124 44 18 27 -1
1.75876522 1.50660515 4.32385276 140 60 16 27 -1
2.08383942 1.31071091 4.34165743 173 142 22 27 -1
0.425075531 1.8406086 4.22825177 131 80 31 -1 -1
0.660150528 2.10219669 4.26048975 126 41 18 27 -1
1.26742458 2.46367073 4.32867949 157 83 25 12 -1
1.58085728 2.01582909 4.33341198 123 48 35 3 -1
3.14801788 1.27319622 4.42893497 142 60 24 12 -1
2.7832756 1.6633215 4.41713617 166 151 19 12 -1
4.07231617 0.585898399 4.47330308 175 93 34 -1 -1
4.26461983 1.62415218 4.53925383 162 156 40 -1 -1
4.98943138 1.67700481 4.60246323 20 167 166 -1 -1
2.74579525 2.01593304 4.4309301 177 200 67 12 -1
2.87376499 2.29214764 4.45490497 124 215 107 12 -1
3.15316296 2.2705965 4.47725763 148 200 59 28 -1
3.76872063 2.68197632 4.54853709 142 177 38 -1 -1
4.11936283 2.01593304 4.54590692 182 184 34 24 -1
4.49969387 2.22573185 4.58781705 148 195 49 24 -1
3.89241886 2.58098316 4.55404209 152 173 25 12 -1
4.02954578 2.75322247 4.57379092 137 173 39 24 -1
4.84658623 2.42731285 4.62653354 83 171 90 24 -1
4.77769661 2.83869267 4.64052017 118 178 66 24 -1
2.57992172 3.12323475 4.47021447 20 158 159 28 -1
4.71517849 3.03948116 4.64492821 128 184 67 24 -1
5.16573715 1.73955536 4.62022469 13 157 168 -1 -1
5.71424389 1.81713676 4.66986359 17 159 170 -1 -1
0.492502213 1.55373192 4.2010999 125 134 62 27 -1
1.4829092 -0.82454586 4.20661048 54 170 129 27 -1
0.209590912 0.487951279 4.15546637 130 193 69 -1 -1
1.22824574 0.0765714645 4.21926199 136 175 50 27 -1
2.77581692 -1.07920933 4.29383168 172 184 33 -1 -1
2.73663807 -0.0605554581 4.34900332 207 204 67 -1 -1
3.85324001 0.507540703 4.46887118 178 82 42 1 -1
4.30379868 -0.178092003 4.46072174 187 168 36 1 -1
3.97077751 0.0961608887 4.45655059 198 168 53 1 -1
4.36256695 -0.00178623199 4.46979989 194 181 47 -1 -1
3.91200829 0.233287811 4.45113744 197 152 52 1 -1
3.91200829 0.390003204 4.46031417 189 114 45 1 -1
4.1274929 0.507540703 4.48128989 183 117 41 13 -1
6.14521313 -3.27323484 4.46339295 24 177 178 13 -1
5.43999004 -2.78349686 4.42637563 24 173 177 25 -1
6.14521313 -3.21446609 4.4766776 30 183 182 13 -1
6.26274967 -3.19487667 4.4792104 24 170 176 -1 -1
5.81219101 -2.90103388 4.46373699 28 176 179 13 -1
6.38028622 -2.66595984 4.5263077 33 181 183 -1 -1
6.36069775 -2.29375935 4.52966339 31 175 180 -1 -1
6.41946507 -2.86185503 4.51739433 33 177 183 -1 -1
6.53700352 -2.82267618 4.52378425 29 164 179 -1 -1
6.41946507 -2.70513916 4.51550752 34 179 182 -1 -1
6.47823429 -2.66595984 4.52057915 28 171 180 -1 -1
6.67413044 -2.72472858 4.534054 28 148 180 -1 -1
6.49782467 -2.58760214 4.53255612 29 168 181 -1 -1
6.51741314 -2.47006464 4.54684527 26 167 179 -1 -1
6.57618237 -2.47006464 4.54847734 28 162 181 -1 -1
6.61536121 -2.41129637 4.56131739 29 152 179 -1 -1
6.49782467 -2.27416992 4.55463185 30 166 179 -1 -1
6.77207661 -2.2349906 4.57520216 29 124 177 -1 -1
6.88961506 -2.27416992 4.58956452 28 98 171 -1 -1
6.94838238 -2.1566329 4.5996106 33 87 171 -1 -1
6.88961506 -2.03909588 4.6005211 32 102 175 -1 -1
7.02674007 -1.90196896 4.62039577 26 71 160 -1 -1
7.26181507 -1.15756798 4.66443383 21 49 143 -1 -1
-0.0254831314 2.05511189 4.20520172 71 172 120 27 -1
0.346717834 1.62414265 4.22718501 109 175 100 27 -1
1.22824574 1.36947918 4.27390846 140 58 29 -1 -1
1.73757267 1.54578495 4.33362463 134 49 16 27 -1
0.503434181 2.05511189 4.24724501 150 65 28 -1 -1
1.28701401 2.56443882 4.33752484 182 125 45 12 -1
2.99130154 1.40865803 4.42820062 188 139 60 12 -1
3.99036694 0.644667625 4.47778733 167 75 40 -1 -1
4.18626213 1.70250034 4.54305717 172 144 31 24 -1
2.95212269 2.01593304 4.4563016 155 174 38 12 -1
3.34391308 2.29018593 4.50979318 157 179 36 12 -1
4.91107368 2.388134 4.63316503 72 173 108 24 -1
4.63682079 2.81910324 4.63641805 143 181 45 24 -1
3.42227077 3.25007153 4.55193532 31 165 146 28 -1
5.38122177 0.820972443 4.60017723 30 181 178 13 -1
1.4829092 -1.34333515 4.18350612 50 184 151 27 -1
0.699329376 -0.146081924 4.17540353 170 191 23 -1 -1
0.634423256 0.0765714645 4.18066156 170 189 24 27 -1
0.85863018 -0.00178623199 4.19566669 176 193 22 27 -1
1.09111881 0.320277214 4.23059201 167 138 23 -1 -1
1.26742458 0.45288372 4.25171733 154 109 22 -1 -1
2.6514864 -0.158502579 4.33821576 227 216 86 4 -1
3.4418602 -0.618279457 4.38229833 181 167 25 13 -1
3.87282944 0.256323814 4.46036901 192 141 47 1 -1
4.26461983 -0.218086243 4.47038483 180 158 30 1 -1
3.94397163 0.154929161 4.46145544 201 168 56 1 -1
3.88512707 0.350824356 4.46593602 186 115 44 1 -1
6.08724499 -3.25364542 4.47719289 39 191 191 13 -1
5.44068146 -2.84226561 4.44282434 23 168 174 25 -1
5.81219101 -3.06609917 4.4631744 25 170 174 13 -1
6.28234005 -3.04708338 4.50344211 32 183 183 -1 -1
6.38028622 -2.84515858 4.52133665 36 181 185 -1 -1
6.22357082 -2.43782854 4.52777721 28 178 181 13 -1
6.32755375 -2.1566329 4.5499834 23 168 175 -1 -1
6.43905544 -2.30768394 4.55206385 29 169 180 -1 -1
6.96552181 -2.35252762 4.59397936 29 86 169 -1 -1
6.57618237 -2.05844355 4.57551002 32 164 182 -1 -1
6.94189358 -2.2545805 4.59670463 28 82 167 -1 -1
6.85061169 -2.07827473 4.59752937 30 106 175 -1 -1
6.95098591 -1.80402136 4.61910014 25 83 166 -1 -1
7.13527775 -1.66689491 4.64111097 22 56 151 -1 -1
7.18467617 -1.21633625 4.66688035 20 48 146 -1 -1
5.50708866 0.44877243 4.60640824 25 174 177 13 -1
0.06062603 2.01593304 4.22575285 76 155 105 27 -1
0.483844757 1.38642979 4.23095235 121 156 75 27 -1
0.225112915 1.70250034 4.22447147 75 161 112 -1 -1
0.493311882 1.76126957 4.24974343 139 92 37 27 -1
0.816865921 1.66476917 4.27219343 130 43 14 27 -1
1.62003613 1.4527998 4.32924607 149 76 23 -1 -1
1.42892265 1.62414265 4.32147593 129 47 20 -1 -1
1.81593132 1.5022049 4.34801609 170 104 32 27 -1
2.03141594 1.28229904 4.35549442 177 146 24 -1 -1
2.59200382 1.68291092 4.42165549 176 187 40 28 -1
0.492164612 2.07470131 4.26469739 145 62 25 -1 -1
0.797276497 2.02133751 4.28767494 115 37 17 27 -1
1.32619381 2.60444641 4.3599479 166 93 28 -1 -1
1.70425892 1.83962727 4.35487031 116 38 21 27 -1
3.22637558 1.30517864 4.45661916 130 36 18 12 -1
2.82450962 1.76126957 4.44488032 168 161 23 12 -1
4.13703346 0.546719551 4.49642854 181 115 40 13 -1
3.91388321 1.27153111 4.51255251 158 89 65 -1 -1
4.57805157 1.54127789 4.58110024 77 176 107 13 -1
5.06113243 1.70250034 4.62927874 16 157 168 -1 -1
2.79540634 1.98176384 4.45303161 161 192 53 12 -1
2.85417557 2.28903675 4.47270526 136 220 107 12 -1
3.13613415 2.21182823 4.49259977 149 191 51 28 -1
3.32432365 2.35898972 4.51541872 148 189 49 12 -1
4.16028118 1.80044842 4.5585746 172 160 30 24 -1
4.22544098 2.19242096 4.58285019 173 185 26 24 -1
4.02954578 2.56025219 4.58411453 162 181 25 12 -1
4.30379868 2.66741562 4.61221698 148 170 23 20 -1
4.59829807 2.56443882 4.63192394 147 185 42 24 -1
4.67599964 2.82852936 4.65110887 140 182 53 24 -1
2.52115345 3.05310059 4.48151699 33 172 154 28 -1
3.4418602 3.27602959 4.56929066 33 171 147 28 -1
5.29475021 0.585898399 4.59521844 25 177 177 13 -1
5.28327465 1.72612762 4.64900804 13 153 168 -1 -1
5.81219101 1.86225224 4.69981816 12 154 166 -1 -1
1.6004467 -1.54935789 4.20071471 22 160 161 27 -1
1.58085728 -1.49058914 4.19082085 30 174 166 27 -1
1.42414093 -0.785367012 4.21870914 72 183 124 27 -1
0.64056015 -0.0213766098 4.17787114 176 197 29 -1 -1
0.856044769 -0.0605554581 4.20051716 172 190 23 27 -1
1.16947746 0.174518585 4.23535744 162 175 40 27 -1
2.59951115 -0.158502579 4.34358589 181 162 24 -1 -1
2.75622749 -0.0409660339 4.36001705 212 206 68 -1 -1
3.87282944 0.350824356 4.46907991 188 118 46 1 -1
4.28420925 -0.217270851 4.48824569 179 154 25 -1 -1
4.42133617 -0.0409660339 4.49278217 222 225 98 -1 -1
4.2450304 0.331234932 4.50432849 187 151 42 13 -1
5.69465446 -2.9402132 4.46196204 30 176 181 13 -1
6.04726505 -3.17528725 4.48479665 30 183 183 13 -1
5.83178043 -2.97939205 4.48540461 34 174 181 13 -1
6.0864439 -3.07733965 4.50116498 28 182 180 13 -1
6.1648016 -3.01857138 4.51283664 31 183 182 13 -1
6.2431612 -3.0381608 4.51629421 30 182 181 13 -1
5.83178043 -2.76390743 4.48699868 26 170 177 13 -1
6.22357082 -2.90103388 4.51975293 37 190 187 13 -1
6.34110737 -2.88144445 4.52273396 32 177 182 -1 -1
6.18439198 -2.68554926 4.53160393 34 186 184 13 -1
6.28234005 -2.64637041 4.54106037 31 180 181 -1 -1
6.20398045 -2.45047522 4.54092146 30 179 181 13 -1
6.2431612 -2.45047522 4.53038908 31 181 180 13 -1
6.36069775 -2.35252762 4.54452836 35 180 184 -1 -1
6.41946507 -2.41129637 4.54906424 34 179 185 -1 -1
6.51741314 -2.33293819 4.56126408 31 165 178 -1 -1
6.57618237 -2.31334877 4.5809123 31 160 179 -1 -1
6.79166698 -2.43088579 4.57946348 26 118 174 -1 -1
6.87002468 -2.33293819 4.59045673 25 97 172 -1 -1
6.57618237 -2.21540117 4.57936697 26 155 179 -1 -1
6.49782467 -2.0586853 4.5713922 21 152 171 -1 -1
6.77207661 -2.137043 4.59279419 31 128 179 -1 -1
6.77207661 -2.0586853 4.60766508 28 126 177 -1 -1
6.83084583 -1.99991655 4.60229904 31 113 176 -1 -1
6.79166698 -1.88237953 4.61785163 28 124 178 -1 -1
6.96797276 -1.92155838 4.62440646 30 87 169 -1 -1
6.92879391 -1.74525309 4.63258135 28 95 168 -1 -1
7.10509968 -1.82361126 4.63169976 27 63 156 -1 -1
7.0855093 -1.68648434 4.64226241 24 65 157 -1 -1
7.12468815 -1.60812664 4.6567059 24 59 155 -1 -1
-0.221378326 0.625077248 4.14131652 59 178 130 16 -1
0.248770714 1.40865803 4.22835365 67 195 146 27 -1
0.22918129 1.78085899 4.24459532 105 171 101 27 -1
1.85511017 1.33030033 4.35151947 167 112 24 12 -1
2.07059479 1.29112148 4.3658771 172 137 23 27 -1
0.503434181 2.09429073 4.26747399 144 57 27 -1 -1
1.24783516 2.58402824 4.3689956 203 154 67 12 -1
2.99130154 1.4674263 4.45335276 189 144 50 -1 -1
4.10790348 0.605487823 4.49847428 176 96 40 -1 -1
3.93159866 1.31071091 4.51917159 155 73 50 -1 -1
2.6778698 1.89839554 4.44044401 166 185 44 -1 -1
2.95212269 2.15305901 4.49302302 151 207 75 12 -1
3.77488232 2.81910324 4.57827272 123 186 66 24 -1
4.08831406 2.76033401 4.60025664 135 168 38 -1 -1
3.4418602 3.2696619 4.57369605 34 173 149 28 -1
5.43999004 0.801383018 4.63052022 24 174 176 13 -1
1.56126785 -1.64966917 4.1949455 29 169 164 27 -1
1.62003613 -1.49078655 4.20749384 23 166 165 27 -1
1.44373035 -0.854290009 4.2232984 61 173 125 27 -1
0.810949326 -0.11932373 4.20562113 171 190 22 27 -1
0.637377739 -0.0605554581 4.19391389 174 194 28 -1 -1
0.287949562 0.474844933 4.19037263 135 178 48 27 -1
1.12633133 0.115750313 4.24330823 161 179 33 -1 -1
1.16226482 0.311645508 4.25572236 163 137 25 27 -1
1.40455151 -0.611634254 4.23167043 74 180 120 27 -1
2.73663807 -0.255781174 4.36026194 184 163 38 4 -1
3.51751232 -0.667829514 4.4058411 180 170 25 13 -1
3.06966019 -0.0361976624 4.39868183 213 208 78 4 -1
3.83080959 0.390003204 4.48285995 188 112 48 1 -1
4.32687473 -0.197681427 4.49616518 189 163 30 -1 -1
4.4409256 -0.0271520615 4.51390028 210 221 75 -1 -1
4.22341347 0.390003204 4.51572353 194 151 44 13 -1
5.43999004 -2.87228251 4.46091457 22 167 174 25 -1
5.83178043 -3.19123936 4.47839476 28 177 179 13 -1
5.83424759 -2.9402132 4.49065475 29 178 180 13 -1
5.80629444 -2.80308676 4.49489926 26 170 176 13 -1
6.18439198 -2.72047186 4.53051547 29 177 179 13 -1
6.11489201 -2.45047522 4.53766223 32 184 181 13 -1
6.25782108 -2.137043 4.56467637 28 173 177 -1 -1
6.43905544 -2.04628992 4.58420458 23 159 172 -1 -1
6.87833881 -1.78443193 4.63354913 29 105 175 -1 -1
7.02674007 -1.68697405 4.65065093 28 78 164 -1 -1
6.94838238 -1.15929222 4.66942946 23 104 169 -1 -1
5.31532383 0.44877243 4.60994566 34 191 184 13 -1
-0.1626091 0.665062904 4.16179151 57 173 126 27 -1
0.062253952 1.97675419 4.2435973 75 159 107 27 -1
0.170412064 1.45820236 4.22775165 56 195 157 27 -1
0.738508224 1.44229507 4.27454129 140 90 28 27 -1
0.307538986 1.76579857 4.25399988 119 147 78 27 -1
1.32760429 1.36947918 4.32035619 121 49 15 27 -1
1.37961388 1.42824745 4.32753161 120 39 12 27 -1
1.84581852 1.34988976 4.36279358 166 112 26 12 -1
1.40661716 1.70250034 4.34296072 129 47 23 -1 -1
1.77615356 1.78085899 4.37765592 122 46 22 27 -1
2.14895248 1.45818424 4.39336788 170 124 21 27 -1
0.252758026 1.80044842 4.25107812 106 152 88 -1 -1
0.486076355 2.11388016 4.28565843 144 53 23 12 -1
0.797165871 2.05511189 4.30887684 115 35 18 -1 -1
1.46331978 1.82580471 4.35362779 120 43 21 3 -1
1.77399731 1.80044842 4.37841605 120 45 22 27 -1
3.14801788 1.26210308 4.46758116 143 60 23 12 -1
2.82973576 1.74168015 4.46396658 165 151 19 12 -1
3.26555443 1.48541641 4.48814256 155 62 21 28 -1
4.1274929 0.613244057 4.51841365 175 94 36 13 -1
3.97077751 1.29076958 4.53782814 154 70 47 -1 -1
4.38215733 1.58184433 4.58623987 132 158 52 -1 -1
4.87189484 1.66352272 4.63115612 23 166 157 -1 -1
2.65636063 1.95716476 4.4598008 176 208 67 -1 -1
3.03048038 1.995718 4.49296834 152 155 27 12 -1
3.02352238 2.17264938 4.50088159 145 192 56 12 -1
3.18470287 2.3489542 4.52283907 151 213 70 28 -1
3.77488232 2.65730476 4.58704706 145 176 35 -1 -1
4.10790348 2.02305031 4.58446829 182 182 34 24 -1
4.48010445 2.2607851 4.62703928 160 204 51 24 -1
4.2450304 2.51448059 4.61954365 164 183 25 -1 -1
4.59495354 2.56443882 4.6512334 146 185 42 24 -1
4.65952206 2.87787151 4.67168826 142 181 51 24 -1
2.5603323 3.08495426 4.50591545 26 162 155 -1 -1
3.44272327 3.2304821 4.58676528 31 166 146 12 -1
5.36163235 0.592217445 4.62070976 26 178 178 13 -1
5.38122177 0.862855911 4.63534473 24 176 179 13 -1
5.71424389 1.76242352 4.70641529 16 159 169 13 -1
3.88310242 0.240646362 4.46864628 196 145 52 1 -1
1.50249863 -1.51017904 4.20594508 45 178 155 27 -1
1.63962555 -1.47099972 4.22882913 28 177 170 27 -1
1.32619381 -0.707009315 4.2259801 101 182 93 27 -1
1.22824574 -0.315218925 4.24879025 124 193 81 18 -1
0.875635147 -0.0801448822 4.21487586 168 190 24 27 -1
1.11070919 0.0961608887 4.24809042 159 175 31 18 -1
1.40455151 -0.687419891 4.23497801 83 192 126 27 -1
3.01089096 -0.138913155 4.39206525 190 172 44 4 -1
3.16760731 -0.0409660339 4.41762373 191 170 44 4 -1
3.81406116 0.292056084 4.47942326 190 125 43 1 -1
4.00995636 -0.138913155 4.47298051 196 179 49 1 -1
3.91200829 0.135339737 4.48666217 199 166 55 1 -1
5.92972851 -3.29282427 4.49409362 24 176 178 13 -1
5.43999004 -2.88144445 4.46746221 20 168 174 25 -1
5.83178043 -2.95980263 4.49070543 29 178 181 13 -1
6.02767563 -2.97939205 4.50901499 27 182 182 13 -1
5.94931793 -2.76390743 4.52757904 25 174 178 13 -1
6.12562275 -2.72472858 4.53972732 36 187 184 13 -1
6.20398045 -2.60719156 4.54357405 31 185 183 13 -1
6.18439198 -2.50924397 4.55709549 34 186 183 13 -1
6.57618237 -2.2545805 4.58685555 29 155 178 -1 -1
6.69371891 -2.03909588 4.60876431 27 139 178 -1 -1
6.63494968 -1.96073771 4.61823042 29 155 182 -1 -1
6.71330929 -1.88237953 4.62525531 35 145 181 -1 -1
6.79166698 -1.74525309 4.64218388 31 132 179 -1 -1
6.90920353 -1.66689491 4.65843812 29 104 173 -1 -1
6.87002468 -1.52976847 4.65973929 27 117 174 -1 -1
7.12468815 -1.56894732 4.6656825 26 63 159 -1 -1
-0.240967751 0.625077248 4.17264336 60 178 129 16 -1
-0.280146599 1.42824745 4.19150915 100 165 97 16 -1
-0.299736023 1.70250034 4.2135295 132 187 91 16 -1
-0.00589370728 2.11388016 4.2633514 84 172 114 27 -1
0.22918129 1.31071091 4.24296491 58 178 134 27 -1
0.22918129 1.56537437 4.24131039 81 192 145 27 -1
1.93346786 1.29112148 4.37311548 173 128 22 12 -1
1.73757267 1.5849638 4.36626663 125 36 14 27 -1
2.12936306 1.42824745 4.39970245 167 125 20 27 -1
0.875635147 1.82003784 4.31018401 127 41 16 27 -1
1.42414093 2.50567055 4.39265779 141 63 22 27 -1
3.08924961 1.52619553 4.47709464 211 153 69 -1 -1
3.91200829 0.644667625 4.50425965 169 78 48 1 -1
4.00995636 1.25194168 4.54798561 152 69 43 -1 -1
3.97077751 1.40865803 4.55971553 163 78 44 13 -1
2.81499577 2.05511189 4.49086239 143 181 51 12 -1
3.22637558 2.388134 4.54510109 136 192 59 12 -1
4.3233881 2.60361862 4.6382745 155 175 24 -1 -1
2.99130154 3.2304821 4.54900496 9 151 164 28 -1
5.30286407 0.66425705 4.63418221 22 169 174 13 -1
5.71424389 1.76126957 4.70761682 16 159 169 13 -1
1.50748825 -1.54935789 4.21484985 52 181 158 27 -1
1.6004467 -1.3973999 4.22992763 36 186 170 27 -1
1.48886776 -0.844135284 4.24715373 52 172 132 27 -1
1.26742458 -0.42619133 4.24868579 109 181 81 -1 -1
1.22046566 -0.373987198 4.24726169 120 185 76 18 -1
0.599269867 0.0569820404 4.21595721 173 195 27 27 -1
0.290083885 0.527130127 4.21265129 141 181 47 27 -1
1.30932236 0.0178031921 4.27351212 115 177 70 27 -1
1.12831593 0.27246666 4.2705888 166 147 27 -1 -1
1.25576973 0.429183006 4.28878256 156 109 23 -1 -1
2.75622749 -1.07400894 4.34220244 189 210 55 -1 -1
2.91500759 -0.217270851 4.39663124 185 165 36 4 -1
2.68631172 -0.0605554581 4.38501284 222 216 90 -1 -1
3.16760731 -0.0503387451 4.42579108 187 164 42 4 -1
3.77766514 0.292056084 4.49329772 193 133 52 1 -1
3.76499844 0.527130127 4.50352494 176 87 50 1 -1
4.28099442 -0.236861229 4.51003283 181 153 25 -1 -1
3.92239094 0.0373926163 4.49318411 198 175 52 1 -1
4.28929424 0.292056084 4.53612451 249 211 103 13 -1
5.61629581 -3.04708242 4.48686864 27 176 179 13 -1
5.59670639 -2.61816645 4.50582405 22 165 174 -1 -1
5.98849678 -2.93245697 4.5235283 38 187 187 13 -1
5.88413048 -2.64637041 4.52852911 21 162 173 13 -1
5.89054966 -2.53698111 4.53431896 25 170 175 13 -1
6.14521313 -2.23967934 4.56991149 21 166 173 13 -1
6.12562275 -1.70253944 4.59406339 20 161 173 13 -1
6.88574314 -1.66689491 4.6594021 30 107 173 -1 -1
6.80811214 -1.29469395 4.67077577 22 133 173 -1 -1
7.26181507 -1.10946655 4.71764778 19 45 141 -1 -1
5.51834869 0.417214394 4.64501431 26 175 178 13 -1
-0.322642326 0.977688789 4.18299638 88 166 100 11 -1
-0.280146599 1.47627068 4.21049388 99 155 87 16 -1
-0.143019676 1.62226105 4.22898231 71 168 127 27 -1
-0.0254831314 2.1070776 4.26210026 82 178 120 27 -1
0.931836128 0.918920517 4.28518278 143 69 35 -1 -1
0.230445862 1.36947918 4.2481061 61 188 142 27 -1
0.146666527 1.48701572 4.24673694 48 185 162 27 -1
0.438302994 1.64373207 4.27867389 124 136 67 27 -1
1.35281467 1.3890686 4.34299652 121 46 13 27 -1
1.3877697 1.44783688 4.34874436 121 39 12 27 -1
1.83668327 1.34988976 4.38161833 164 107 24 12 -1
1.69839382 1.60361195 4.3822255 122 37 17 27 -1
2.07368469 1.27153111 4.3976944 171 136 20 27 -1
2.16854191 1.47143364 4.41523327 168 127 23 -1 -1
0.385896683 2.00883865 4.29181839 149 105 42 -1 -1
0.798473358 1.99634361 4.32575385 112 26 12 27 -1
1.30660343 2.63377571 4.39889521 173 107 28 -1 -1
1.56126785 2.04577637 4.39197847 129 58 44 3 -1
3.1287241 0.585898399 4.45308638 164 80 20 28 -1
2.99130154 1.34946156 4.47824706 180 117 41 12 -1
3.03048038 1.51775742 4.48960762 213 164 72 -1 -1
3.27859497 1.50660515 4.50984098 156 62 21 -1 -1
4.18626213 0.530040741 4.5389273 245 169 94 13 -1
5.12455273 0.625077248 4.62203186 34 194 186 13 -1
3.97077751 1.43541622 4.56436304 159 70 38 13 -1
4.55846214 1.53139782 4.61816491 85 179 103 13 -1
5.1265583 1.70755005 4.67417664 11 152 164 -1 -1
2.81499577 2.01562691 4.49547622 151 181 45 12 -1
2.90720177 2.11388016 4.50791229 158 201 65 12 -1
3.10883904 2.20482063 4.52915736 150 191 51 28 -1
3.34391308 2.25626183 4.55130467 159 183 37 12 -1
3.77899837 2.89746094 4.61851257 116 187 74 24 -1
4.12141323 2.17264938 4.61237185 168 173 19 24 -1
4.59764194 2.35186672 4.66084083 134 176 46 24 -1
4.3233881 2.66075325 4.65271569 149 168 24 -1 -1
4.55846214 2.7492075 4.67664026 148 173 32 24 -1
2.41944122 3.1521244 4.51693665 42 176 151 28 -1
3.03048038 3.23503876 4.57206601 7 148 163 28 -1
3.74544144 3.09335613 4.62510989 77 184 112 24 -1
5.32549286 0.76220417 4.6454363 26 179 178 13 -1
5.42031765 0.860152245 4.65807692 26 176 180 13 -1
5.69465446 1.74412918 4.72348651 17 159 168 13 -1
1.86294651 1.30212784 4.36976932 172 128 27 12 -1
1.4829092 -1.56894732 4.23080989 48 176 152 27 -1
1.56126785 -1.29469395 4.23438065 28 164 154 27 -1
1.30660343 -0.648240089 4.25842647 101 170 79 27 -1
1.16947746 -0.295629501 4.26565795 152 197 70 18 -1
0.131233215 0.527130127 4.21036459 112 193 88 -1 -1
1.11070919 0.194108009 4.27882788 163 165 28 -1 -1
1.22824574 0.292056084 4.2832521 157 144 28 27 -1
2.73663807 -0.276040077 4.38148308 183 161 37 4 -1
3.06966019 -0.0997343063 4.4235317 188 179 56 4 -1
3.20678616 -0.0409660339 4.43442445 191 171 45 13 -1
3.77488232 0.37041378 4.50175681 186 108 45 1 -1
3.93159866 -0.138913155 4.48805365 191 173 47 1 -1
3.89241886 0.135339737 4.50458131 199 168 54 1 -1
5.73383331 -3.23405552 4.49905625 28 179 179 13 -1
5.61629581 -3.05775023 4.49202599 28 176 179 13 -1
5.77301216 -2.99898148 4.51019101 26 177 180 13 -1
5.96890736 -2.88144445 4.53608536 42 186 185 13 -1
6.04726505 -2.82267618 4.54344068 34 177 179 13 -1
6.0080862 -2.72472858 4.55317459 35 188 186 13 -1
6.06685448 -2.60719156 4.55869844 35 189 185 13 -1
5.96890736 -2.58760214 4.55612467 33 184 182 13 -1
6.10603428 -2.58760214 4.55772972 34 188 185 13 -1
6.22357082 -2.11745358 4.59070031 24 176 177 -1 -1
6.04726505 -1.76484251 4.60195829 30 182 180 13 -1
6.47823429 -1.94114828 4.61935096 27 171 178 -1 -1
6.57618237 -1.78443193 4.64459733 30 170 180 -1 -1
6.71330929 -1.70607376 4.65226801 29 144 178 -1 -1
6.83084583 -1.60812664 4.66690223 28 124 177 -1 -1
6.77207661 -1.49058914 4.66897512 26 144 177 -1 -1
7.14427853 -1.15756798 4.71854196 24 63 153 -1 -1
5.22450542 0.468361855 4.6417573 24 179 175 13 -1
-0.123430252 0.683846474 4.19996383 56 167 121 27 -1
-0.201787949 1.33030033 4.22522553 67 153 117 27 -1
-0.299736023 1.48701572 4.22270623 108 161 84 16 -1
-0.182198524 1.60455322 4.23799605 80 158 106 27 -1
-0.750294685 2.68197632 4.24230385 134 144 50 -1 -1
0.209590912 1.27153111 4.25402449 58 182 140 27 -1
0.150822639 1.50660515 4.2503982 47 185 156 27 -1
1.83552074 1.31071091 4.39668097 168 120 25 12 -1
2.12936306 1.25194168 4.40149549 190 163 26 27 -1
0.366307259 1.87880611 4.29449299 132 101 42 27 -1
1.69839382 1.85921669 4.39871502 112 38 20 27 -1
2.89335442 1.4674263 4.49221871 178 136 29 -1 -1
3.32432365 1.42824745 4.51505899 135 37 14 -1 -1
4.1274929 0.66425705 4.54215677 188 110 45 -1 -1
4.06872463 1.23235226 4.56386137 159 76 40 13 -1
4.04913521 1.33030033 4.57550497 161 78 40 13 -1
2.73663807 2.07470131 4.50583376 149 189 66 12 -1
3.12842846 2.19223881 4.53883422 150 190 50 28 -1
4.22544098 2.21182823 4.62978159 178 198 35 24 -1
2.57992172 3.13253498 4.54074562 22 160 160 12 -1
5.3224535 0.723025322 4.65548955 26 175 177 13 -1
6.0080862 1.85921669 4.76092144 18 158 169 -1 -1
1.27342796 -0.746188164 4.25341251 111 177 81 27 -1
1.4611187 -1.47099972 4.23432034 61 186 150 27 -1
1.5422678 -1.19674683 4.25428181 38 181 157 27 -1
0.679739952 -0.165719986 4.23158907 167 184 21 27 -1
1.30957127 -0.628650665 4.26208172 116 195 93 27 -1
1.06684399 -0.33480835 4.25587319 172 211 55 -1 -1
0.379759789 0.0961608887 4.21905341 164 196 36 8 -1
0.150822639 0.395490646 4.2142627 119 186 71 8 -1
0.856044769 0.0965948105 4.25894249 172 184 22 27 -1
1.31822681 0.0961608887 4.29760939 124 170 56 27 -1
1.2131567 0.252877235 4.29633934 153 149 31 27 -1
1.43701363 -0.687419891 4.26992759 71 175 117 27 -1
2.79540634 -1.07635021 4.36495898 174 180 30 13 -1
2.66385746 -0.138913155 4.3989602 225 217 79 -1 -1
3.42227077 -0.604652405 4.44008116 182 168 24 13 -1
2.93253326 0.0620803833 4.43110123 207 194 59 -1 -1
3.76360321 -0.0213766098 4.49666002 183 154 23 1 -1
3.75529289 0.310563087 4.51190308 196 130 44 1 -1
4.18626213 -0.282756805 4.51948876 183 165 31 -1 -1
4.49969387 -0.147275925 4.55223046 180 170 33 -1 -1
4.38154793 0.135339737 4.55591116 190 164 31 13 -1
5.71158695 -3.27323484 4.50357544 25 178 179 13 -1
5.67030716 -3.05775023 4.51046693 29 172 179 13 -1
5.59670639 -2.61411953 4.52560779 22 168 173 -1 -1
5.91013908 -2.51691198 4.55651181 31 178 179 13 -1
5.98849678 -2.39541531 4.56890475 25 177 178 13 -1
6.3215189 -2.05402374 4.61317348 28 179 181 -1 -1
6.40777111 -1.94114828 4.62581329 26 176 179 -1 -1
6.69371891 -1.64071321 4.66417497 29 150 178 -1 -1
6.92879391 -1.1633358 4.70677447 24 110 170 -1 -1
7.22263622 -1.05108166 4.73676113 19 49 146 -1 -1
5.45958042 0.364104271 4.65713426 23 172 177 13 -1
7.12468815 0.0788421631 4.78281756 21 70 163 -1 -1
-0.299736023 0.938414574 4.20261739 79 170 110 11 -1
-0.346560478 1.40865803 4.22127747 117 171 81 16 -1
-0.260557175 1.59622192 4.23748274 106 155 80 16 -1
-0.123430252 1.61974239 4.25009056 68 164 123 27 -1
0.0724649429 2.03679371 4.28651378 75 143 99 27 -1
0.131233215 0.540448189 4.21958333 108 187 86 27 -1
1.03235054 0.970202446 4.31564833 119 44 22 12 -1
0.180269241 1.34988976 4.26255478 54 190 153 27 -1
0.168287277 1.56537437 4.2718987 73 203 159 27 -1
0.503434181 1.77023697 4.30978959 147 109 42 27 -1
0.847661018 1.74168015 4.33723248 127 42 17 27 -1
1.65921497 1.4338913 4.39038595 144 74 20 27 -1
1.4829092 1.51484966 4.37951533 145 73 28 27 -1
1.84909344 1.64373207 4.41635593 153 74 29 12 -1
2.18813229 1.39176273 4.43263699 167 125 16 -1 -1
0.209590912 1.79293156 4.28628266 100 173 106 27 -1
0.411902428 2.07470131 4.31674718 146 78 30 -1 -1
1.19153309 2.56443882 4.40552313 171 100 25 12 -1
1.65880871 1.91798496 4.41359658 122 62 43 27 -1
2.59951115 1.83963966 4.48857779 163 169 30 -1 -1
3.20119953 0.605487823 4.4796831 154 60 17 18 -1
3.12842846 1.24752522 4.50442026 141 60 24 12 -1
2.90539837 1.48701572 4.49725072 189 150 42 20 -1
3.25619793 1.31071091 4.5181494 126 32 17 12 -1
3.40268135 1.55051899 4.54192587 150 54 17 -1 -1
4.17370892 0.585898399 4.56014803 248 162 102 13 -1
3.97077751 1.07583332 4.56668643 151 75 54 -1 -1
4.12671566 1.23235226 4.58725504 149 65 21 13 -1
4.14812279 1.76126957 4.61444389 175 150 26 24 -1
4.77394676 1.56153297 4.65723884 37 177 151 13 -1
2.85701084 1.82003784 4.50919102 167 164 25 12 -1
2.87376499 2.09382915 4.52374004 147 188 54 12 -1
2.83458519 2.26991653 4.52891559 129 212 102 12 -1
3.02286243 2.32936478 4.54753017 123 195 80 28 -1
3.37778759 2.3489542 4.57818041 156 179 38 12 -1
3.77488232 2.96163464 4.64083887 100 192 92 24 -1
4.16667271 2.21103764 4.63759307 170 184 24 -1 -1
4.08831406 2.54359055 4.64700206 166 186 24 20 -1
4.39298153 2.70156574 4.68009024 149 174 29 24 -1
4.71517849 2.88466454 4.7158521 132 187 65 24 -1
2.58685112 3.1521244 4.5505394 20 160 161 -1 -1
3.28514481 3.19639492 4.61111699 21 162 155 28 -1
5.42040062 0.636882782 4.6669526 28 180 179 13 -1
5.47174549 0.76220417 4.67726804 27 177 179 13 -1
5.42639446 1.68291092 4.71768127 16 159 169 13 -1
5.90664768 1.83962727 4.7654067 18 159 169 -1 -1
1.03235054 -2.01950598 4.19077166 144 180 45 -1 -1
1.30660343 -1.80402136 4.21110824 97 188 107 27 -1
1.40455151 -1.74525309 4.22772423 62 172 132 27 -1
1.6788044 -1.58853674 4.2629401 13 155 163 27 -1
0.7189188 -0.628650665 4.22022186 177 201 30 8 -1
1.24783516 -0.707009315 4.25486235 121 177 67 27 -1
1.07152939 -0.315218925 4.27501206 172 206 55 -1 -1
0.32712841 0.487951279 4.24368659 137 173 42 27 -1
1.14988804 0.233287811 4.30194067 157 145 24 27 -1
2.50156403 -0.0213766098 4.39783765 173 153 19 13 -1
2.93253326 -0.256450653 4.43421135 183 166 42 4 -1
2.65828037 -0.0605554581 4.40247137 207 198 62 -1 -1
2.95212269 0.0765714645 4.45022053 207 190 54 18 -1
3.61816597 0.390003204 4.51201727 188 112 42 1 -1
4.49969387 -0.158502579 4.55772625 180 171 34 -1 -1
4.38215733 0.154929161 4.56549921 182 160 26 13 -1
5.61629581 -3.31241369 4.51199295 26 178 179 -1 -1
5.53793812 -3.19487667 4.5094955 24 176 179 13 -1
5.65547466 -3.1361084 4.51442452 31 180 181 13 -1
5.42040062 -2.88144445 4.50008605 22 172 176 25 -1
5.91013908 -2.45047522 4.56480214 25 174 177 13 -1
6.0080862 -2.47006464 4.57089973 30 182 182 13 -1
6.06685448 -2.27416992 4.59715001 24 173 177 -1 -1
6.20398045 -2.07827473 4.60600785 24 176 177 -1 -1
6.36069775 -1.98032713 4.62833729 28 179 180 -1 -1
6.10603428 -1.78443193 4.61711793 23 176 177 13 -1
6.43905544 -1.92155838 4.63043313 27 174 178 -1 -1
6.45864582 -1.80402136 4.64314981 28 176 177 -1 -1
6.55659199 -1.72566366 4.6571872 29 170 179 -1 -1
6.65454006 -1.62771606 4.66832113 28 156 178 -1 -1
6.63494968 -1.3730526 4.69054519 26 166 177 -1 -1
6.71330929 -1.3730526 4.68743225 27 153 176 -1 -1
6.79166698 -1.2555151 4.70699173 25 143 177 -1 -1
7.0855093 -1.07920933 4.73213559 24 75 163 -1 -1
7.12468815 -0.981262207 4.74079724 22 59 153 -1 -1
7.24222469 -0.90290451 4.76493357 28 67 155 -1 -1
7.06591892 0.0178031921 4.782302 30 89 169 -1 -1
-0.0646619797 0.703435898 4.22970757 67 186 127 27 -1
-0.358504295 1.42824745 4.2332966 117 158 73 16 -1
-0.299736023 1.50660515 4.23915456 107 157 80 16 -1
-0.378093719 1.76126957 4.25183794 126 133 54 16 -1
-0.260557175 1.80044842 4.25772797 103 164 85 16 -1
-0.809062958 2.70156574 4.26006323 133 161 62 -1 -1
0.307538986 0.566308975 4.25036597 138 181 46 27 -1
0.444665909 0.683846474 4.26794881 161 162 27 27 -1
0.22918129 1.25194168 4.27268522 68 182 128 27 -1
0.190001488 1.6633215 4.28570455 66 169 126 -1 -1
1.4829092 1.50660515 4.38830525 147 82 32 27 -1
0.22918129 1.82003784 4.294763 102 155 93 -1 -1
1.46331978 1.93757439 4.40099252 119 47 24 3 -1
3.06966019 0.625077248 4.48678485 163 79 21 18 -1
2.81499577 1.48701572 4.49742439 176 156 27 20 -1
3.38309193 1.64373207 4.55381608 179 92 34 -1 -1
4.1274929 0.958099365 4.57861264 152 70 25 -1 -1
4.1274929 1.23235226 4.58775784 151 71 22 13 -1
4.14708328 1.70250034 4.62407196 169 139 27 24 -1
2.91294384 2.01593304 4.53684241 153 170 36 12 -1
2.95212269 2.36854362 4.56074104 106 199 96 12 -1
4.51928329 2.29018593 4.67188214 147 194 50 24 -1
5.38122177 0.625077248 4.66413426 26 176 177 13 -1
5.2440958 1.70250034 4.71123294 15 157 167 -1 -1
0.949121475 -1.99991655 4.18565525 166 195 36 8 -1
4.77394676 -2.14593029 4.49880767 66 215 164 13 -1
1.36537266 -1.69345379 4.23521363 80 185 125 27 -1
1.431077 -1.72566366 4.23916691 50 162 134 27 -1
1.6788044 -1.5947237 4.26619068 14 158 164 27 -1
1.56991768 -1.27510452 4.27242323 30 166 151 27 -1
1.50249863 -0.781864166 4.29046363 53 170 129 27 -1
0.795889854 -0.589471817 4.24055381 169 189 23 -1 -1
1.24783516 -0.450741768 4.28504603 122 184 73 -1 -1
1.09111881 -0.259049416 4.28113228 168 208 58 -1 -1
0.405486107 0.145482063 4.24316454 165 195 37 8 -1
0.170412064 0.379794121 4.23473818 122 180 65 8 -1
1.11070919 0.0110616684 4.295742 153 184 38 18 -1
1.30073357 0.174518585 4.319497 134 158 43 27 -1
1.11310959 0.527130127 4.3207229 173 108 35 -1 -1
2.57992172 -0.169513702 4.41005429 209 186 42 -1 -1
2.81499577 -1.11179447 4.38448624 176 193 40 13 -1
2.93406963 -0.256450653 4.43552441 183 166 42 4 -1
3.42105961 -0.589471817 4.46029812 182 168 25 13 -1
2.89335442 0.0708608627 4.44783273 197 179 44 -1 -1
3.1792593 0.527130127 4.49367349 161 74 15 -1 -1
3.82556915 0.154929161 4.52990205 196 156 48 1 -1
3.69652367 0.379722595 4.52989394 178 99 34 1 -1
3.95710373 -0.11932373 4.52774363 189 168 43 1 -1
4.65641022 -0.171138763 4.58379228 156 191 47 13 -1
4.44346428 0.0961608887 4.57880215 203 216 70 13 -1
4.51769066 -0.0801448822 4.57654975 188 186 42 13 -1
5.53793812 -3.08292294 4.51776746 26 177 179 13 -1
5.55238342 -2.62678099 4.54087912 20 164 172 -1 -1
5.87095928 -2.43916225 4.57655491 27 182 181 -1 -1
6.11524677 -2.09786415 4.61339146 27 178 179 13 -1
6.3160181 -1.88237953 4.64054425 26 179 180 -1 -1
6.18902493 -1.62771606 4.6421422 25 176 178 13 -1
6.63494968 -1.48732853 4.68621006 28 164 177 -1 -1
6.73289776 -1.23390007 4.70657779 25 153 179 -1 -1
7.10509968 -0.929474831 4.75235112 26 71 160 -1 -1
5.21858501 0.468361855 4.66155686 24 179 174 13 -1
6.98470783 -0.471935272 4.76424311 26 108 171 -1 -1
-0.271146774 0.644667625 4.21049513 60 180 130 16 -1
-0.0231466293 0.723025322 4.23501689 75 183 117 27 -1
-0.583120346 1.78085899 4.23893714 146 85 17 12 -1
-0.123430252 1.40970039 4.25959443 57 150 128 27 -1
-0.240967751 1.57005882 4.25745566 93 155 91 16 -1
-0.573988914 1.78789902 4.24003955 146 94 20 12 -1
-0.103840828 1.96310806 4.28780708 67 180 127 27 -1
0.0437669754 2.15305901 4.30928368 128 198 134 -1 -1
-0.566864014 2.62320805 4.28074483 145 103 31 15 -1
0.268360138 0.601234436 4.25356995 135 183 55 27 -1
0.289731979 0.76220417 4.26308818 139 179 48 27 -1
0.895665169 0.938509941 4.32227449 142 71 34 -1 -1
0.268360138 1.25624466 4.28502146 66 171 116 27 -1
0.679739952 1.40796852 4.32674201 141 108 37 27 -1
0.503434181 1.68212605 4.3251482 149 131 56 27 -1
0.856044769 1.7549715 4.35816188 124 40 15 27 -1
1.37769318 1.42824745 4.3861391 120 42 12 27 -1
1.77675247 1.43153763 4.41970103 161 102 26 12 -1
1.7711792 1.78085899 4.43600781 122 45 24 27 -1
2.18813229 1.4267807 4.45390787 170 137 24 -1 -1
0.200881958 1.80044842 4.30550402 98 174 109 27 -1
0.44227314 1.85921669 4.32853194 141 100 41 -1 -1
1.25891304 2.42731285 4.42416835 217 126 90 12 -1
1.47628117 1.91798496 4.41790722 109 32 18 3 -1
1.69839382 1.86918736 4.43415643 115 42 22 27 -1
3.05836582 0.566308975 4.48543513 167 86 21 28 -1
3.72704792 0.605487823 4.54328956 157 60 35 1 -1
3.22637558 1.2757473 4.53356365 132 42 18 -1 -1
2.83089352 1.70250034 4.52095047 169 152 21 -1 -1
3.35569 1.44783688 4.55265133 137 37 17 -1 -1
3.42227077 1.64641285 4.56775957 183 98 43 -1 -1
3.9312191 0.683846474 4.56414259 164 78 50 -1 -1
4.18055058 0.997278214 4.6000633 149 70 22 13 -1
5.10696888 0.617808342 4.65938979 33 189 182 13 -1
4.0745306 1.36947918 4.60906062 179 105 53 13 -1
4.49969387 1.53802013 4.65274244 98 176 91 13 -1
4.91107368 1.6543026 4.6927612 22 166 164 13 -1
2.6640625 2.03552246 4.52297626 179 205 73 12 -1
2.75790882 2.13346958 4.53553493 145 214 86 12 -1
3.06966019 2.18278694 4.56399868 145 188 54 28 -1
3.32432365 2.22478867 4.58733251 157 170 30 12 -1
3.76424408 2.70156574 4.64705011 138 174 37 -1 -1
4.06688023 2.07470131 4.64228275 175 172 24 24 -1
4.53887272 2.29703236 4.69246732 149 198 52 24 -1
4.28420925 2.53918552 4.68277771 165 190 29 -1 -1
4.60901833 2.66238689 4.71588214 145 178 37 24 -1
2.56106567 3.09335613 4.56514854 24 163 159 12 -1
3.32432365 3.19785404 4.63405601 24 162 155 28 -1
5.204916 0.703298569 4.67169359 23 178 176 13 -1
5.49338531 0.820972443 4.70149073 27 178 177 13 -1
5.4008112 1.68871212 4.73540775 14 156 167 13 -1
5.96890736 1.8186903 4.78920235 20 165 171 13 -1
0.993171692 -2.03909588 4.18931046 149 181 38 -1 -1
4.79353619 -2.17622232 4.50593376 63 210 162 -1 -1
1.24783516 -1.76484251 4.2300314 124 202 92 -1 -1
1.22824574 -0.72659874 4.27695352 129 181 66 27 -1
1.44373035 -1.58853674 4.254808 49 159 138 27 -1
1.4829092 -0.863724709 4.29019943 55 174 134 27 -1
1.22824574 -0.628650665 4.27656978 126 182 64 -1 -1
1.11070919 -0.236861229 4.30197261 165 204 62 18 -1
0.32712841 0.27246666 4.25467816 150 190 45 -1 -1
1.24783516 -0.0605554581 4.3196669 119 186 73 27 -1
1.42414093 -0.609061241 4.30094912 66 173 114 27 -1
2.79540634 -1.0596199 4.40447004 184 193 41 13 -1
3.10883904 -0.197681427 4.46655983 173 149 28 -1 -1
3.05006981 0.0178031921 4.46790275 203 184 53 4 -1
3.81406116 0.0373926163 4.53249703 171 135 20 1 -1
3.71611404 0.507540703 4.54742158 171 77 41 1 -1
4.46051502 -0.217270851 4.5839525 175 168 26 -1 -1
4.65641022 -0.11932373 4.59816687 147 168 41 13 -1
4.28420925 0.390003204 4.58839086 211 191 59 13 -1
5.47916985 -3.25364542 4.50643495 29 183 180 13 -1
5.49875927 -3.1165185 4.52255458 25 179 182 13 -1
5.63588524 -2.58760214 4.56246727 25 169 175 -1 -1
5.83178043 -2.43088579 4.57983448 26 176 177 -1 -1
5.92972851 -2.35252762 4.58716772 27 180 178 -1 -1
6.04726505 -2.17622232 4.61026796 26 180 178 13 -1
6.0864439 -2.0586853 4.62887772 31 182 181 13 -1
5.71424389 -1.84320068 4.61064389 24 174 176 13 -1
6.02767563 -1.70607376 4.63727623 51 196 191 13 -1
6.26274967 -1.92155838 4.63836592 30 186 181 -1 -1
6.18439198 -1.80402136 4.64463941 27 180 179 -1 -1
6.26274967 -1.72566366 4.66123804 28 182 180 -1 -1
6.3215189 -1.64730549 4.66994759 30 184 180 -1 -1
6.39987659 -1.60812664 4.67236735 31 183 183 -1 -1
6.49782467 -1.56894732 4.68470679 30 176 182 -1 -1
6.47823429 -1.49058914 4.68808353 28 178 179 -1 -1
6.63494968 -1.47099972 4.69033484 27 164 178 -1 -1
6.55659199 -1.31428337 4.7004246 28 173 179 -1 -1
6.71330929 -1.21633625 4.70588256 26 154 178 -1 -1
6.81125546 -1.13797855 4.72827795 26 137 176 -1 -1
6.96797276 -1.13797855 4.73975306 27 103 171 -1 -1
6.98756123 -0.961672783 4.75221873 27 99 171 -1 -1
7.02674007 -0.961672783 4.75447593 36 96 172 -1 -1
7.04633045 -0.844135284 4.7653406 27 90 170 -1 -1
5.57711697 0.468361855 4.70692732 36 187 184 13 -1
6.90920353 -0.0605554581 4.79445213 28 119 174 -1 -1
7.14427853 0.115750313 4.82514239 26 71 163 -1 -1
0.111643791 0.76220417 4.26369156 95 189 96 27 -1
-0.260557175 1.29112148 4.25090038 83 161 106 16 -1
0.111643791 1.42824745 4.29093404 47 182 161 27 -1
-0.319325447 1.60455322 4.26237098 118 151 68 16 -1
-0.397683144 1.85921669 4.27120911 138 155 61 -1 -1
-0.143019676 2.03552246 4.30662801 67 176 122 27 -1
-0.789473534 2.56443882 4.27100872 140 154 46 15 -1
-0.515220642 2.64279747 4.29349756 144 93 29 15 -1
-0.495631218 2.58402824 4.29834072 139 96 29 15 -1
0.32712841 0.66425705 4.27704408 141 175 45 27 -1
0.444665909 0.605487823 4.28594626 162 171 30 27 -1
0.993171692 0.899331093 4.33610735 125 41 23 27 -1
0.131233215 1.31071091 4.28893374 53 191 162 27 -1
0.523023605 1.74168015 4.3376222 138 101 40 27 -1
2.5603323 0.860152245 4.47612154 173 173 20 18 -1
2.16854191 1.48701572 4.46629828 172 130 24 -1 -1
1.28701401 2.66238689 4.44812495 173 103 27 -1 -1
3.245965 0.644667625 4.52247053 203 117 73 18 -1
2.89335442 1.42824745 4.51594935 182 130 37 12 -1
3.3635025 1.4674263 4.55549046 140 39 14 -1 -1
3.83365059 1.70250034 4.6069355 172 91 20 -1 -1
3.91200829 1.15399456 4.60187513 157 96 69 -1 -1
4.18626213 1.21276283 4.62291412 164 91 33 13 -1
4.10790348 1.76126957 4.6489696 179 150 30 24 -1
2.63869095 1.97675419 4.52642582 167 194 59 -1 -1
3.18719673 2.13346958 4.58030787 157 175 34 12 -1
4.1274929 2.21182823 4.66976039 173 186 24 -1 -1
4.75435734 2.99540806 4.75917152 129 186 71 24 -1
5.42040062 0.899331093 4.71533639 26 180 179 13 -1
0.935352325 -2.03909588 4.20221085 163 191 35 8 -1
4.57979774 -2.21540117 4.49880975 53 201 154 13 -1
5.12083912 -2.0586853 4.55162354 38 187 167 13 -1
1.21794796 -1.72566366 4.24091601 131 203 91 -1 -1
1.33854008 -0.90290451 4.29051666 94 186 103 27 -1
1.38496208 -1.66228437 4.25793949 66 174 127 27 -1
1.69839382 -1.59576988 4.28736964 15 157 164 27 -1
1.41680717 -0.90290451 4.29706814 55 160 120 27 -1
0.63644886 -0.158502579 4.26749073 169 187 23 -1 -1
1.16947746 -0.606987953 4.29057395 144 187 53 18 -1
0.797276497 -0.14173317 4.28175829 164 177 18 27 -1
1.36253357 -0.276040077 4.32262511 77 174 106 27 -1
0.405486107 0.162045479 4.26354929 162 196 38 -1 -1
0.32712841 0.251264572 4.26127424 147 186 40 8 -1
0.973068237 -0.0213766098 4.30225238 160 171 20 27 -1
1.18906689 -0.00418949127 4.32115819 138 179 49 27 -1
1.01269817 0.233287811 4.31779784 170 154 20 -1 -1
1.25996685 0.390003204 4.34602087 160 130 24 -1 -1
2.61445141 -0.256450653 4.42835965 189 171 42 4 -1
2.80224419 -1.11838913 4.40269162 176 193 40 13 -1
2.68825531 -0.236861229 4.43547816 187 167 40 4 -1
3.38083458 -0.628650665 4.4746392 184 177 27 13 -1
2.63869095 -0.0823116302 4.43875027 213 205 69 -1 -1
3.15586948 0.0569820404 4.48873002 211 199 68 18 -1
3.81406116 -0.024230957 4.53992548 174 141 20 1 -1
3.69652367 0.351561546 4.54813117 169 86 23 1 -1
3.99036694 -0.328005791 4.54009716 174 153 20 1 -1
4.34912586 -0.256450653 4.57356354 178 163 28 -1 -1
4.64085579 -0.0997343063 4.60550831 146 167 37 13 -1
4.43105888 0.135339737 4.59923441 186 180 39 13 -1
4.51928329 -0.0091753006 4.59968023 192 188 42 13 -1
5.3970232 -2.88144445 4.53523573 24 174 177 25 -1
5.71916771 -2.54842281 4.57819202 24 173 176 -1 -1
5.87095928 -2.30964327 4.60236343 28 182 181 13 -1
5.22450542 -1.96342945 4.56487499 39 200 173 13 -1
6.04726505 -1.84323406 4.63951689 22 176 178 -1 -1
6.22357082 -1.83474779 4.65468235 30 184 179 -1 -1
6.29922581 -1.60812664 4.6718968 28 181 180 13 -1
6.57301998 -1.27510452 4.71080588 32 175 181 -1 -1
6.94838238 -1.08197784 4.75149955 24 103 173 -1 -1
7.1634016 -0.765777588 4.78468104 30 81 167 -1 -1
5.51834869 0.379843712 4.70198816 25 175 178 13 -1
7.02674007 -0.617320061 4.78037001 25 90 168 -1 -1
6.98756123 -0.0409574509 4.80476557 24 100 170 -1 -1
-0.260557175 0.712513924 4.23422875 73 188 127 -1 -1
0.000198364258 0.742614746 4.25750108 72 182 118 27 -1
-0.562466621 1.62414265 4.25273041 144 101 25 22 -1
-0.388489723 1.44783688 4.2588278 123 149 58 16 -1
-0.359345436 1.50660515 4.26408924 126 151 61 16 -1
-0.145070076 1.5849638 4.28578806 66 158 120 27 -1
-0.40461731 1.85921669 4.27723096 141 164 63 -1 -1
-0.0978527069 2.09429073 4.31419673 70 175 122 27 -1
-0.94618988 2.61227131 4.26805699 123 169 63 -1 -1
-0.652347565 2.61943817 4.2929977 146 128 35 15 -1
-0.495631218 2.65645409 4.30789329 141 92 28 15 -1
0.252641678 0.840561867 4.28333539 131 193 71 27 -1
0.389084816 0.958099365 4.30040037 149 198 63 27 -1
0.867728233 0.977688789 4.34140665 144 72 29 -1 -1
1.10031033 0.958099365 4.35993471 111 45 22 12 -1
0.464255333 1.32767391 4.32443844 98 157 82 27 -1
0.380344391 1.70250034 4.3354125 110 127 66 27 -1
1.32619381 1.35869312 4.39807791 118 46 17 27 -1
2.59951115 0.733978271 4.4746663 170 159 19 28 -1
1.56126785 1.43484783 4.42141189 138 65 18 -1 -1
1.42414093 1.49905968 4.4130167 131 49 19 27 -1
1.95305729 1.67281914 4.46563392 148 76 26 12 -1
2.14895248 1.48536396 4.47303066 169 124 23 -1 -1
2.61645603 1.60455322 4.51788694 176 174 24 28 -1
0.425075531 1.84756851 4.34612251 148 116 47 -1 -1
0.895224571 1.80953121 4.38365071 126 43 19 27 -1
1.26742458 2.66654968 4.45595765 171 104 24 -1 -1
1.6538105 1.97675419 4.45517895 113 39 28 27 -1
1.46144962 2.52525997 4.46541456 135 51 16 27 -1
3.01089096 0.652950287 4.50521084 236 151 100 18 -1
3.67693424 0.580690384 4.55749344 183 88 51 1 -1
3.81406116 0.906453133 4.58461397 197 101 102 -1 -1
2.99130154 1.35421276 4.53724347 166 100 31 12 -1
2.87376499 1.7582531 4.5468056 175 165 29 12 -1
3.35393715 1.42824745 4.57115341 133 36 15 -1 -1
3.38309193 1.66490555 4.58495743 190 113 54 -1 -1
3.87282944 1.66702747 4.62605363 159 75 15 -1 -1
4.04913521 0.726559639 4.59565333 164 68 29 -1 -1
3.90662575 1.13440514 4.60330778 156 91 64 -1 -1
3.89784241 1.23235226 4.60727566 149 78 58 -1 -1
4.4006958 1.17358398 4.646546 129 143 56 13 -1
4.19262981 1.5849638 4.64888263 164 132 26 -1 -1
4.81312656 1.58819199 4.70097738 34 179 160 13 -1
2.89335442 1.8647337 4.55355823 166 171 30 12 -1
3.08616352 2.05511189 4.578839 160 171 33 12 -1
3.06966019 2.12115097 4.58062854 152 182 45 12 -1
3.2937746 2.19223881 4.60280183 154 164 28 12 -1
3.81406116 2.57480812 4.66472307 153 176 29 12 -1
4.06886387 1.93757439 4.65545383 173 162 24 24 -1
4.38215733 2.25337791 4.69684247 181 218 62 24 -1
4.05526543 2.60361862 4.68629687 159 177 23 -1 -1
4.56467247 2.50567055 4.72423451 144 177 36 24 -1
2.54948235 3.07376671 4.58282775 33 168 155 12 -1
3.28514481 3.20101833 4.65051785 23 166 156 -1 -1
5.204916 0.714827538 4.6918366 23 177 176 13 -1
5.51265049 0.801383018 4.72175216 26 180 181 13 -1
5.34204292 1.69455242 4.75035832 14 154 166 13 -1
5.91013908 1.8251667 4.80418346 18 162 170 13 -1
1.13029861 -1.98032713 4.23094024 120 166 56 27 -1
0.993171692 -1.94114828 4.2194252 161 189 35 -1 -1
1.34578323 -1.68648434 4.25383269 82 171 109 27 -1
1.42414093 -1.80402136 4.26621498 56 175 143 27 -1
1.65921497 -1.41223145 4.29612455 31 178 164 27 -1
0.856044769 -0.589471817 4.28001778 164 179 18 27 -1
1.28701401 -0.471935272 4.30785579 102 182 90 27 -1
0.405486107 0.174518585 4.27210185 165 197 37 -1 -1
0.385896683 0.331234932 4.28171503 149 179 35 27 -1
0.993171692 0.0765714645 4.32154726 167 168 19 -1 -1
1.26742458 0.37041378 4.34926267 155 132 25 -1 -1
2.75622749 -0.883314133 4.41753064 180 165 28 -1 -1
3.52021885 -0.72659874 4.48454935 183 173 28 13 -1
3.12842846 -0.236861229 4.49182433 181 156 25 13 -1
2.89335442 0.0961608887 4.48325109 175 153 22 -1 -1
3.79447174 -0.0213766098 4.55003567 175 147 25 1 -1
3.75529289 0.350824356 4.56058542 187 112 46 1 -1
4.14708328 -0.315218925 4.55559651 183 161 26 -1 -1
4.49969387 -0.217270851 4.58937685 173 174 27 -1 -1
4.57805157 -0.138913155 4.60206637 170 181 38 13 -1
4.28420925 0.331234932 4.6082693 198 183 60 13 -1
5.204916 -3.31241369 4.51780657 27 180 178 13 -1
5.3224535 -3.25364542 4.51416501 26 181 180 14 -1
5.30286407 -3.17528725 4.5238399 25 178 179 13 -1
5.43999004 -3.05775023 4.53367213 24 177 179 13 -1
5.53793812 -2.58760214 4.57452639 22 174 175 13 -1
5.69465446 -2.50924397 4.58601981 26 177 178 -1 -1
5.51834869 -1.99991655 4.60531303 21 176 175 -1 -1
5.79260159 -2.2349906 4.61772715 28 186 181 13 -1
5.83178043 -2.137043 4.61906652 30 187 181 13 -1
5.77301216 -2.11745358 4.62028345 33 187 181 13 -1
5.85136986 -2.01950598 4.62931883 28 181 179 13 -1
6.02767563 -2.01950598 4.63737724 27 179 179 13 -1
5.55752754 -1.92155838 4.60737117 34 188 181 -1 -1
5.63588524 -1.86279011 4.61918588 27 178 179 13 -1
5.75342274 -1.62771606 4.63650691 29 186 182 13 -1
5.85136986 -1.86279011 4.63345637 25 174 175 -1 -1
5.94931793 -1.82361126 4.64792629 26 177 177 -1 -1
5.96890736 -1.70607376 4.65753299 28 182 179 -1 -1
6.20398045 -1.86279011 4.65778712 31 182 181 -1 -1
6.04726505 -1.52976847 4.66592009 31 181 182 13 -1
6.0864439 -1.58853674 4.66850064 27 178 177 13 -1
6.30192852 -1.58853674 4.67420427 27 180 179 13 -1
6.36069775 -1.51017904 4.70056917 31 186 181 -1 -1
6.39987659 -1.51017904 4.69003378 31 184 181 -1 -1
6.45864582 -1.27510452 4.71632865 29 179 181 -1 -1
6.53700352 -1.19674683 4.72289845 30 175 179 -1 -1
6.57618237 -1.11838913 4.73550134 29 175 181 -1 -1
6.65454006 -1.04003048 4.73791031 33 170 180 -1 -1
6.65454006 -1.00085163 4.74402586 27 167 179 -1 -1
6.79166698 -1.02044106 4.74908102 32 153 183 -1 -1
6.83084583 -0.922493935 4.76406935 30 138 177 -1 -1
6.75248814 -0.863724709 4.76155099 30 155 180 -1 -1
6.87002468 -0.844135284 4.77279274 30 132 178 -1 -1
6.94838238 -0.765777588 4.77519402 27 110 172 -1 -1
7.14427853 -0.82454586 4.79219558 30 73 163 -1 -1
6.81125546 -0.687419891 4.77246197 26 144 178 -1 -1
6.88961506 -0.628650665 4.78779689 25 123 173 -1 -1
6.87002468 -0.138913155 4.8055385 31 125 177 -1 -1
7.10509968 -0.687419891 4.80006278 32 92 171 -1 -1
7.02674007 -0.33480835 4.8107629 26 104 174 -1 -1
6.98756123 -0.0801448822 4.81321984 26 105 173 -1 -1
7.24222469 0.390003204 4.8599033 30 57 143 -1 -1
-0.0254831314 0.683846474 4.2583822 73 185 117 27 -1
0.0528755188 0.840561867 4.28198017 93 212 128 27 -1
-0.143019676 0.899331093 4.25668082 69 191 137 27 -1
-0.358504295 1.31071091 4.27049764 108 172 92 -1 -1
0.0920543671 1.40865803 4.31528064 46 190 163 27 -1
0.0920543671 1.48701572 4.30434987 54 194 167 27 -1
-0.123430252 2.07470131 4.31997949 67 177 123 27 -1
-0.789473534 2.5448494 4.2903146 143 153 39 15 -1
-0.495631218 2.5448494 4.30618601 148 122 37 15 -1
0.307538986 0.66425705 4.28468547 141 179 46 27 -1
0.150822639 0.860152245 4.29323111 106 203 101 27 -1
0.483844757 1.05604649 4.32219556 142 160 49 27 -1
0.190001488 1.21276283 4.29767478 62 189 138 -1 -1
0.523023605 1.74168015 4.35017637 144 108 42 27 -1
2.54074287 0.879741669 4.48376036 178 190 28 18 -1
2.34484768 1.13440514 4.48213325 170 167 18 28 -1
2.14895248 1.4674263 4.47804589 170 126 23 -1 -1
0.346717834 1.80044842 4.34163343 125 124 59 27 -1
1.62003613 2.05511189 4.45977355 111 37 30 3 -1
3.01089096 0.66425705 4.52272535 234 151 102 18 -1
3.53980827 0.625077248 4.54982676 162 60 23 -1 -1
3.65734482 0.625077248 4.57371871 143 47 20 1 -1
3.85324001 0.899331093 4.59629577 180 102 84 -1 -1
2.89335442 1.54578495 4.54714491 210 184 66 20 -1
3.79447174 1.40865803 4.62622682 146 57 29 -1 -1
3.69652367 1.56537437 4.61270599 171 86 52 1 -1
4.18626213 0.644667625 4.61332855 192 128 46 13 -1
4.04913521 0.781793594 4.60910585 150 53 20 -1 -1
4.20585155 1.07563686 4.62633039 171 107 38 13 -1
4.20585155 1.23235226 4.63354352 162 101 33 13 -1
4.00995636 1.52619553 4.63462166 197 140 72 13 -1
4.59764194 1.50660515 4.68973972 72 179 118 13 -1
2.71704865 2.11388016 4.56495224 137 185 65 12 -1
3.67693424 2.29018593 4.65799724 173 181 25 12 -1
4.04913521 2.13346958 4.68163556 177 176 23 24 -1
4.51928329 2.74074459 4.73205451 150 175 31 24 -1
5.36163235 0.918920517 4.7148043 26 178 180 13 -1
7.22263622 0.644667625 4.87477188 28 55 137 -1 -1
0.965263367 -2.07827473 4.22242278 152 186 38 8 -1
4.47367668 -2.2545805 4.50763486 53 205 164 13 -1
4.75435734 -2.20631647 4.5334472 57 205 167 -1 -1
0.953992844 -1.95949125 4.22718296 159 185 32 -1 -1
1.18906689 -1.71353531 4.25867026 139 202 74 18 -1
1.31358433 -1.2555151 4.29108588 108 195 100 27 -1
1.23657131 -0.765777588 4.30815501 129 179 63 27 -1
1.39523697 -1.51017904 4.2856926 69 172 123 27 -1
1.58519459 -1.31428337 4.31099961 25 163 152 27 -1
1.52208805 -0.805752754 4.33013519 54 175 132 27 -1
0.7189188 -0.167238235 4.29356397 170 184 22 27 -1
1.20865631 -0.593604088 4.31408556 123 176 57 -1 -1
0.816865921 -0.133265495 4.30339407 166 184 20 27 -1
1.09111881 -0.219412804 4.32221436 160 198 58 18 -1
0.366307259 0.153058052 4.27942763 164 203 39 8 -1
0.660150528 0.142595291 4.3035219 169 179 21 27 -1
0.350365639 0.409592628 4.29041119 154 189 40 27 -1
0.777687073 0.117371559 4.31214933 168 179 19 27 -1
1.14988804 -0.0142326355 4.33698583 146 181 44 27 -1
0.978917122 0.27246666 4.33644081 168 144 16 -1 -1
1.27025127 0.44877243 4.36929307 154 111 24 -1 -1
1.36682892 -0.236861229 4.34445532 81 179 108 27 -1
2.75622749 -1.11638165 4.41852553 170 182 33 13 -1
2.75622749 -0.835691452 4.43200338 191 181 40 4 -1
2.87376499 -0.338108063 4.46573443 195 179 47 -1 -1
3.17350388 -0.11932373 4.50132991 180 158 34 -1 -1
3.57898712 -0.676817894 4.50850248 180 160 24 13 -1
2.93253326 0.118152618 4.49256191 176 148 24 18 -1
3.19972706 0.507540703 4.533625 163 79 18 13 -1
3.8670435 0.0961608887 4.56973072 204 176 60 1 -1
3.59857655 0.421850204 4.5628968 178 94 29 1 -1
4.08831406 -0.360882759 4.56630676 175 158 22 21 -1
4.38215733 -0.27419281 4.59506599 180 159 25 -1 -1
3.93689537 -0.0801448822 4.56711214 195 179 49 1 -1
4.29458618 0.292056084 4.61492517 203 196 73 13 -1
4.68047523 -0.0801448822 4.62935477 150 188 50 13 -1
5.36738491 -3.05775023 4.54387858 25 177 179 25 -1
5.55752754 -2.54677343 4.58433027 21 174 177 13 -1
5.74246883 -2.1566329 4.61854441 32 188 183 13 -1
5.79260159 -1.98865652 4.63080655 24 177 177 13 -1
5.59670639 -1.94399691 4.61655322 25 183 179 -1 -1
5.63588524 -1.63657856 4.634594 66 233 221 13 -1
5.93388462 -1.82361126 4.65055783 28 180 177 -1 -1
6.02207184 -1.62771606 4.66734596 27 183 180 13 -1
6.35285473 -1.51017904 4.70067846 32 184 183 -1 -1
6.39524555 -1.41223145 4.70892998 30 186 181 -1 -1
6.65454006 -0.940838814 4.75326945 30 170 181 -1 -1
5.38122177 0.355796814 4.70894448 27 180 178 13 -1
5.56699753 0.507540703 4.73178142 26 176 180 13 -1
6.92221355 -0.491524696 4.79725015 33 126 178 -1 -1
6.98964596 -0.11932373 4.8207666 26 106 174 -1 -1
7.01212788 -0.0997343063 4.82358911 26 98 172 -1 -1
7.10509968 0.141503334 4.84295494 26 76 166 -1 -1
7.35976315 0.483580589 4.88069744 28 52 128 -1 -1
0.0957012177 0.566308975 4.27661909 104 189 86 27 -1
-0.299736023 0.868028641 4.25800595 80 173 110 11 -1
-0.0842514038 0.933499336 4.27918716 68 195 142 27 -1
-0.362839699 1.31071091 4.27397995 112 173 87 -1 -1
-0.0842514038 1.27795219 4.29572669 37 144 140 27 -1
-0.182198524 1.50352669 4.29835923 78 154 110 27 -1
-0.534810066 1.81789017 4.28393801 154 115 30 22 -1
-0.135462761 1.97675419 4.3249942 67 174 122 27 -1
-0.0254831314 2.17210579 4.3435804 93 172 114 27 -1
-0.86783123 2.7190485 4.29933266 121 177 75 -1 -1
-0.652347565 2.78427315 4.32050197 131 99 36 -1 -1
0.191918373 0.625077248 4.28749497 122 195 77 27 -1
0.483107567 0.585898399 4.30998822 166 167 27 27 -1
0.402283669 1.01686764 4.32391649 131 183 66 27 -1
1.16112232 0.585898399 4.3667426 153 80 26 -1 -1
1.04436207 1.07563686 4.38048467 112 42 22 12 -1
0.305247307 1.21276283 4.32520016 78 166 102 27 -1
0.15486145 1.68291092 4.33518687 63 170 130 -1 -1
1.18433285 1.4674263 4.41101364 118 30 14 -1 -1
1.36537266 1.67671967 4.43621749 130 45 24 -1 -1
2.57992172 0.975444794 4.5042104 171 163 18 12 -1
1.89428902 1.3098402 4.46287495 171 125 21 12 -1
1.38768673 1.70250034 4.43932323 130 44 21 -1 -1
2.28607941 1.18043041 4.48945659 175 168 22 20 -1
2.42068672 1.19317341 4.501336 178 182 27 -1 -1
2.06991673 1.64373207 4.49360859 167 109 28 -1 -1
0.290003777 1.85921669 4.35496483 116 111 54 -1 -1
1.34578323 2.37251091 4.4679874 141 60 23 3 -1
1.44373035 1.82481956 4.44988784 117 42 22 -1 -1
1.50249863 2.07925224 4.46702419 131 59 44 3 -1
1.38496208 2.41064358 4.47309795 138 53 20 27 -1
2.63869095 0.815153122 4.50143309 170 154 18 18 -1
3.09737587 0.625077248 4.53070125 158 66 18 18 -1
3.52021885 0.682912827 4.56887313 138 44 22 -1 -1
3.82130814 0.66425705 4.59318053 162 69 37 1 -1
3.81406116 0.93789959 4.60571335 195 102 102 -1 -1
3.05006981 1.2479744 4.55665096 156 85 38 12 -1
2.81499577 1.54746914 4.55135447 196 179 48 20 -1
3.18719673 1.55539036 4.58289054 176 105 42 28 -1
3.69652367 1.44171619 4.62006635 210 105 102 1 -1
3.34391308 1.67179871 4.6015983 193 123 47 -1 -1
3.77488232 1.55714893 4.6321682 149 54 21 -1 -1
3.93159866 0.695610046 4.60391806 158 66 34 -1 -1
4.0817194 0.801383018 4.62156305 180 93 44 -1 -1
3.94826698 1.07563686 4.62356098 151 78 54 -1 -1
4.4409256 1.0971365 4.66583216 132 163 68 13 -1
4.10872364 1.42824745 4.65392352 176 98 35 13 -1
3.93159866 1.58425331 4.64658788 221 142 80 -1 -1
4.0850153 1.76126957 4.66792964 179 145 27 24 -1
4.75435734 1.56069946 4.71432732 39 177 150 13 -1
2.87376499 1.92897797 4.57459269 161 179 34 12 -1
3.09813881 2.07470131 4.60037145 159 171 32 12 -1
3.06966019 2.1381464 4.60103403 152 184 48 12 -1
3.29803753 2.19223881 4.62274809 154 165 28 12 -1
3.65734482 2.40732956 4.66315249 172 192 31 12 -1
3.75529289 2.83182716 4.69173443 121 184 65 24 -1
4.04913521 2.13708305 4.6829716 177 176 23 24 -1
4.54967594 2.3489542 4.7350436 151 201 52 24 -1
4.33674526 2.58402824 4.72850738 159 182 27 24 -1
4.51928329 2.75150871 4.75182891 148 176 34 24 -1
2.97171211 3.14648819 4.64125248 11 154 165 -1 -1
3.52021885 3.29034519 4.69407373 36 168 141 -1 -1
5.55522633 0.546719551 4.73267733 27 175 177 13 -1
5.28582668 0.938509941 4.7289393 27 182 181 13 -1
5.47916985 1.65578175 4.77956453 16 158 169 13 -1
7.35976315 0.600471497 4.88631017 23 45 122 -1 -1
6.10603428 1.7934103 4.83864578 16 160 169 -1 -1
5.1265583 -3.35159302 4.52688905 30 182 180 13 -1
4.75435734 -2.19581175 4.54877933 63 202 159 13 -1
1.36537266 -1.90196896 4.27250556 64 172 130 27 -1
1.34578323 -1.39264202 4.3052889 76 166 111 27 -1
1.36537266 -0.922493935 4.31566873 79 175 108 27 -1
1.4829092 -1.78443193 4.28218099 39 159 151 27 -1
1.4829092 -0.883314133 4.33167824 56 178 139 27 -1
1.24783516 -0.491524696 4.33798413 117 188 81 27 -1
1.16947746 -0.236861229 4.34313439 136 191 61 -1 -1
0.366307259 0.194108009 4.2862987 153 182 35 -1 -1
0.366307259 0.487951279 4.29815077 149 177 39 27 -1
1.05193996 0.0178031921 4.33745199 164 187 31 -1 -1
1.32619381 0.0569820404 4.37203953 114 170 64 27 -1
2.71704865 -1.07920933 4.41854152 173 180 36 -1 -1
2.87376499 -0.922493935 4.43934015 187 189 36 -1 -1
2.65828037 -0.354397774 4.45410545 177 164 26 4 -1
3.245965 -0.0997343063 4.52781673 185 161 33 13 -1
3.83365059 -0.178092003 4.57261422 169 143 16 1 -1
3.22637558 0.135339737 4.53217921 254 204 102 13 -1
3.87282944 0.0178031921 4.58218627 199 179 53 1 -1
3.91200829 -0.354397774 4.57098231 178 164 24 1 -1
4.34297752 -0.354397774 4.60621808 198 183 42 -1 -1
4.40174675 -0.295629501 4.60478594 180 173 27 -1 -1
3.91200829 -0.0801448822 4.57387331 194 178 49 1 -1
4.28420925 0.350824356 4.63438025 211 191 60 13 -1
4.26461983 0.507540703 4.63306145 217 185 65 13 -1
4.53887272 0.115750313 4.63092006 213 223 67 13 -1
5.204916 -3.19487667 4.52919527 26 182 179 13 -1
5.26368523 -3.05775023 4.55218126 28 182 183 13 -1
5.38122177 -2.95980263 4.55002892 24 174 178 13 -1
5.47916985 -2.52883339 4.59422235 27 177 179 13 -1
5.57711697 -2.45047522 4.60081069 27 180 179 13 -1
5.67506504 -2.41129637 4.60875843 28 180 179 13 -1
5.71424389 -2.31334877 4.6152896 30 184 181 13 -1
5.75342274 -2.2545805 4.61589879 30 187 183 13 -1
5.53793812 -2.03909588 4.61844395 26 181 178 13 -1
5.71424389 -1.99991655 4.63055515 26 179 177 13 -1
5.4008112 -1.76484251 4.62149232 36 194 177 -1 -1
5.59670639 -1.86279011 4.62210809 30 185 181 13 -1
5.63588524 -1.72566366 4.64383285 29 182 180 13 -1
5.71424389 -1.52976847 4.65686952 37 193 187 13 -1
5.83178043 -1.96073771 4.63678945 26 178 176 13 -1
5.81219101 -1.76484251 4.6575574 27 179 179 -1 -1
5.79260159 -1.64730549 4.6560234 29 183 179 13 -1
5.85136986 -1.56894732 4.67419807 30 183 184 -1 -1
6.0080862 -1.56894732 4.67692695 31 186 185 13 -1
5.98849678 -1.3730526 4.68527804 27 175 176 13 -1
6.1648016 -1.45141029 4.69795096 29 183 181 13 -1
6.2431612 -1.43182087 4.69760588 28 181 179 -1 -1
6.36069775 -1.35346317 4.71729713 30 182 180 -1 -1
5.92972851 -1.15756798 4.69854483 37 187 181 13 -1
6.36069775 -1.27510452 4.72264276 29 184 180 -1 -1
6.41946507 -1.19674683 4.72825459 28 183 181 -1 -1
6.49782467 -1.0596199 4.74830854 30 180 180 -1 -1
6.61536121 -0.922493935 4.7597514 31 175 181 -1 -1
6.69371891 -0.746188164 4.77862609 30 167 180 -1 -1
5.47916985 0.331234932 4.7312476 28 178 180 13 -1
6.77207661 -0.609061241 4.77940421 25 151 176 -1 -1
6.92879391 -0.609061241 4.795703 28 113 174 -1 -1
6.8504343 -0.51111412 4.79669837 28 138 176 -1 -1
6.92879391 -0.452344894 4.80742705 27 119 177 -1 -1
6.94838238 -0.256450653 4.81688127 27 113 174 -1 -1
6.98756123 -0.158502579 4.82298522 28 110 174 -1 -1
7.12468815 -0.354397774 4.83536948 37 92 173 -1 -1
7.06591892 -0.217270851 4.83248357 27 100 174 -1 -1
7.14427853 -0.138913155 4.83671797 28 79 172 -1 -1
7.10509968 0.174518585 4.8606783 28 80 166 -1 -1
7.20304585 0.292056084 4.85884338 27 62 154 -1 -1
7.18345737 0.468361855 4.87629422 28 58 146 -1 -1
-0.299736023 0.66425705 4.26444826 66 181 128 16 -1
-0.0842514038 0.820972443 4.27528696 55 167 124 27 -1
-0.0450725555 0.918920517 4.28238846 64 188 135 27 -1
-0.378093719 1.31071091 4.28604403 108 165 83 -1 -1
-0.436862946 1.48701572 4.29148902 130 138 46 16 -1
-0.338914871 1.95716476 4.31098579 123 184 85 22 -1
-0.965779305 2.58402824 4.29310864 125 170 59 -1 -1
-0.985368729 2.74074459 4.30310614 107 185 88 12 -1
-0.417272568 2.5448494 4.33853822 140 106 41 16 -1
-0.182198524 2.50567055 4.36578517 122 109 48 26 -1
-0.1626091 2.66238689 4.36646225 134 76 27 26 -1
0.170412064 0.723025322 4.30668285 114 177 71 27 -1
0.190001488 1.15399456 4.3306691 75 199 135 27 -1
1.16947746 0.566308975 4.37732557 156 82 30 -1 -1
0.366307259 1.23235226 4.34657078 86 170 95 27 -1
2.57992172 0.723025322 4.4929655 170 163 18 28 -1
2.44279575 1.11481571 4.50421259 178 185 26 12 -1
2.14895248 1.31071091 4.49989218 182 149 28 -1 -1
2.20772171 1.52619553 4.50749662 209 171 51 -1 -1
1.28701401 2.68197632 4.48157156 170 105 26 -1 -1
1.77675247 2.29018593 4.51606251 120 55 40 3 -1
2.65828037 0.801383018 4.51868612 172 152 20 18 -1
2.65828037 0.879741669 4.51828681 227 218 86 18 -1
3.34391308 0.703435898 4.57223432 221 111 102 18 -1
3.59857655 0.566308975 4.57991741 148 54 20 1 -1
3.65734482 0.703435898 4.59320637 140 47 26 -1 -1
3.73570347 0.899331093 4.61638633 193 102 101 -1 -1
2.81499577 1.44783688 4.56090226 184 159 38 12 -1
2.95212269 1.72208977 4.57423411 183 163 30 20 -1
3.67693424 1.42824745 4.63683808 210 104 100 1 -1
3.65734482 1.54578495 4.62687458 227 114 102 1 -1
3.87282944 1.64373207 4.64554873 166 68 21 -1 -1
4.06872463 0.840561867 4.62768186 170 76 33 -1 -1
4.16667271 0.879741669 4.63784599 161 80 23 -1 -1
4.46051502 1.09522629 4.6712216 124 168 75 13 -1
4.3233881 1.25194168 4.67257247 142 120 40 13 -1
3.93159866 1.60455322 4.66115915 216 146 76 -1 -1
4.1274929 1.6633215 4.68239379 172 134 28 -1 -1
2.63869095 2.05511189 4.57232832 172 204 75 12 -1
3.20678616 2.11388016 4.61897851 159 175 34 12 -1
3.67693424 2.40772343 4.66865353 173 192 33 12 -1
4.1274929 2.23141766 4.69622515 172 186 24 -1 -1
4.06872463 2.62320805 4.71255216 156 178 28 -1 -1
5.55752754 0.625077248 4.75120936 25 174 175 13 -1
5.36163235 1.68291092 4.77480792 14 155 168 13 -1
7.22263622 0.546719551 4.88775271 26 53 138 -1 -1
7.3205843 0.644667625 4.89098547 26 50 126 -1 -1
7.34017277 0.605487823 4.88777794 23 43 122 -1 -1
7.04633045 1.11481571 4.90384346 26 61 145 -1 -1
7.26181507 1.11481571 4.91074205 25 48 123 -1 -1
0.0734825134 0.44877243 4.28870588 101 185 90 8 -1
1.12323761 -2.03909588 4.2571179 125 174 62 27 -1
4.42133617 -2.35898113 4.517831 40 193 166 -1 -1
4.59764194 -2.21143961 4.53967345 54 202 156 13 -1
1.13029861 -1.92019844 4.26341803 131 168 46 18 -1
1.26742458 -1.68132591 4.2863663 100 172 88 27 -1
1.20416069 -1.29469395 4.29963552 136 192 76 -1 -1
1.34578323 -0.939943314 4.32852427 79 170 105 27 -1
1.28701401 -0.8034935 4.33015678 97 167 80 27 -1
1.68254948 -1.66689491 4.32180797 17 162 168 27 -1
1.69117355 -1.45141029 4.33287674 20 161 157 -1 -1
1.38496208 -0.937966347 4.33189873 66 162 110 27 -1
0.738508224 -0.521044731 4.29780546 173 195 28 -1 -1
1.11814213 -0.667829514 4.32253523 153 190 37 18 -1
1.26742458 -0.501643181 4.34301091 102 166 76 27 -1
0.993171692 -0.136137009 4.33760454 161 177 20 -1 -1
0.346717834 0.0519304276 4.29252242 164 197 36 8 -1
0.483844757 0.0837192535 4.30552726 165 183 27 27 -1
0.287949562 0.233490944 4.29632108 143 182 43 8 -1
0.645383835 0.507540703 4.33939972 170 140 18 27 -1
1.01646137 0.0961608887 4.35070825 168 181 28 -1 -1
1.3422184 0.0765714645 4.37703568 113 171 66 27 -1
1.0728178 0.468361855 4.37329757 166 103 28 -1 -1
1.37781334 -0.530703545 4.3508558 81 176 106 27 -1
2.61910152 -0.289329529 4.46634996 184 167 37 4 -1
2.83256054 -1.11838913 4.44440911 168 188 39 13 -1
2.81499577 -0.814209938 4.45754453 190 179 39 -1 -1
3.58796787 -0.746188164 4.52551367 178 171 25 13 -1
2.95212269 -0.333390236 4.49211041 220 209 75 -1 -1
3.32432365 -0.616070747 4.50969271 185 168 26 13 -1
3.59857655 -0.700018883 4.52861859 182 171 27 13 -1
2.85417557 0.0883836746 4.50416382 173 150 21 -1 -1
3.03048038 0.499738693 4.53867367 213 164 83 28 -1
3.71611404 0.0166349411 4.5728687 179 151 24 1 -1
3.57586002 0.311645508 4.57529397 182 113 28 1 -1
3.73945141 0.409592628 4.59369078 184 101 44 1 -1
3.98748016 -0.256450653 4.58247117 192 177 52 1 -1
4.36325645 -0.354397774 4.60922305 192 184 42 -1 -1
4.34297752 0.184209824 4.63338779 173 160 25 13 -1
4.44163227 0.27246666 4.64588367 197 195 52 13 -1
4.57805157 0.0762434006 4.64788087 170 188 44 13 -1
5.30169773 -2.99898148 4.56079239 26 179 179 -1 -1
5.35719013 -2.31334877 4.59835938 28 182 179 13 -1
5.42040062 -2.24413824 4.60697379 29 187 181 13 -1
5.66898346 -2.07827473 4.63574608 30 184 181 13 -1
5.44343376 -1.92155838 4.62439108 29 182 176 13 -1
5.71424389 -1.78267384 4.65372849 27 182 178 13 -1
5.69210148 -1.3730526 4.67154373 55 213 204 13 -1
5.92972851 -1.55641127 4.68263041 31 188 182 13 -1
5.69882774 -1.33387375 4.67398801 35 190 192 13 -1
5.98369408 -1.15756798 4.70629888 31 182 180 13 -1
6.41946507 -1.10522556 4.74528915 31 180 181 -1 -1
5.4008112 0.33751297 4.7292967 26 179 178 13 -1
5.57926178 0.487951279 4.75145778 32 182 182 13 -1
6.81125546 -0.425340652 4.81073054 29 148 179 -1 -1
7.15090466 -0.315218925 4.84444915 29 78 171 -1 -1
7.0774107 0.213698387 4.86369414 37 90 173 -1 -1
7.1412344 0.487951279 4.88220536 32 66 148 -1 -1
-0.0865659714 0.585898399 4.2818931 66 177 118 27 -1
-0.36435318 0.997278214 4.2783936 96 166 91 11 -1
0.0425348282 0.899331093 4.30774974 71 184 118 27 -1
-0.240967751 1.22671032 4.29973839 67 157 119 27 -1
-0.0444688797 1.23235226 4.31645757 38 156 148 27 -1
-0.169376373 1.50660515 4.31917072 71 152 113 27 -1
-0.613167763 1.84705067 4.29836952 154 96 25 12 -1
-0.255839348 1.97675419 4.33450825 90 170 96 22 -1
0.0915307999 2.05511189 4.36734795 84 150 98 27 -1
-0.965779305 2.57976818 4.30403633 126 170 59 -1 -1
-0.907011032 2.7245636 4.31590824 113 181 81 -1 -1
-0.400536537 2.60361862 4.35249616 146 105 40 16 -1
-0.0808610916 2.68197632 4.38301763 136 71 21 26 -1
0.385896683 0.717348099 4.32775319 166 191 45 27 -1
0.22918129 0.887602806 4.32281015 120 189 77 27 -1
0.296891212 1.13440514 4.34032859 93 170 89 27 -1
1.09111881 0.601843834 4.38123887 154 78 29 -1 -1
0.797276497 1.02259159 4.37684526 148 76 27 -1 -1
1.07152939 1.0648365 4.40183053 107 38 19 12 -1
0.64056015 1.38601017 4.38117726 138 115 40 27 -1
1.18444252 1.4674263 4.4306132 119 30 14 -1 -1
2.52753735 0.742614746 4.5082361 172 177 22 28 -1
2.5603323 0.977128983 4.52224189 170 169 18 12 -1
1.65921497 1.41613102 4.4678918 143 72 17 27 -1
1.41236019 1.50660515 4.45157268 131 54 22 27 -1
2.10977364 1.22939587 4.49664016 211 206 70 27 -1
2.14641762 1.3890686 4.50737448 167 125 20 -1 -1
2.20772171 1.51162338 4.51839074 221 188 68 -1 -1
0.137004852 1.80044842 4.35892631 89 184 122 27 -1
0.524209976 1.83962727 4.39321922 147 95 36 27 -1
1.42414093 1.81060505 4.46715592 116 29 14 -1 -1
1.51387787 2.03552246 4.48546732 132 60 47 3 -1
1.7665205 1.83962727 4.49720894 120 47 23 27 -1
1.76505184 2.30977535 4.51966102 119 54 39 3 -1
1.48929501 2.62320805 4.51162836 183 110 60 27 -1
2.96882439 0.644667625 4.54047168 248 157 101 18 -1
2.6778698 0.915791512 4.52913533 248 214 102 18 -1
3.30473423 0.721405983 4.57227432 211 111 88 18 -1
3.59857655 0.551553726 4.58871513 152 56 20 1 -1
3.70885754 0.820972443 4.61088301 196 101 102 -1 -1
3.87282944 0.945867538 4.63060563 198 102 102 -1 -1
2.85417557 1.40925217 4.56758772 186 147 38 12 -1
2.63869095 1.60100651 4.55875765 176 176 26 -1 -1
2.97171211 1.56996918 4.58514344 216 181 80 -1 -1
3.42227077 1.28980255 4.60940551 130 45 24 18 -1
3.59857655 1.3368721 4.62642362 160 84 54 1 -1
3.4905386 1.62414265 4.63117393 165 65 25 -1 -1
3.75529289 1.72809124 4.65832692 171 95 24 -1 -1
4.1274929 0.802028656 4.64501598 162 79 29 -1 -1
4.1274929 0.867235184 4.64814699 159 78 27 -1 -1
4.2450304 1.14796448 4.6714654 171 113 43 13 -1
4.18626213 1.37991619 4.67768368 175 112 40 13 -1
4.22544098 1.37505531 4.68072981 167 116 38 13 -1
3.94471931 1.68291092 4.67201377 174 96 21 -1 -1
4.40174675 1.53443718 4.70314079 128 167 63 13 -1
5.04820061 1.60567856 4.7606741 27 173 174 13 -1
2.96331978 1.97675419 4.60397346 152 162 33 12 -1
2.80167675 2.29018593 4.60549285 117 211 110 12 -1
2.99130154 2.398283 4.6265562 108 199 95 12 -1
3.57898712 2.3151741 4.6717588 168 177 26 12 -1
3.38941574 2.42731285 4.66127495 147 186 47 12 -1
3.75267315 2.87787151 4.71331642 115 181 71 24 -1
4.08403492 2.21182823 4.70907235 170 176 20 24 -1
4.53966141 2.40772343 4.7566176 139 174 39 24 -1
4.04913521 2.62876034 4.72617076 153 178 28 -1 -1
4.55560112 2.52525997 4.76359559 144 177 36 24 -1
2.57562447 3.11294556 4.62607706 22 160 159 12 -1
3.26555443 3.20877075 4.68843005 21 164 158 -1 -1
5.14614773 0.549970627 4.7181812 32 190 183 13 -1
5.52516937 0.723025322 4.75821739 27 182 180 13 -1
5.13140202 1.64373207 4.76946583 18 164 170 13 -1
5.71941376 1.72208977 4.82244884 20 166 170 13 -1
7.14427853 0.617066383 4.88865987 24 56 140 -1 -1
7.22263622 0.792212486 4.9036289 29 57 134 -1 -1
7.0855093 1.1239109 4.90807756 25 59 141 -1 -1
7.21654415 1.25194168 4.92519368 27 54 129 -1 -1
4.46869469 -0.346786499 4.59910918 174 168 25 -1 -1
1.11070919 -2.45047522 4.24274859 107 193 96 -1 -1
4.85230541 -3.29282427 4.52734778 28 184 182 13 -1
5.08737946 -3.31241369 4.53032211 30 182 180 13 -1
4.98943138 -3.21446609 4.54048104 29 186 182 13 -1
5.1265583 -3.0381608 4.55568343 25 182 181 13 -1
4.34297752 -2.33293819 4.51499715 40 190 165 13 -1
4.79353619 -2.1566329 4.56945162 56 204 159 13 -1
1.24783516 -1.92155838 4.29036319 100 185 101 27 -1
1.14988804 -1.39264202 4.30520376 143 194 62 18 -1
1.30660343 -1.2555151 4.3156299 105 188 100 27 -1
1.30660343 -0.922493935 4.32626467 106 182 93 27 -1
1.28701401 -0.746188164 4.34167458 106 179 84 27 -1
1.44373035 -1.02044106 4.34345127 58 171 136 27 -1
1.22824574 -0.569882393 4.34242856 118 172 60 27 -1
1.14988804 -0.217270851 4.35567515 140 186 53 -1 -1
0.620970726 0.135339737 4.32759242 163 172 20 27 -1
0.64056015 0.527130127 4.34809335 173 150 24 27 -1
1.34578323 0.0569820404 4.39334979 109 171 69 27 -1
2.52115345 -0.0997343063 4.46977919 171 151 22 -1 -1
2.89335442 -0.804956436 4.47009934 194 183 41 -1 -1
3.03048038 -0.72659874 4.49833019 186 178 33 -1 -1
2.79540634 -0.354397774 4.48049641 180 154 25 4 -1
3.20678616 -0.197681427 4.53127817 174 155 18 13 -1
3.30473423 -0.609061241 4.52657609 180 165 26 13 -1
3.52021885 -0.550292969 4.5304839 179 162 25 13 -1
3.73570347 -0.393576622 4.57395739 182 164 27 13 -1
3.83365059 -0.197681427 4.57949945 172 151 19 1 -1
3.20678616 0.174518585 4.55290083 254 201 102 13 -1
3.3635025 -0.0213766098 4.55699902 177 153 26 13 -1
3.32432365 0.0765714645 4.55494936 217 197 72 13 -1
3.5593977 0.154929161 4.58000083 189 149 32 -1 -1
3.81406116 0.0178031921 4.58497934 188 155 31 1 -1
3.85324001 0.0961608887 4.59411753 204 177 60 1 -1
3.65734482 0.350824356 4.59344981 171 92 24 1 -1
4.20585155 -0.413166046 4.60928236 193 175 33 -1 -1
3.93159866 -0.373987198 4.57568124 177 162 22 -1 -1
4.20585155 -0.393576622 4.60495298 191 171 32 -1 -1
4.59764194 -0.315218925 4.63289641 163 177 37 13 -1
4.28420925 0.331234932 4.63624533 203 176 47 13 -1
4.3233881 0.487951279 4.65501498 176 158 42 13 -1
4.69558907 0.0178031921 4.66772032 143 193 64 13 -1
5.14614773 -3.25364542 4.53768084 26 183 183 13 -1
5.2440958 -3.0381608 4.55669299 28 182 182 13 -1
5.28327465 -2.92062378 4.56371941 26 179 181 -1 -1
5.26368523 -2.80308676 4.57826723 30 184 182 13 -1
5.2440958 -2.74431801 4.58338039 27 183 183 13 -1
5.38122177 -2.74431801 4.58247912 28 180 179 -1 -1
5.26368523 -2.58760214 4.59456123 30 181 181 13 -1
5.42040062 -2.56801224 4.59943898 26 181 183 13 -1
5.42040062 -2.45047522 4.6005852 30 187 183 13 -1
5.42040062 -2.33293819 4.60997213 32 184 182 13 -1
5.47916985 -2.29375935 4.61458788 28 183 181 13 -1
5.18532658 -2.11745358 4.60402538 31 189 173 -1 -1
5.38122177 -2.0586853 4.62140821 30 188 179 -1 -1
5.51834869 -2.27416992 4.61520124 28 184 181 13 -1
5.59670639 -2.19581175 4.62790509 31 186 182 13 -1
5.45958042 -2.0586853 4.6274991 23 179 175 13 -1
5.63588524 -2.03909588 4.64417513 28 187 179 13 -1
5.43999004 -1.80402136 4.64902891 34 193 181 13 -1
5.45958042 -1.74525309 4.63896521 33 192 178 13 -1
5.73383331 -1.74525309 4.65910104 27 182 179 13 -1
5.3224535 -1.54935789 4.64780211 48 201 168 13 -1
5.34204292 -1.35346317 4.6569999 50 203 166 13 -1
5.67506504 -1.43182087 4.66842781 32 188 183 13 -1
5.83178043 -1.64730549 4.67141269 27 184 182 13 -1
5.91013908 -1.45141029 4.68940751 32 188 184 13 -1
6.14521313 -1.35346317 4.71214757 30 184 180 13 -1
5.57711697 -1.19674683 4.68957233 30 191 179 13 -1
5.73383331 -1.2555151 4.69426392 32 185 183 -1 -1
5.89054966 -1.27510452 4.70753347 33 188 184 13 -1
6.02767563 -1.29469395 4.70393776 29 183 179 13 -1
5.89054966 -1.15756798 4.70136308 29 180 178 13 -1
6.0080862 -1.11838913 4.72332729 40 191 187 13 -1
6.22357082 -1.31428337 4.72359581 27 181 179 13 -1
6.22357082 -1.21633625 4.73702981 28 183 180 13 -1
6.26274967 -1.15756798 4.74346118 28 185 180 13 -1
6.3215189 -1.04003048 4.75588878 30 184 182 13 -1
5.87095928 -0.90290451 4.72238076 29 182 179 13 -1
6.41946507 -1.02044106 4.75647464 33 184 181 -1 -1
6.45864582 -0.90290451 4.7708712 35 187 183 -1 -1
6.49782467 -0.863724709 4.7784019 32 185 182 -1 -1
6.57618237 -0.844135284 4.77643351 33 180 181 -1 -1
5.57711697 0.409592628 4.74910739 28 180 181 13 -1
6.49782467 -0.667829514 4.78877233 32 185 182 -1 -1
6.65454006 -0.687419891 4.78942369 32 172 181 -1 -1
6.53700352 -0.530703545 4.80199029 32 181 183 -1 -1
6.65454006 -0.471935272 4.80807802 30 174 181 -1 -1
6.87002468 -0.413166046 4.8255395 29 136 177 -1 -1
6.71330929 -0.33480835 4.82522183 32 164 180 -1 -1
6.8504343 -0.256450653 4.83051959 33 146 181 -1 -1
6.81125546 -0.0997343063 4.83052219 34 147 181 -1 -1
6.88961506 0.0569820404 4.85691455 27 124 179 -1 -1
6.88961506 0.233287811 4.86514559 28 121 177 -1 -1
6.96797276 0.311645508 4.87077602 36 104 174 -1 -1
6.96797276 0.468361855 4.87235679 32 81 166 -1 -1
7.02674007 0.252877235 4.87299639 39 101 177 -1 -1
7.14427853 0.331234932 4.87555028 28 64 155 -1 -1
7.0855093 0.468361855 4.88285342 32 67 152 -1 -1
-0.240967751 0.820972443 4.28985583 65 169 116 27 -1
0.0920543671 0.723025322 4.32081089 89 177 95 27 -1
0.0332860947 0.958099365 4.31476417 60 179 129 27 -1
-0.0646619797 1.29112148 4.31814803 35 139 138 27 -1
-0.436862946 1.87880611 4.33054329 147 147 51 -1 -1
0.0332860947 2.19223881 4.37668437 151 218 161 -1 -1
-0.94618988 2.76033401 4.33044241 104 178 89 12 -1
-0.240967751 2.50567055 4.36658117 120 110 49 26 -1
-0.260557175 2.72115517 4.38700227 136 74 30 16 -1
-0.201787949 2.81910324 4.39420056 124 47 23 26 -1
0.542613029 0.566308975 4.337777 163 149 22 27 -1
0.287949562 1.07563686 4.35108625 94 171 86 27 -1
0.464255333 1.09522629 4.35724333 134 171 63 27 -1
0.758097649 1.01686764 4.39028154 157 93 39 -1 -1
0.503434181 1.34988976 4.37824607 109 140 65 27 -1
2.61910152 0.977688789 4.53724751 213 195 50 12 -1
1.99223709 1.68291092 4.52772006 157 91 28 -1 -1
2.09018421 1.5849638 4.51480877 169 113 26 -1 -1
1.26742458 2.70156574 4.51247147 173 112 26 -1 -1
1.54167843 2.03552246 4.50278999 123 55 42 -1 -1
1.65921497 2.23141766 4.51011201 128 62 47 3 -1
1.75716305 2.29018593 4.52251657 125 63 47 3 -1
1.56126785 2.4664917 4.52390378 163 97 67 -1 -1
3.01089096 0.605487823 4.54558397 168 97 23 28 -1
2.65828037 0.958099365 4.54689061 252 217 101 18 -1
3.32432365 0.605487823 4.58227457 158 67 23 -1 -1
3.30473423 0.723025322 4.57353844 208 109 88 18 -1
3.42227077 0.820972443 4.59335588 130 58 30 18 -1
3.71611404 0.723025322 4.62548029 147 64 35 -1 -1
3.81406116 0.723025322 4.62559387 137 47 23 -1 -1
3.48103905 0.879741669 4.60075281 122 50 26 18 -1
3.50062943 0.938509941 4.61062662 116 47 25 18 -1
3.53980827 1.01686764 4.61859657 112 53 27 18 -1
3.57898712 0.899331093 4.61211345 117 52 27 18 -1
3.63775539 0.997278214 4.62914877 114 54 27 18 -1
3.81406116 0.997278214 4.64107623 192 102 102 -1 -1
3.59857655 1.15399456 4.63675119 115 54 29 -1 -1
3.81406116 1.11481571 4.64458092 191 102 102 1 -1
2.83458519 1.36947918 4.58220083 181 141 35 12 -1
2.79540634 1.56537437 4.57803455 189 170 36 20 -1
3.32432365 1.21276283 4.61448193 190 105 96 12 -1
3.4418602 1.21276283 4.61923648 175 102 93 18 -1
3.63775539 1.29112148 4.6421319 194 102 101 1 -1
3.71611404 1.36947918 4.65284263 162 92 56 1 -1
3.32432365 1.68291092 4.62438452 205 132 55 -1 -1
3.85324001 1.78085899 4.67632267 174 113 23 -1 -1
4.3233881 0.546719551 4.66314022 177 163 47 13 -1
4.00995636 0.918920517 4.65848749 181 110 68 -1 -1
4.1274929 0.860152245 4.6517408 172 93 37 -1 -1
4.28420925 1.07563686 4.68300218 178 138 53 13 -1
4.48010445 1.13440514 4.69487849 113 166 80 13 -1
4.40174675 1.25194168 4.69343101 128 156 64 13 -1
4.1274929 1.50660515 4.68837852 175 116 33 13 -1
3.97077751 1.76126957 4.67884828 174 116 21 -1 -1
4.49969387 1.50660515 4.71624025 96 179 97 13 -1
2.95212269 1.91798496 4.61620931 166 173 33 12 -1
3.08924961 2.388134 4.63623521 126 208 87 28 -1
3.73570347 2.40772343 4.69673003 171 188 26 12 -1
3.99036694 1.80044842 4.69830996 177 135 20 -1 -1
4.49969387 2.3489542 4.75857258 152 187 40 24 -1
4.10790348 2.58402824 4.73016859 162 187 30 20 -1
5.204916 0.742614746 4.74963314 23 178 175 13 -1
5.28327465 0.958099365 4.76601846 28 184 183 13 -1
6.12562275 1.76126957 4.86479465 20 164 171 -1 -1
6.96797276 0.683846474 4.88639535 29 86 167 -1 -1
6.92879391 0.820972443 4.88169789 29 88 166 -1 -1
6.96797276 0.997278214 4.90930266 27 74 158 -1 -1
7.06591892 0.566308975 4.89135453 30 71 158 -1 -1
7.14427853 0.625077248 4.88926864 27 56 142 -1 -1
7.14427853 0.703435898 4.91150385 30 60 144 -1 -1
7.22263622 0.723025322 4.90413289 28 56 136 -1 -1
7.06591892 0.958099365 4.90455088 26 63 149 -1 -1
7.02674007 1.05604649 4.91088205 26 66 148 -1 -1
7.10509968 1.15399456 4.92126991 26 58 139 -1 -1
7.0855093 1.21276283 4.91800209 27 58 144 -1 -1
7.14427853 1.25194168 4.93326276 26 53 134 -1 -1
7.06591892 1.33030033 4.92535819 27 63 146 -1 -1
1.25423431 -3.1165185 4.23593822 22 168 174 27 -1
1.14988804 -2.48011017 4.25776204 81 173 105 27 -1
1.85511017 -2.07454491 4.33626782 25 177 178 14 -1
4.95943546 -3.21446609 4.54138528 28 184 183 13 -1
4.16667271 -2.44963741 4.51175036 40 197 184 -1 -1
4.4409256 -2.35511398 4.53924588 43 193 170 -1 -1
4.51610756 -2.2349906 4.55130705 54 200 154 13 -1
1.03235054 -1.88441658 4.27652667 147 171 30 27 -1
1.11137486 -1.68648434 4.29264562 164 201 52 18 -1
1.31261826 -1.39264202 4.32360041 103 194 103 27 -1
1.20865631 -1.27037621 4.32076891 123 182 74 27 -1
1.07152939 -0.967362404 4.32384023 163 191 42 -1 -1
1.15222931 -0.72659874 4.34215606 145 182 54 18 -1
1.44373035 -1.86484098 4.31190188 50 172 145 27 -1
1.62003613 -1.35820866 4.35098673 21 159 156 27 -1
1.4829092 -1.08721066 4.35252075 40 164 142 27 -1
1.53206253 -0.844135284 4.36830692 45 167 132 27 -1
0.86810112 -0.687419891 4.32025387 166 187 22 27 -1
1.14988804 -0.566713333 4.34963727 148 187 53 18 -1
0.836455345 -0.106328011 4.34550709 161 179 17 27 -1
1.07304573 -0.158502579 4.36280603 148 181 44 18 -1
0.464255333 0.056681633 4.32217865 166 187 27 27 -1
0.679739952 0.161571503 4.34525264 170 184 25 27 -1
0.464255333 0.451127052 4.34111867 157 167 30 27 -1
0.804076195 0.115750313 4.35346023 170 184 21 27 -1
1.17112732 -0.0605554581 4.37571923 136 182 51 27 -1
1.0410347 0.429183006 4.38834529 171 115 30 -1 -1
1.44431973 -0.707009315 4.36754661 69 177 119 27 -1
2.42320633 -0.446844101 4.46197829 190 177 37 13 -1
2.60942841 -0.0997343063 4.49423343 213 205 69 -1 -1
2.81499577 -1.14367771 4.46131396 170 191 41 13 -1
2.75622749 -0.805282593 4.47264332 198 188 46 4 -1
3.05819225 -0.844135284 4.49605421 182 176 29 -1 -1
3.99036694 -1.02468491 4.56541407 178 195 32 -1 -1
2.85417557 -0.372938156 4.50160203 193 184 52 -1 -1
3.24005318 -0.138913155 4.54513971 200 186 51 13 -1
3.40268135 -0.532968521 4.5398315 178 169 28 13 -1
3.57243443 -0.569882393 4.55226848 180 166 28 13 -1
3.34391308 -0.10140419 4.55563454 175 157 25 13 -1
3.77488232 -0.162209511 4.58878988 173 149 18 1 -1
3.10883904 0.0817365646 4.54475111 240 207 75 18 -1
3.10883904 0.512643814 4.5654419 164 83 16 -1 -1
3.30473423 0.116271019 4.56280708 245 202 101 13 -1
3.63291836 0.0373926163 4.58649081 183 153 28 -1 -1
3.69652367 0.0816249847 4.59393889 180 143 23 1 -1
3.42227077 0.238347054 4.57850738 179 129 26 13 -1
3.61816597 0.341645241 4.59986517 177 102 26 1 -1
3.97077751 -0.423588753 4.59263702 183 172 26 -1 -1
4.43165684 -0.471935272 4.62889427 182 172 29 13 -1
3.93159866 -0.192727089 4.60044273 192 174 46 1 -1
4.74702454 -0.0997343063 4.67316457 133 184 64 13 -1
4.6128788 0.115750313 4.67228255 164 197 57 13 -1
5.2440958 -2.65385771 4.59213189 30 182 181 13 -1
5.31382656 -2.41129637 4.60961584 31 184 180 13 -1
5.4230051 -2.21540117 4.62816108 27 184 182 13 -1
5.47916985 -2.21160316 4.63304482 30 184 181 13 -1
5.38122177 -1.80765581 4.64424217 35 195 177 13 -1
5.25051117 -1.58853674 4.64382222 57 204 162 13 -1
5.38122177 -1.38565254 4.66450543 46 205 172 13 -1
5.53793812 -1.31870747 4.68083813 36 196 182 13 -1
5.84873486 -1.1771574 4.71365068 32 187 180 13 -1
6.28234005 -1.07518387 4.75484279 28 185 181 13 -1
6.38028622 -0.976049423 4.76780166 33 186 182 -1 -1
5.204916 0.469345093 4.73881854 24 179 174 13 -1
6.43905544 -0.6920681 4.78635692 31 185 180 -1 -1
6.67120075 -0.158502579 4.83140916 28 167 180 -1 -1
6.73138142 -0.0801448822 4.84020917 28 147 176 -1 -1
6.84722042 0.292056084 4.86777758 30 134 180 -1 -1
6.93742275 0.487951279 4.88473438 33 87 170 -1 -1
-0.0842514038 0.578220367 4.30130759 66 173 115 27 -1
-0.378093719 0.986418724 4.2963114 102 169 88 11 -1
0.0567674637 0.977688789 4.33229302 63 178 122 27 -1
-0.36196804 1.29112148 4.31229209 108 166 86 -1 -1
-0.0277833939 1.25194168 4.3383843 35 147 145 27 -1
-0.509877205 1.54578495 4.31213923 139 114 27 16 -1
-0.661483765 1.82003784 4.31261749 150 83 23 12 -1
-0.353949547 1.99634361 4.34682581 126 198 99 22 -1
0.0483121872 1.95716476 4.37861657 66 153 109 27 -1
0.0344419479 2.21182823 4.38968367 156 214 162 -1 -1
-0.549229622 2.44690228 4.35211395 158 149 44 15 -1
-0.476041794 2.41976547 4.35693724 140 147 51 16 -1
-0.299736023 2.59845161 4.38027516 131 97 43 16 -1
-0.26729393 2.74074459 4.38982324 127 55 22 16 -1
0.405486107 0.713087082 4.34877778 163 186 40 27 -1
0.268360138 0.886770248 4.34563913 125 193 71 27 -1
0.32712841 1.04049492 4.35793979 124 196 82 27 -1
0.72857666 0.958099365 4.38758733 159 100 32 -1 -1
0.679739952 1.12847614 4.39168032 143 97 26 -1 -1
0.993171692 0.888565063 4.4063969 121 35 18 27 -1
1.11417007 1.03645706 4.42362657 109 41 19 12 -1
0.581791878 1.37694263 4.39541198 129 126 50 27 -1
1.24783516 1.36698341 4.45068606 118 39 19 27 -1
2.5603323 0.715883255 4.52928712 170 166 17 28 -1
2.52115345 0.964015007 4.53792208 179 182 26 12 -1
1.6004467 1.42166424 4.48282761 148 81 21 -1 -1
1.42414093 1.48432255 4.47107829 128 50 18 27 -1
2.01182652 1.22757435 4.50794328 199 169 40 27 -1
2.14227009 1.4674263 4.53037921 171 127 23 -1 -1
2.22731113 1.50585365 4.53934288 227 196 88 -1 -1
2.55389309 1.70250034 4.57612233 169 164 23 28 -1
0.43915081 1.82003784 4.40474799 145 112 43 27 -1
1.22827435 2.70156574 4.51313109 176 114 24 -1 -1
1.55875206 1.91798496 4.50316923 142 88 62 27 -1
1.63962555 2.02564716 4.51510848 130 72 50 -1 -1
1.5852108 2.23141766 4.52043405 135 69 52 3 -1
1.7963419 2.26629353 4.53978177 123 56 39 3 -1
1.40455151 2.42938232 4.51481729 132 44 15 27 -1
2.4819746 3.02247047 4.63348303 41 170 146 12 -1
3.0219593 0.644667625 4.56450885 167 86 24 18 -1
2.65828037 0.963564873 4.54937891 253 218 102 12 -1
3.35202694 0.625077248 4.59119706 153 63 25 -1 -1
3.57898712 0.532534599 4.60575154 158 64 23 1 -1
3.40194416 0.899331093 4.60854426 128 56 32 12 -1
3.4523201 1.15399456 4.62498919 118 60 29 12 -1
3.74212933 1.03645706 4.64360439 123 58 30 1 -1
2.79540634 1.19108677 4.57178215 163 118 20 12 -1
3.06966019 1.15941238 4.59321814 140 64 27 18 -1
2.73663807 1.59589767 4.58630059 172 163 20 -1 -1
3.12842846 1.59679794 4.6191393 218 164 78 28 -1
3.33986568 1.27153111 4.62121973 130 55 26 18 -1
3.54725552 1.34988976 4.64234219 131 54 30 -1 -1
3.86010933 1.31071091 4.66664891 149 74 55 -1 -1
3.52021885 1.55968666 4.65015282 149 53 22 -1 -1
3.59857655 1.61146736 4.65919823 204 98 60 1 -1
4.31850338 0.605487823 4.67115699 174 150 41 13 -1
4.28546047 0.977688789 4.68626299 177 133 49 13 -1
4.1797657 1.44783688 4.69999064 174 116 35 13 -1
3.9965744 1.62414265 4.69312194 216 155 74 -1 -1
4.04913521 1.71151638 4.70171704 178 126 24 -1 -1
4.71517849 1.5467577 4.74955815 44 180 150 13 -1
2.96781826 1.83962727 4.61735504 175 162 28 -1 -1
2.76977921 2.25100708 4.62053099 122 204 99 12 -1
3.11890125 2.40772343 4.65727987 132 215 85 12 -1
3.61816597 2.28166866 4.69301893 173 177 27 12 -1
3.20678616 2.47087955 4.66766898 122 194 77 12 -1
3.80671024 2.58402824 4.72331969 155 178 30 12 -1
4.03468132 1.91798496 4.71042112 173 155 24 24 -1
4.32234192 2.30977535 4.75331277 182 212 55 24 -1
4.0314455 2.56443882 4.74119092 160 183 26 20 -1
4.39763546 2.64279747 4.77560601 159 180 31 24 -1
4.51928329 2.76358604 4.79158863 145 175 33 24 -1
2.93253326 3.14591408 4.67712518 14 158 167 -1 -1
3.48103905 3.24332523 4.72771617 35 169 142 12 -1
5.28327465 0.75424099 4.75905747 30 182 179 13 -1
5.25805664 0.938509941 4.76579457 26 182 181 13 -1
5.34204292 1.64849567 4.80691604 17 162 171 13 -1
6.0864439 1.75168228 4.87418208 20 166 172 13 -1
6.85877132 0.76220417 4.89131948 30 104 175 -1 -1
7.01665401 0.546719551 4.89418843 49 98 176 -1 -1
7.01597691 1.29112148 4.92987557 28 63 151 -1 -1
3.47132969 0.637775421 4.5925197 147 53 21 -1 -1
1.13029861 -2.45047522 4.26520421 92 183 106 27 -1
4.49969387 -3.27323484 4.51558 26 180 181 13 -1
4.65641022 -3.25364542 4.5287052 28 181 183 13 -1
4.75435734 -3.27323484 4.52735363 28 181 183 13 -1
4.89148426 -3.29282427 4.53577525 30 187 183 13 -1
4.61723137 -3.07733965 4.53718244 25 178 180 13 -1
4.83271599 -3.21446609 4.54206666 30 182 183 13 -1
4.96984196 -3.1361084 4.55365494 28 184 181 13 -1
5.06779003 -3.1361084 4.5556645 27 182 181 13 -1
4.87189484 -2.95980263 4.56366639 26 180 181 13 -1
5.08737946 -3.01857138 4.56203058 28 182 181 13 -1
4.91107368 -2.86185503 4.57202766 26 180 179 13 -1
5.00902081 -2.88144445 4.56799723 27 181 181 13 -1
4.98943138 -2.76390743 4.58102393 30 182 182 13 -1
5.04820061 -2.70513916 4.58833506 28 181 181 13 -1
5.10696888 -2.64637041 4.58960366 29 183 182 13 -1
4.48010445 -2.29375935 4.55182294 53 200 166 13 -1
5.10696888 -2.52883339 4.59889712 30 181 180 13 -1
4.55846214 -2.2349906 4.56658453 54 201 153 13 -1
5.10696888 -2.21540117 4.62065434 31 188 175 13 -1
0.953992844 -1.92155838 4.28024912 161 184 29 -1 -1
1.22824574 -1.66689491 4.30601842 118 181 75 27 -1
1.18906689 -1.41223145 4.31644045 122 172 60 -1 -1
1.13029861 -1.21633625 4.32547931 152 194 47 18 -1
1.18906689 -1.00085163 4.34054521 134 186 57 18 -1
1.34578323 -1.00085163 4.36275194 72 167 109 27 -1
1.32619381 -0.765777588 4.37368428 103 180 89 27 -1
0.660150528 -0.530703545 4.32510153 175 201 31 8 -1
0.875635147 -0.667829514 4.32727925 165 183 20 27 -1
1.11070919 -0.178092003 4.36728498 154 194 48 18 -1
0.581791878 0.0961608887 4.34181793 171 193 29 27 -1
0.973582268 -0.0605554581 4.36167152 167 183 24 -1 -1
1.34578323 0.135339737 4.41301574 120 165 55 -1 -1
2.4819746 -0.452344894 4.47843423 186 174 36 13 -1
2.5603323 -0.393576622 4.48948791 178 170 35 -1 -1
2.6778698 -0.961672783 4.46123469 178 166 26 -1 -1
3.16760731 -0.922493935 4.50857154 169 181 31 13 -1
3.08924961 -0.72659874 4.52321378 192 185 39 -1 -1
3.65734482 -0.72659874 4.5681684 179 179 27 13 -1
3.91200829 -0.765777588 4.58246485 183 180 29 13 -1
3.10883904 -0.648240089 4.52439989 208 199 51 13 -1
2.77581692 -0.373987198 4.50766686 178 152 23 -1 -1
3.18719673 -0.295629501 4.54430056 176 160 24 13 -1
3.4418602 -0.569882393 4.55808602 183 168 26 13 -1
3.4418602 -0.413166046 4.55045143 185 170 29 13 -1
3.59857655 -0.569882393 4.55909638 182 167 26 13 -1
3.71611404 -0.452344894 4.57094629 183 169 25 13 -1
3.81406116 -0.413166046 4.58155661 183 171 29 13 -1
3.30473423 -0.315218925 4.55462818 184 173 31 13 -1
3.53980827 -0.276040077 4.57488016 181 168 28 13 -1
3.3635025 -0.158502579 4.56852781 177 160 24 13 -1
3.42227077 -0.0997343063 4.57081586 178 159 25 13 -1
3.79447174 -0.373987198 4.58791019 180 165 26 13 -1
3.75529289 -0.158502579 4.60345093 173 150 20 1 -1
3.10883904 0.115750313 4.5644889 254 208 102 -1 -1
3.06966019 0.429183006 4.57425765 253 172 101 -1 -1
3.42227077 -0.0801448822 4.56920063 179 156 24 13 -1
3.5593977 -0.00178623199 4.58939595 180 154 24 13 -1
3.38309193 0.213698387 4.58801468 179 134 26 13 -1
3.57898712 -0.0213766098 4.58972979 181 156 26 13 -1
3.65734482 0.135339737 4.60377572 178 138 24 1 -1
3.30473423 0.233287811 4.58207104 182 143 32 13 -1
3.50062943 0.292056084 4.60627549 182 118 30 -1 -1
3.38309193 0.487951279 4.59929039 174 92 29 -1 -1
3.5593977 0.527130127 4.6088686 162 68 22 1 -1
3.69652367 0.390003204 4.61667985 184 102 44 1 -1
3.95118809 -0.628650665 4.58919986 182 174 27 13 -1
4.06872463 -0.589471817 4.60538194 181 172 26 -1 -1
3.99036694 -0.51111412 4.60358195 185 175 29 13 -1
4.1274929 -0.491524696 4.62039356 183 166 28 21 -1
4.22544098 -0.589471817 4.62173883 180 173 24 21 -1
4.34297752 -0.550292969 4.63163906 216 211 60 -1 -1
4.49969387 -0.530703545 4.64296275 174 178 28 13 -1
3.89241886 -0.197681427 4.59944007 194 181 42 1 -1
4.79353619 -0.217270851 4.67682246 121 192 80 13 -1
4.38215733 0.468361855 4.68208696 188 186 53 13 -1
4.63682079 0.174518585 4.68697239 154 204 71 13 -1
4.51928329 0.311645508 4.67914238 162 192 53 13 -1
5.16573715 -2.74431801 4.58978455 29 183 182 13 -1
5.14614773 -2.58760214 4.59049037 29 182 180 13 -1
5.26368523 -2.45047522 4.60823619 29 184 181 13 -1
5.18532658 -2.35252762 4.61637469 30 187 181 13 -1
5.34204292 -2.37211752 4.61465531 28 183 180 13 -1
5.26368523 -2.1566329 4.6177727 28 187 175 13 -1
5.4008112 -2.1566329 4.63424259 27 184 178 13 -1
5.28327465 -1.98032713 4.62970154 35 197 178 13 -1
5.30286407 -1.94114828 4.64817901 35 198 177 13 -1
5.42040062 -1.82361126 4.65253867 32 192 180 13 -1
5.49875927 -1.66689491 4.67287511 36 192 182 -1 -1
5.4008112 -1.60812664 4.66558405 42 200 177 13 -1
5.2440958 -1.43182087 4.65410897 69 212 156 13 -1
5.49875927 -1.62771606 4.68170673 35 197 184 13 -1
5.57711697 -1.52976847 4.68938121 38 196 184 13 -1
5.59670639 -1.45141029 4.69205312 34 193 182 13 -1
5.51834869 -1.33387375 4.69761704 36 196 180 13 -1
5.71424389 -1.11838913 4.72442366 31 187 181 -1 -1
5.65547466 -0.942083359 4.71928004 73 213 210 13 -1
5.77301216 -1.21633625 4.7088327 33 185 182 13 -1
5.81219101 -1.04003048 4.72556369 29 182 179 13 -1
6.1648016 -1.13797855 4.74663514 33 187 183 13 -1
6.22357082 -1.04003048 4.75608696 29 186 179 13 -1
5.89054966 -0.883314133 4.73190497 29 184 179 13 -1
5.98849678 -0.883314133 4.75796135 27 180 179 13 -1
6.18439198 -1.02044106 4.75223552 28 183 181 13 -1
6.26274967 -1.00085163 4.76004516 30 185 180 13 -1
6.3215189 -0.942083359 4.77449931 34 186 181 -1 -1
6.30192852 -0.863724709 4.77816504 30 188 181 -1 -1
6.38028622 -0.765777588 4.78257793 31 184 181 -1 -1
6.38028622 -0.667829514 4.79381948 29 185 181 -1 -1
5.51834869 0.331234932 4.77585842 34 187 183 13 -1
6.41946507 -0.589471817 4.79611601 31 187 182 -1 -1
6.53700352 -0.491524696 4.8070673 31 183 182 -1 -1
6.45864582 -0.373987198 4.82276025 30 183 183 -1 -1
6.57618237 -0.33480835 4.8297327 34 183 182 -1 -1
6.69371891 -0.276040077 4.83121323 26 162 179 -1 -1
6.55659199 -0.178092003 4.82735523 26 171 178 -1 -1
6.63494968 -0.158502579 4.83143218 29 175 181 -1 -1
6.79166698 -0.178092003 4.84556966 38 160 188 -1 -1
6.69371891 0.0178031921 4.84435944 34 167 182 -1 -1
6.75248814 -0.0213766098 4.84956046 52 176 198 -1 -1
6.75248814 0.0765714645 4.86191876 34 158 185 -1 -1
6.77207661 0.194108009 4.87494139 31 154 182 -1 -1
6.87002468 0.154929161 4.8667098 27 124 177 -1 -1
6.69371891 0.487951279 4.87816397 30 151 180 -1 -1
6.8504343 0.27246666 4.86951211 30 132 180 -1 -1
6.73289776 0.390003204 4.87959088 29 147 180 -1 -1
6.77207661 0.487951279 4.87647852 28 137 178 -1 -1
6.88961506 0.527130127 4.88877836 37 116 179 -1 -1
-0.358504295 0.860152245 4.30037501 101 185 100 11 -1
-0.515220642 1.54578495 4.31947298 139 114 27 16 -1
-0.123430252 1.44783688 4.35050549 56 147 124 27 -1
-0.45645237 1.85921669 4.33308985 147 146 47 22 -1
-0.907011032 2.5448494 4.33867581 132 164 49 15 -1
-0.319325447 2.52525997 4.38866314 129 109 47 16 -1
-0.436862946 2.74074459 4.39252733 135 71 26 16 -1
-0.0254831314 2.77992344 4.42792543 127 47 17 26 -1
0.170412064 0.938509941 4.35905053 101 189 101 27 -1
0.425075531 1.09522629 4.37918555 132 182 73 27 -1
0.64056015 1.03645706 4.39387663 156 114 31 27 -1
1.09111881 0.66425705 4.42250575 141 61 24 20 -1
0.464255333 1.25194168 4.38722162 109 164 76 27 -1
2.24690056 1.01686764 4.52305634 173 178 19 12 -1
1.46331978 1.74168015 4.49935437 122 43 20 27 -1
2.61910152 1.23235226 4.57016942 181 174 26 12 -1
1.26742458 2.13346958 4.50672154 162 81 53 -1 -1
1.77675247 1.82003784 4.52248014 123 49 24 12 -1
1.54167843 2.17264938 4.5310495 133 66 48 3 -1
1.73757267 2.25100708 4.53613205 128 59 46 3 -1
2.52115345 2.13346958 4.61344375 184 235 117 3 -1
1.52208805 2.62320805 4.5380674 180 111 64 27 -1
2.97171211 0.625077248 4.56574128 217 155 88 18 -1
3.16760731 0.840561867 4.60433532 146 65 28 12 -1
2.79540634 0.997278214 4.576003 241 181 101 18 -1
2.89335442 1.03645706 4.58270906 221 150 96 18 -1
3.245965 0.938509941 4.60202389 130 56 27 12 -1
3.01089096 1.15399456 4.59628981 149 77 28 18 -1
3.14801788 1.11481571 4.61107022 208 110 102 12 -1
3.38309193 0.625077248 4.59733744 152 61 26 -1 -1
3.67693424 0.585898399 4.61996313 176 97 64 1 -1
3.26555443 0.938509941 4.6034405 126 52 28 12 -1
3.34391308 1.05604649 4.61513125 120 51 25 12 -1
3.40268135 1.15399456 4.62367129 120 55 29 12 -1
3.69652367 1.13440514 4.64924507 122 62 34 1 -1
2.6778698 1.33030033 4.58370956 178 169 28 12 -1
3.20678616 1.19317341 4.61803159 197 101 75 18 -1
3.22637558 1.5849638 4.62833487 178 100 32 -1 -1
3.53980827 1.23235226 4.65058996 129 73 50 18 -1
3.5593977 1.36947918 4.65523975 131 54 27 1 -1
3.67693424 1.19317341 4.65740426 121 58 31 1 -1
3.85324001 1.21276283 4.66250371 164 101 88 -1 -1
3.4418602 1.48701572 4.6421289 154 53 26 -1 -1
3.40268135 1.72208977 4.65634816 216 151 74 -1 -1
3.61816597 1.64373207 4.66808545 181 99 43 1 -1
4.36256695 0.585898399 4.68676223 185 176 54 13 -1
4.2450304 0.860152245 4.69220387 175 116 38 13 -1
4.49969387 1.15399456 4.71729817 110 184 97 13 -1
4.2450304 1.42824745 4.71368746 154 120 35 13 -1
4.42133617 1.44783688 4.73755905 127 171 72 13 -1
4.1274929 1.60455322 4.70772535 171 130 29 -1 -1
4.38215733 1.48701572 4.72848559 140 165 59 13 -1
4.79353619 1.52619553 4.77449615 31 178 158 -1 -1
2.95212269 1.93757439 4.62250958 157 160 29 12 -1
3.05006981 2.40772343 4.65513359 117 200 88 28 -1
3.71611404 2.25100708 4.70403615 169 171 18 20 -1
3.57898712 2.44690228 4.71638353 164 192 35 12 -1
3.69652367 2.70156574 4.7335455 138 183 48 -1 -1
3.95118809 1.83962727 4.71052823 174 136 24 -1 -1
4.02954578 1.95716476 4.71918436 175 164 28 24 -1
4.3233881 2.30977535 4.75378754 181 213 56 24 -1
3.99036694 2.56443882 4.75113052 159 179 23 -1 -1
4.42133617 2.64279747 4.79573929 157 180 32 24 -1
2.40361691 3.19130325 4.63542561 37 169 148 28 -1
5.3224535 0.977688789 4.783653 33 187 183 13 -1
5.61629581 1.6633215 4.83785555 20 168 173 13 -1
6.57618237 0.781793594 4.88508691 29 168 182 -1 -1
6.83084583 0.566308975 4.88243192 28 117 177 -1 -1
6.87002468 0.546719551 4.88278434 30 109 175 -1 -1
6.81125546 0.723025322 4.89950847 30 120 177 -1 -1
6.81125546 0.820972443 4.90361744 30 115 177 -1 -1
6.61536121 1.03645706 4.89284406 26 148 178 -1 -1
6.65454006 1.13440514 4.90494281 25 138 181 -1 -1
6.81125546 0.977688789 4.9086095 26 109 172 -1 -1
6.88961506 0.997278214 4.91239573 26 89 167 -1 -1
6.71330929 1.15399456 4.9042854 26 126 176 -1 -1
6.94838238 1.01686764 4.91249634 27 77 158 -1 -1
6.63494968 1.21276283 4.91161734 28 144 180 -1 -1
6.71330929 1.23235226 4.90802119 27 122 177 -1 -1
6.79166698 1.25194168 4.91673394 26 106 174 -1 -1
7.0071516 1.21276283 4.92832688 27 69 153 -1 -1
6.90920353 1.33030033 4.93581202 29 80 164 -1 -1
7.10509968 1.3890686 4.9499019 24 55 141 -1 -1
7.12468815 1.70250034 4.9704511 27 51 134 -1 -1
7.04633045 1.93757439 4.98130785 26 53 137 -1 -1
1.24783516 -3.06473207 4.25747862 22 168 174 27 -1
1.19643688 -2.56801224 4.27702714 77 192 135 27 -1
1.09111881 -2.11042213 4.29018334 120 174 67 27 -1
4.4919939 -3.23405552 4.52090609 26 180 179 13 -1
4.63679981 -3.09692907 4.53961169 26 179 180 13 -1
4.80535889 -3.05775023 4.55560246 29 182 184 13 -1
5.00902081 -2.95936966 4.57737425 27 182 180 13 -1
4.98943138 -2.6430912 4.59092117 28 183 180 13 -1
4.30529213 -2.39170694 4.5457248 36 193 177 -1 -1
4.83271599 -2.53209925 4.58313252 28 186 180 13 -1
5.09172916 -2.43088579 4.60967361 30 190 181 13 -1
4.94348812 -2.19581175 4.60855235 36 192 166 -1 -1
0.935733795 -1.94114828 4.28530456 163 189 28 -1 -1
1.07181072 -1.70607376 4.30798264 161 199 53 18 -1
1.07677841 -1.35346317 4.32532971 157 199 49 18 -1
1.08303356 -1.33387375 4.32679393 149 185 43 18 -1
1.33046627 -1.1771574 4.35503073 77 161 103 27 -1
1.22824574 -1.01668453 4.35417958 120 176 69 27 -1
1.33393192 -0.804956436 4.37319273 89 170 97 27 -1
1.64133167 -1.74525309 4.3537741 18 160 165 27 -1
1.6004467 -1.33636475 4.36998527 22 162 154 27 -1
1.44373035 -1.0007658 4.37298145 49 163 133 27 -1
0.660150528 -0.527517319 4.33011445 173 195 28 8 -1
0.679739952 -0.193027496 4.34781535 168 184 22 27 -1
1.11070919 -0.723349571 4.35842599 154 187 39 18 -1
0.807959557 -0.11932373 4.36208722 164 180 19 27 -1
1.14988804 -0.159049988 4.38880139 138 180 46 27 -1
0.347482681 0.174518585 4.33765159 159 196 37 -1 -1
0.7189188 -0.00724124908 4.36001575 170 191 25 27 -1
0.150822639 0.353586197 4.32978808 113 177 70 8 -1
0.836455345 -0.0950641632 4.36563737 166 183 19 27 -1
1.01288223 0.0765714645 4.38864688 164 183 27 -1 -1
0.958650589 0.27246666 4.39351359 166 140 17 -1 -1
1.29178238 0.390003204 4.42704269 153 126 24 -1 -1
1.41274738 -0.373987198 4.40048388 66 179 120 27 -1
2.38645172 -0.393576622 4.48104885 185 172 34 13 -1
2.4819746 -0.103899956 4.5029541 169 143 16 13 -1
2.73663807 -1.13999844 4.47452099 175 187 34 13 -1
2.87204456 -1.00085163 4.49253681 172 172 27 13 -1
3.11390209 -0.922493935 4.5165444 174 184 32 13 -1
3.29161644 -0.765777588 4.5389453 179 176 27 -1 -1
3.83669281 -0.785367012 4.58363122 185 184 27 13 -1
3.95536804 -0.765777588 4.59450576 180 178 27 13 -1
3.10883904 -0.634885788 4.52993061 248 219 96 13 -1
3.17121506 -0.452344894 4.54391694 255 217 102 13 -1
3.03048038 -0.342389107 4.53741623 212 196 54 13 -1
3.43141174 -0.589471817 4.55911274 183 168 30 13 -1
3.51016045 -0.452344894 4.57228894 185 171 28 13 -1
3.71611404 -0.528650284 4.58586469 183 170 25 13 -1
3.31477451 -0.256450653 4.56534004 181 166 29 13 -1
3.36331558 -0.178092003 4.57316579 179 161 26 13 -1
3.71064663 -0.33480835 4.59471471 182 167 27 13 -1
3.6770792 -0.11932373 4.60225177 181 163 27 -1 -1
2.97171211 0.169157982 4.55705979 180 146 22 18 -1
3.20678616 0.271912575 4.58167101 254 191 102 13 -1
3.20678616 0.430444717 4.58928322 171 99 22 13 -1
3.26555443 0.18055439 4.58220358 252 197 102 13 -1
3.75221252 0.0373926163 4.61606596 171 135 18 1 -1
3.28855991 0.233287811 4.58666139 184 145 36 13 -1
3.44610786 0.292056084 4.60267107 182 120 28 -1 -1
3.48103905 0.433353424 4.6123797 177 94 30 1 -1
3.79996681 0.233287811 4.62946958 195 144 48 1 -1
3.99036694 -0.64984417 4.60300216 186 178 28 13 -1
3.91309357 -0.550292969 4.60131399 182 173 26 13 -1
4.31025791 -0.569882393 4.63361869 221 221 62 -1 -1
3.91759682 -0.276040077 4.61485969 189 171 43 1 -1
4.73476791 -0.324934006 4.68091466 139 184 58 13 -1
4.7616806 -0.0213766098 4.69774329 135 196 71 13 -1
5.204916 -2.28655767 4.62607828 30 190 182 13 -1
5.32343102 -1.84320068 4.65728738 36 199 174 13 -1
5.40404797 -1.51017904 4.6800262 43 202 173 13 -1
5.4960041 -1.60812664 4.68302041 38 198 183 13 -1
5.51834869 -1.33464527 4.69802251 36 196 180 13 -1
5.57711697 -0.957921028 4.72103091 31 187 182 -1 -1
6.0080862 -0.951241493 4.75742665 29 183 181 13 -1
6.12562275 -0.854739189 4.77189898 28 184 181 13 -1
6.38028622 -0.510551453 4.80974282 30 187 180 -1 -1
5.34739208 0.390003204 4.76652442 31 184 182 13 -1
6.45826626 -0.373987198 4.82282766 30 183 183 -1 -1
6.65210629 0.0569820404 4.85974714 30 170 181 -1 -1
6.63256168 0.468361855 4.87786427 32 164 182 -1 -1
-0.143019676 0.547430038 4.31449927 62 180 126 27 -1
-0.358504295 1.01138783 4.31873954 95 167 93 -1 -1
-0.0646619797 1.0903511 4.34712768 39 152 141 27 -1
-0.378093719 1.2907877 4.33051566 110 167 83 -1 -1
-0.0170850754 1.31071091 4.36169116 28 144 147 27 -1
-0.503303528 1.52619553 4.3313383 141 123 31 16 -1
0.10841465 1.6633215 4.38912757 58 184 145 -1 -1
-0.384972572 1.99634361 4.36381841 141 192 79 22 -1
0.012254715 1.95716476 4.39518775 60 163 119 27 -1
0.0528755188 2.16570568 4.40860146 104 159 97 -1 -1
-1.07287979 2.68197632 4.33915786 117 184 78 -1 -1
-0.573988914 2.53311443 4.3737705 155 134 35 15 -1
-0.333094597 2.64279747 4.3992016 130 71 27 16 -1
-0.476041794 2.82108593 4.3957968 120 53 23 16 -1
0.112505913 0.644667625 4.34055751 97 174 83 27 -1
0.458016396 0.703435898 4.37230092 162 167 30 27 -1
0.307174683 0.977688789 4.37284321 122 176 69 27 -1
0.581791878 0.944869041 4.39425461 154 123 28 27 -1
1.12861347 0.605487823 4.42373124 144 60 19 -1 -1
0.993171692 0.887522697 4.42593627 126 46 21 27 -1
1.07152939 1.09463882 4.4424404 108 44 21 12 -1
0.140294075 1.72208977 4.39461795 62 168 127 27 -1
1.17016888 1.48701572 4.46953787 121 27 13 -1 -1
2.49876499 0.801383018 4.54782838 169 175 18 28 -1
2.46583366 0.918920517 4.55071558 249 244 102 12 -1
1.52208805 1.43333149 4.49641812 137 64 17 -1 -1
1.91387844 1.35046864 4.5252348 178 132 30 -1 -1
2.01182652 1.21699715 4.52702483 212 203 72 27 -1
2.34484768 1.23546505 4.55578771 178 183 33 20 -1
2.14895248 1.59078979 4.55645153 203 153 52 -1 -1
2.55858135 1.64373207 4.59328233 176 178 27 28 -1
0.453472137 1.82003784 4.42553621 143 107 40 27 -1
1.24931431 2.52525997 4.52601606 166 87 31 -1 -1
1.5167551 1.85921669 4.51642137 117 37 19 27 -1
1.65921497 2.04719639 4.5373724 133 81 62 3 -1
1.49036121 2.19223881 4.53020269 139 70 52 3 -1
1.75716305 2.23238468 4.55446347 126 61 45 3 -1
2.49541378 2.03552246 4.60680731 190 197 67 -1 -1
1.57868958 2.52525997 4.55358698 169 101 66 3 -1
2.71704865 0.780967712 4.56511991 172 139 21 18 -1
3.12842846 0.819415092 4.60140128 152 64 26 12 -1
2.65828037 1.0290184 4.57211121 177 170 29 12 -1
3.17446995 0.938509941 4.61097381 134 59 27 12 -1
3.16474342 1.15399456 4.62050652 185 111 94 18 -1
2.71004772 1.19317341 4.58432669 168 138 20 12 -1
2.93253326 1.36650753 4.61127317 176 120 33 12 -1
2.73663807 1.58835697 4.60552794 173 161 20 20 -1
2.93844414 1.68291092 4.62696064 180 156 28 20 -1
3.73570347 1.26310444 4.67353882 194 102 102 1 -1
3.30473423 1.72890377 4.65983001 217 159 74 -1 -1
3.77488232 1.77888489 4.70158449 176 108 26 -1 -1
4.30910015 0.958099365 4.70689059 173 136 51 13 -1
4.53887272 1.11135674 4.73348303 101 188 105 -1 -1
4.53887272 1.44805813 4.74965036 87 186 109 13 -1
5.02861118 1.58012104 4.796986 20 172 171 13 -1
2.65828037 2.12209225 4.62459714 147 197 75 12 -1
3.85324001 1.83861542 4.71101162 175 119 28 -1 -1
3.41614723 2.388134 4.70081016 155 189 43 12 -1
2.93253326 2.43429756 4.66254505 91 198 110 12 -1
3.57559586 2.44690228 4.71697894 164 191 38 12 -1
3.7785387 2.62320805 4.74243226 145 175 33 12 -1
3.94491768 1.89839554 4.72155611 175 140 22 24 -1
4.19625187 2.30977535 4.76234762 168 185 24 24 -1
4.08831406 2.43735218 4.75943833 166 184 22 -1 -1
4.48525047 2.48608112 4.79500438 154 184 34 24 -1
2.4203558 3.05417728 4.64943702 56 179 139 28 -1
2.81499577 3.19591618 4.68927688 16 158 168 28 -1
3.48103905 3.24663258 4.74746441 36 169 141 12 -1
5.16573715 0.742878914 4.76826266 22 177 176 13 -1
5.61629581 0.824643135 4.8099035 25 180 179 13 -1
5.60015678 0.879741669 4.81119821 29 184 181 13 -1
5.75228405 1.72208977 4.86437916 18 165 169 13 -1
6.55659199 0.737421036 4.88442447 28 166 180 -1 -1
6.70124149 0.781793594 4.89866323 30 143 180 -1 -1
6.67413044 1.04662991 4.90911045 27 139 178 -1 -1
6.60950375 1.25194168 4.91355918 27 147 178 -1 -1
6.92879391 1.38015175 4.94644215 30 81 160 -1 -1
7.04340649 1.76126957 4.97433605 25 53 140 -1 -1
7.14427853 2.49691963 5.01810329 22 44 116 -1 -1
0.910895348 0.0373926163 4.35150956 161 169 16 27 -1
1.07152939 -2.54842281 4.2709845 101 197 106 -1 -1
4.22544098 -3.29282427 4.5133863 30 184 182 14 -1
4.42133617 -3.25364542 4.51779504 26 181 179 13 -1
4.28420925 -3.1165185 4.52864903 24 178 179 13 -1
4.49969387 -3.1361084 4.53174404 26 180 182 13 -1
4.57805157 -3.17528725 4.53347596 25 179 179 13 -1
4.71517849 -3.1165185 4.54634769 29 182 184 13 -1
4.61723137 -3.05775023 4.54015343 25 180 179 13 -1
4.65641022 -2.92062378 4.56537436 30 186 182 13 -1
4.67599964 -2.9402132 4.56605442 27 182 182 13 -1
4.83271599 -2.99898148 4.5618902 26 180 179 13 -1
4.65641022 -2.88144445 4.56858027 33 188 184 13 -1
4.67599964 -2.88144445 4.56830506 30 183 182 13 -1
4.67599964 -2.78349686 4.5725161 26 181 180 13 -1
4.71517849 -2.72472858 4.57904379 27 183 181 13 -1
4.77394676 -2.66595984 4.57948078 30 186 182 13 -1
4.83271599 -2.70513916 4.58026346 28 182 179 13 -1
4.93066311 -2.64637041 4.59639015 31 184 181 13 -1
4.30379868 -2.39170694 4.54759774 36 193 177 -1 -1
4.79353619 -2.52883339 4.58255795 28 186 179 13 -1
4.81312656 -2.33293819 4.60758301 34 193 173 13 -1
4.89148426 -2.47006464 4.59721797 29 185 179 13 -1
5.04820061 -2.48965454 4.61094334 27 183 180 13 -1
4.96984196 -2.41129637 4.60175137 28 187 179 13 -1
4.96984196 -2.31334877 4.61547245 37 196 178 13 -1
5.02861118 -2.29375935 4.61823777 32 192 179 13 -1
4.85230541 -2.27416992 4.60351824 35 192 167 -1 -1
4.98943138 -2.2545805 4.61406421 35 195 173 13 -1
5.04820061 -2.09786415 4.63140382 44 203 174 13 -1
5.08737946 -1.98032713 4.63474811 47 201 161 13 -1
0.973582268 -1.39264202 4.32285832 164 187 26 27 -1
1.28701401 -1.54935789 4.34853243 96 171 95 27 -1
0.699329376 -0.82454586 4.33360744 169 191 24 8 -1
1.14988804 -1.07920933 4.35474534 146 189 54 18 -1
1.36537266 -1.0596199 4.3734593 71 166 111 27 -1
1.09111881 -0.72659874 4.36660556 158 195 45 18 -1
1.38496208 -1.41223145 4.35752691 63 160 115 27 -1
0.405486107 -0.11932373 4.34578774 176 202 31 8 -1
1.09111881 -0.569882393 4.38318286 160 192 43 18 -1
1.22824574 -0.138913155 4.4072765 114 173 65 27 -1
0.64056015 0.0765714645 4.36939337 173 193 28 27 -1
1.05193996 -0.0605554581 4.39140583 163 193 40 18 -1
1.44373035 -0.648240089 4.39269525 65 169 117 27 -1
2.46238518 -0.276040077 4.51001268 179 164 27 13 -1
2.61910152 0.0961608887 4.52612547 175 160 24 13 -1
3.03048038 -0.90290451 4.52557488 174 172 26 -1 -1
3.22637558 -0.804956436 4.54192744 187 183 40 -1 -1
3.69652367 -1.0596199 4.5730612 163 205 50 13 -1
3.81406116 -1.04003048 4.58670437 176 204 44 13 -1
3.40268135 -0.785367012 4.56201293 180 180 28 13 -1
3.59857655 -1.00085163 4.57008176 165 202 46 13 -1
3.67693424 -0.922493935 4.57811259 175 194 36 13 -1
3.87282944 -0.961672783 4.59291614 177 194 33 13 -1
3.69652367 -0.746188164 4.580601 179 180 27 13 -1
3.75529289 -0.72659874 4.58170121 188 185 31 13 -1
5.06779003 -1.90196896 4.64460611 62 204 148 13 -1
5.06779003 -1.80402136 4.65591153 76 206 137 13 -1
3.89241886 -0.883314133 4.58807503 179 185 29 13 -1
4.08831406 -0.90290451 4.60512283 183 192 30 13 -1
4.02954578 -0.82454586 4.60651428 182 180 25 13 -1
4.18626213 -0.844135284 4.62926431 180 185 24 21 -1
4.2450304 -0.942083359 4.62916669 181 192 26 21 -1
2.87376499 -0.452344894 4.53426381 205 197 63 4 -1
3.16760731 -0.569882393 4.55079046 254 218 102 13 -1
3.20678616 -0.530703545 4.54863559 254 218 102 13 -1
3.01089096 -0.373987198 4.54459609 219 214 81 13 -1
3.38309193 -0.687419891 4.55791418 188 178 27 13 -1
3.4418602 -0.530703545 4.56987976 181 168 27 13 -1
3.83365059 -0.687419891 4.59597706 184 180 28 13 -1
3.57898712 -0.51111412 4.57629353 183 169 27 13 -1
3.81406116 -0.530703545 4.60098493 186 174 28 13 -1
3.4418602 -0.295629501 4.57825379 183 170 28 13 -1
3.4418602 -0.11932373 4.59852497 178 159 26 13 -1
3.77488232 -0.33480835 4.60509083 182 164 26 -1 -1
3.75529289 -0.236861229 4.62098395 177 157 22 1 -1
3.08924961 0.154929161 4.57478497 255 206 102 -1 -1
3.05006981 0.292056084 4.58795646 254 194 102 -1 -1
3.12842846 0.331234932 4.58788626 229 186 92 13 -1
3.05006981 0.409592628 4.58290569 254 182 102 -1 -1
3.38309193 0.135339737 4.60496786 177 137 21 13 -1
3.71611404 0.194108009 4.6243725 176 125 23 1 -1
3.48103905 0.331234932 4.61050897 185 122 32 -1 -1
3.50062943 0.507540703 4.62923186 169 82 29 1 -1
3.91200829 -0.628650665 4.59752646 189 178 27 13 -1
3.89241886 -0.550292969 4.60660624 186 174 30 13 -1
4.26461983 -0.667829514 4.62604999 178 172 25 21 -1
4.38215733 -0.569882393 4.64331452 219 217 62 13 -1
3.93159866 -0.276040077 4.61845884 202 182 48 1 -1
4.55846214 -0.452344894 4.66569315 173 180 29 13 -1
4.49969387 0.37041378 4.69521038 169 198 60 13 -1
4.77394676 -0.0409660339 4.70552558 135 204 79 13 -1
4.71517849 0.213698387 4.72200404 124 194 79 13 -1
4.53887272 0.390003204 4.70578582 158 201 69 13 -1
5.204916 -2.21540117 4.63617643 27 186 177 13 -1
5.16573715 -1.86279011 4.65539285 57 202 155 13 -1
5.16573715 -1.80402136 4.66005724 60 204 153 13 -1
5.16573715 -1.62771606 4.66508677 83 212 144 13 -1
5.22450542 -1.3730526 4.68513337 71 211 151 13 -1
5.28327465 -1.33387375 4.69073618 72 229 180 13 -1
5.4008112 -1.07920933 4.71147543 33 189 171 13 -1
5.55752754 -1.15756798 4.71363087 32 194 180 13 -1
5.57711697 -1.0596199 4.72623562 31 188 181 13 -1
5.75342274 -1.0596199 4.73501692 32 188 182 13 -1
5.69465446 -1.02044106 4.73360583 33 188 183 13 -1
6.06685448 -0.922493935 4.7679778 28 182 179 13 -1
5.85136986 -0.746188164 4.77251649 29 184 179 13 -1
5.94931793 -0.765777588 4.76788723 31 189 182 13 -1
6.14521313 -0.883314133 4.77331593 28 183 181 13 -1
6.18439198 -0.765777588 4.78166031 30 183 180 13 -1
5.98849678 -0.648240089 4.7874154 31 186 182 13 -1
6.0864439 -0.667829514 4.79556816 30 184 180 13 -1
6.20398045 -0.609061241 4.80306543 32 189 181 13 -1
6.26274967 -0.589471817 4.80834368 29 184 180 13 -1
6.1648016 -0.43275547 4.80950753 30 184 181 13 -1
6.2431612 -0.452344894 4.81514043 30 186 180 13 -1
5.96890736 -0.373987198 4.80092802 32 181 179 13 -1
6.12562275 -0.276040077 4.81915934 32 186 182 13 -1
6.34110737 -0.354397774 4.82001712 29 182 177 13 -1
6.2431612 -0.217270851 4.82270193 30 183 181 13 -1
6.30192852 -0.0997343063 4.84106499 29 186 181 13 -1
5.65547466 0.390003204 4.80136432 29 182 182 13 -1
6.43905544 -0.373987198 4.8259479 32 185 183 -1 -1
6.41946507 -0.197681427 4.83271648 28 175 178 -1 -1
6.43905544 -0.0605554581 4.84912034 31 181 181 -1 -1
6.49782467 0.0373926163 4.86458317 28 182 180 -1 -1
6.57618237 0.0765714645 4.86946818 29 175 181 -1 -1
6.65454006 0.174518585 4.86723777 29 167 181 -1 -1
6.57618237 0.252877235 4.88070997 30 180 183 -1 -1
6.59577084 0.37041378 4.87836509 29 170 181 -1 -1
6.51741314 0.507540703 4.88559257 30 174 180 -1 -1
6.71330929 0.350824356 4.88256352 28 151 179 -1 -1
-0.201787949 1.01686764 4.34147069 58 157 125 27 -1
-0.201787949 1.17358398 4.35197213 58 158 131 27 -1
0.0332860947 1.4674263 4.38596763 47 189 167 27 -1
-0.221378326 1.85921669 4.38619627 82 162 104 27 -1
0.0136966705 2.21182823 4.42100437 153 221 173 -1 -1
-0.417272568 2.72115517 4.39660829 130 63 21 16 -1
-0.476041794 2.83869267 4.41197826 120 51 21 16 -1
-0.221378326 3.03458786 4.43759941 105 44 22 26 -1
0.150822639 0.938509941 4.36030803 87 189 116 27 -1
0.405486107 1.11481571 4.39878155 119 170 70 27 -1
0.777687073 0.938509941 4.42919543 161 94 40 -1 -1
0.464255333 1.74168015 4.42700698 137 121 51 27 -1
2.05100536 0.781793594 4.51790355 170 185 22 18 -1
2.10977364 0.879741669 4.53703224 208 236 69 -1 -1
2.54074287 1.13440514 4.58462012 169 163 16 12 -1
2.24690056 1.21276283 4.56243755 187 188 39 20 -1
2.54074287 1.74168015 4.60849428 168 169 28 28 -1
1.22824574 2.15305901 4.5087743 203 108 79 12 -1
1.24783516 2.72115517 4.54419629 174 114 26 -1 -1
1.38496208 2.19223881 4.53055537 151 76 53 3 -1
1.73757267 2.19223881 4.55899932 119 53 37 3 -1
2.4819746 2.07470131 4.61869012 206 218 84 -1 -1
1.4829092 2.42731285 4.54929689 135 53 28 27 -1
2.73663807 0.840561867 4.58130943 251 201 101 12 -1
3.01089096 0.781793594 4.59247602 166 91 34 12 -1
2.73663807 0.938509941 4.57580922 192 170 45 18 -1
2.89335442 1.03645706 4.60990595 225 150 98 18 -1
3.05006981 0.918920517 4.61479207 147 63 26 12 -1
3.12842846 0.860152245 4.60346321 149 65 26 12 -1
2.97171211 1.07563686 4.60188302 228 136 102 18 -1
3.50062943 0.546719551 4.62456613 157 67 24 1 -1
2.87376499 1.29112148 4.61479806 166 118 22 12 -1
2.95212269 1.34988976 4.63034163 166 105 24 12 -1
3.50062943 1.3890686 4.66011784 136 56 27 -1 -1
3.77488232 1.31071091 4.69156878 189 102 97 1 -1
3.32432365 1.78085899 4.68141674 225 170 76 -1 -1
3.53980827 1.78085899 4.69874757 207 149 71 -1 -1
3.69652367 1.76126957 4.70593641 204 138 61 -1 -1
4.48010445 0.585898399 4.71802521 154 191 70 13 -1
4.28420925 0.781793594 4.69816294 193 154 57 13 -1
4.30379868 0.938509941 4.708063 164 134 43 13 -1
4.40174675 1.01686764 4.72604113 146 159 64 13 -1
4.65641022 0.918920517 4.75201633 78 199 129 13 -1
4.55846214 1.03645706 4.74228284 103 189 101 -1 -1
4.87189484 0.938509941 4.76854924 55 216 188 13 -1
4.93066311 1.01686764 4.77592545 35 187 180 13 -1
5.00902081 1.11481571 4.78830156 30 186 181 13 -1
4.4409256 1.34988976 4.74735982 121 173 78 13 -1
4.65641022 1.19317341 4.76658698 68 198 139 13 -1
4.65641022 1.31071091 4.76222004 60 192 142 13 -1
4.79353619 1.27153111 4.77449408 35 185 164 13 -1
4.63682079 1.36947918 4.76171032 64 190 135 13 -1
4.71517849 1.36947918 4.76621136 45 189 155 13 -1
4.77394676 1.42824745 4.77117065 35 183 159 -1 -1
4.85230541 1.3890686 4.77820794 29 180 169 13 -1
4.91107368 1.42824745 4.78714376 22 177 172 13 -1
5.1265583 1.42824745 4.81291652 61 214 200 13 -1
4.91107368 1.52619553 4.78638618 21 172 169 13 -1
5.1265583 1.50660515 4.8177395 24 175 176 13 -1
3.22637558 2.09429073 4.68188678 164 164 28 12 -1
3.28514481 1.80044842 4.68085262 208 147 42 20 -1
3.61816597 1.80044842 4.70756428 207 145 63 -1 -1
3.73570347 1.85921669 4.71686026 215 168 67 -1 -1
3.87282944 1.89839554 4.71915725 202 177 61 -1 -1
3.42227077 2.3489542 4.70642807 159 184 39 12 -1
3.59857655 2.2705965 4.72056782 168 172 22 12 -1
3.42227077 2.4664917 4.70814557 144 180 41 12 -1
3.75529289 2.4664917 4.73666834 167 192 28 12 -1
3.63775539 2.79951286 4.75611259 124 188 65 24 -1
3.95118809 1.93757439 4.72589437 180 162 39 24 -1
3.99036694 2.09429073 4.74353963 192 191 46 24 -1
4.06872463 2.30977535 4.76441286 173 191 25 -1 -1
4.1274929 2.40772343 4.77684293 169 188 25 -1 -1
3.95118809 2.4664917 4.75770666 170 189 25 20 -1
4.2450304 2.4664917 4.79324284 165 188 24 -1 -1
4.38215733 2.56443882 4.8081827 158 183 26 24 -1
4.48010445 2.62320805 4.81549556 158 190 37 24 -1
2.38402653 3.25007153 4.66198967 35 168 150 28 -1
5.22450542 0.801383018 4.7919423 27 178 178 13 -1
5.65547466 0.781793594 4.83015801 27 182 179 13 -1
5.26368523 0.977688789 4.79619929 30 181 181 13 -1
5.65547466 0.899331093 4.83401174 42 191 193 13 -1
6.34110737 0.840561867 4.88806117 27 178 179 -1 -1
5.38122177 1.25194168 4.8262667 24 179 177 13 -1
5.22450542 1.60455322 4.83007881 19 168 172 13 -1
6.02767563 1.78085899 4.90655244 18 164 172 13 -1
6.57618237 0.66425705 4.90116502 30 168 181 -1 -1
6.51741314 0.703435898 4.88940744 27 174 181 -1 -1
6.59577084 0.723025322 4.88931588 30 160 180 -1 -1
6.73289776 0.742614746 4.90082515 29 134 179 -1 -1
6.51741314 0.938509941 4.89372645 28 168 179 -1 -1
6.55659199 0.977688789 4.89927252 27 157 180 -1 -1
6.53700352 1.05604649 4.90169954 27 163 181 -1 -1
6.55659199 1.11481571 4.90297777 26 157 177 -1 -1
6.75248814 1.01686764 4.91842896 29 120 175 -1 -1
6.57618237 1.21276283 4.91847695 26 156 179 -1 -1
6.69371891 1.34988976 4.9308373 27 126 177 -1 -1
6.71330929 1.33030033 4.92681392 26 121 176 -1 -1
6.90920353 1.3890686 4.95634458 28 82 163 -1 -1
6.65454006 1.60455322 4.94563382 26 122 174 -1 -1
6.90920353 1.50660515 4.96991716 28 75 161 -1 -1
6.92879391 1.60455322 4.95940778 25 67 155 -1 -1
7.0071516 1.64373207 4.97347286 24 56 148 -1 -1
7.02674007 1.44783688 4.96220439 27 64 150 -1 -1
7.02674007 1.76126957 4.97954515 26 53 142 -1 -1
6.96797276 1.93757439 4.98250312 23 55 144 -1 -1
6.87002468 2.05511189 4.9898023 24 58 148 -1 -1
7.10509968 1.80044842 4.98223497 28 54 136 -1 -1
7.04633045 2.07470131 4.99921809 24 48 132 -1 -1
7.12468815 2.5448494 5.01912918 20 43 117 -1 -1
0.0174541473 0.527130127 4.34654669 97 188 105 -1 -1
1.24783516 -2.83175087 4.28825505 46 187 167 27 -1
1.22939396 -2.50924397 4.30219716 62 178 134 27 -1
1.14591694 -2.0586853 4.31684396 110 174 79 27 -1
4.23637104 -3.19487667 4.52097941 28 180 182 13 -1
4.1274929 -2.84851694 4.52849667 31 178 181 13 -1
4.64153004 -2.72472858 4.57746895 26 181 180 13 -1
4.12267113 -2.41129637 4.54908699 36 193 179 13 -1
4.71517849 -2.49822664 4.59450972 28 188 179 13 -1
4.69591808 -2.27416992 4.60365599 52 212 181 -1 -1
4.83271599 -2.07631397 4.6246073 63 204 146 13 -1
0.934403419 -1.92669344 4.30547669 163 185 26 -1 -1
0.973582268 -1.45092964 4.33160089 160 180 21 27 -1
1.31711292 -1.51017904 4.35751174 96 169 88 27 -1
0.667861938 -0.981262207 4.32856198 171 194 25 8 -1
1.25486088 -1.23592567 4.3654696 105 175 84 27 -1
1.28701401 -1.06166935 4.37652827 95 171 90 27 -1
1.11070919 -1.02033806 4.36375497 171 218 70 18 -1
1.6004467 -1.80393553 4.36712343 23 167 169 27 -1
1.71909523 -1.49058914 4.392101 23 163 161 -1 -1
1.44373035 -0.986520767 4.39325487 60 171 132 27 -1
0.638525963 -0.550292969 4.34680014 177 199 29 8 -1
0.601381302 -0.189680099 4.36100636 167 183 23 -1 -1
0.895224571 -0.542600632 4.36865689 159 171 15 27 -1
0.758097649 -0.173886299 4.37488294 169 186 24 27 -1
1.10006428 -0.11932373 4.40612776 151 192 47 -1 -1
0.32712841 0.116388321 4.35274599 159 194 40 8 -1
0.728321075 -0.0213766098 4.37971347 173 194 24 27 -1
0.646727562 0.174518585 4.38228981 170 179 24 27 -1
0.542613029 0.407373428 4.38475567 160 167 22 27 -1
1.01299763 0.0569820404 4.40730534 161 178 26 18 -1
1.32877254 0.174518585 4.43938155 133 160 44 -1 -1
1.27195072 0.429183006 4.44685336 150 107 18 -1 -1
1.41874409 -0.373987198 4.42057527 64 176 120 27 -1
2.5603323 -0.438776016 4.51302291 177 156 22 -1 -1
2.46238518 -0.108161926 4.52069911 169 143 16 13 -1
2.50156403 0.0675897598 4.53241768 182 164 27 13 -1
2.63525867 -0.961672783 4.49418691 180 174 28 -1 -1
2.97962856 -0.961672783 4.52301298 172 181 32 -1 -1
3.23437691 -0.765777588 4.55374339 192 190 47 -1 -1
3.55675125 -1.00085163 4.56944077 162 198 46 13 -1
3.59404278 -0.942083359 4.57538419 167 195 41 13 -1
5.00299263 -1.94114828 4.64535082 64 205 144 13 -1
5.05731392 -1.64730549 4.66400728 109 226 134 13 -1
3.90696144 -0.942083359 4.60157758 177 190 29 13 -1
4.16481876 -0.72659874 4.63350885 181 179 27 21 -1
2.85525608 -0.491524696 4.53517718 250 217 99 4 -1
3.14734459 -0.687419891 4.55022068 184 174 31 -1 -1
3.10883904 -0.540664673 4.55404423 255 217 102 13 -1
2.6539135 -0.178092003 4.5333735 193 180 50 4 -1
3.39749432 -0.530703545 4.57868491 180 168 26 13 -1
3.59857655 -0.46442318 4.59869942 183 169 27 13 -1
3.63775539 -0.401472092 4.60500166 184 168 26 13 -1
3.63775539 -0.105791092 4.61919932 185 164 26 -1 -1
2.91778946 0.213698387 4.57427421 252 209 100 18 -1
2.98150349 0.350824356 4.58619186 196 147 30 -1 -1
3.16760731 0.409479141 4.60458641 176 118 26 13 -1
3.65146351 0.135339737 4.63192512 179 133 25 1 -1
3.3635025 0.25389576 4.61351353 178 129 25 13 -1
3.5593977 0.470758438 4.64032433 170 83 27 1 -1
3.63775539 0.407279015 4.64383532 175 92 29 1 -1
4.48010445 -0.637415886 4.66418266 181 193 40 13 -1
4.79353619 -0.31426239 4.7059358 125 194 77 13 -1
4.73277378 0.233287811 4.7271412 115 199 90 13 -1
5.14951992 -1.66689491 4.67078492 77 209 140 13 -1
5.39287853 -1.29469395 4.70902757 44 198 173 13 -1
5.34204292 -1.0310421 4.71743201 38 189 165 -1 -1
5.82940006 -0.765777588 4.77096423 27 185 179 13 -1
6.12562275 -0.580873489 4.80463856 30 186 182 13 -1
6.14521313 -0.27512455 4.8209595 32 184 178 13 -1
5.15658855 0.468361855 4.77390484 26 182 177 13 -1
6.26671505 -0.0801448822 4.84049233 30 186 182 13 -1
6.47823429 0.285921097 4.87577523 31 185 180 -1 -1
-0.32535553 0.66425705 4.32443562 71 177 117 16 -1
-0.436862946 0.972120285 4.32988431 122 183 81 11 -1
-0.0842514038 1.01695156 4.36155292 51 174 145 27 -1
-0.55439949 1.56276989 4.34840683 146 127 33 26 -1
-0.484604836 1.34988976 4.34402728 134 166 59 -1 -1
0.00049495697 1.3890686 4.38651463 48 183 163 27 -1
-0.1335392 1.78085899 4.3941076 72 176 121 27 -1
-0.534810066 2.40443993 4.39046091 143 140 42 16 -1
-0.221378326 2.08619118 4.40141596 81 183 115 27 -1
-0.476041794 2.38762665 4.39457289 131 136 50 16 -1
-0.94618988 2.54270458 4.36266469 135 166 48 15 -1
-0.711115837 2.53961468 4.3821936 145 138 32 15 -1
-0.338914871 2.49793148 4.41134782 125 109 48 16 -1
-0.436862946 2.82753563 4.41897545 118 49 20 16 -1
-0.0450725555 2.81628895 4.4512309 122 43 18 26 -1
0.343243599 0.781793594 4.38604558 138 167 45 27 -1
0.170412064 0.957486153 4.38001462 100 185 99 27 -1
0.174093246 1.11481571 4.38787722 81 194 120 -1 -1
0.503434181 1.14895344 4.41708445 122 130 46 27 -1
1.11070919 0.66549778 4.44470344 162 76 37 20 -1
0.895224571 1.13689232 4.4493008 125 53 21 12 -1
0.444665909 1.19782543 4.41451183 106 160 74 27 -1
0.790470123 1.42824745 4.4545221 144 82 30 27 -1
1.22824574 1.6344347 4.50106731 134 43 20 27 -1
2.12850857 0.820972443 4.53736548 170 180 17 18 -1
2.28607941 0.982263565 4.5582999 172 181 20 12 -1
2.46238518 1.02103996 4.57491979 170 169 16 12 -1
1.6788044 1.41642284 4.52831385 150 83 22 12 -1
1.47069073 1.78085899 4.52839241 117 32 18 27 -1
2.22731113 1.19741726 4.56371159 171 153 19 20 -1
2.56462479 1.29112148 4.59644639 182 185 30 12 -1
2.22929668 1.56537437 4.58154593 238 192 99 -1 -1
0.150822639 1.89160538 4.42322828 80 143 93 27 -1
1.20107269 2.17264938 4.5246361 173 82 51 12 -1
1.22824574 2.53643322 4.54437841 170 101 36 12 -1
1.50249863 1.89904118 4.53672967 111 33 19 27 -1
1.56126785 2.03337479 4.54809932 120 58 40 27 -1
1.49998188 2.40772343 4.56094431 139 58 33 27 -1
1.77675247 2.37050056 4.58232454 131 62 48 -1 -1
2.50156403 2.00685406 4.62553498 195 196 65 -1 -1
2.59951115 2.24876118 4.64534942 200 243 156 12 -1
1.48818684 2.76033401 4.57688822 190 119 63 3 -1
2.99130154 0.586220741 4.598315 165 87 20 28 -1
2.71704865 1.06604767 4.59839796 177 149 27 12 -1
2.97171211 0.882267952 4.61089048 159 84 24 12 -1
2.65828037 1.1926136 4.59955595 179 162 26 12 -1
2.75488377 1.4674263 4.62083794 189 171 33 -1 -1
2.93253326 1.61555576 4.6428211 220 201 79 20 -1
3.21865559 1.64373207 4.66812439 186 115 32 -1 -1
4.35883427 0.801383018 4.72311807 196 196 82 13 -1
5.10696888 0.55121994 4.77372992 33 190 181 13 -1
4.65641022 0.978939056 4.75655285 74 192 129 13 -1
4.83271599 0.9179039 4.76838011 46 201 172 13 -1
5.08584023 1.03645706 4.79526086 28 188 181 13 -1
4.77394676 1.21073055 4.77752134 40 189 158 13 -1
5.09582615 1.40865803 4.81396865 23 176 176 13 -1
2.65228462 2.17264938 4.64611227 175 246 151 13 -1
3.40268135 1.78955269 4.69053042 223 166 79 -1 -1
3.38187027 2.07470131 4.70248033 169 153 24 -1 -1
3.31770039 2.17264938 4.70181203 162 169 32 12 -1
3.80338764 2.25100708 4.7462298 176 182 23 20 -1
3.14801788 2.4679985 4.70179019 115 197 85 12 -1
3.5593977 2.64605045 4.74477493 139 193 56 -1 -1
3.63775539 2.60692024 4.74945509 143 179 39 12 -1
3.71890736 2.99540806 4.774902 92 182 94 24 -1
4.14708328 2.35531616 4.78000802 168 185 22 -1 -1
4.2213974 2.44690228 4.79062628 167 187 25 -1 -1
2.52115345 3.0378828 4.67668147 31 166 152 12 -1
2.79258156 3.2696619 4.71053111 12 154 167 28 -1
3.50062943 3.26442719 4.76954812 38 171 141 -1 -1
5.18171501 0.820972443 4.79293933 26 183 179 13 -1
5.16573715 0.957000732 4.79813352 30 185 180 13 -1
5.62364483 0.997278214 4.83839747 26 180 178 13 -1
6.29923725 0.879741669 4.88930535 28 182 180 -1 -1
5.39336491 1.17358398 4.82758713 26 178 178 13 -1
5.16736698 1.56537437 4.82748212 21 172 174 13 -1
5.71424389 1.68410492 4.87896045 20 167 172 13 -1
6.51628399 0.644667625 4.89618611 28 175 179 -1 -1
6.43905544 0.900827408 4.90202154 30 177 181 -1 -1
6.53592777 1.27153111 4.92793042 27 159 180 -1 -1
6.91222095 1.4674263 4.96883494 26 77 160 -1 -1
6.82342243 1.62414265 4.96892693 30 87 166 -1 -1
6.45864582 1.95956421 4.95449856 22 133 173 -1 -1
6.78037739 2.19223881 4.99260194 25 68 158 -1 -1
6.98879528 2.44690228 5.02227605 26 45 126 -1 -1
4.58802223 -3.08830214 4.53617848 24 178 179 13 -1
1.28701401 -3.15569782 4.2760331 14 158 173 27 -1
1.03235054 -2.39170694 4.30241827 124 192 77 -1 -1
1.89428902 -2.07827473 4.3823475 32 180 183 13 -1
4.16667271 -3.31241369 4.5173931 30 185 183 13 -1
4.20585155 -3.35159302 4.51692406 32 186 181 13 -1
4.16667271 -3.17528725 4.53279609 30 182 183 13 -1
4.16667271 -2.99898148 4.54118735 57 207 197 13 -1
4.20585155 -3.1165185 4.53240299 32 184 186 13 -1
4.42133617 -3.07733965 4.54500897 27 181 181 13 -1
4.20585155 -2.95980263 4.54109815 41 206 199 13 -1
4.36256695 -3.01857138 4.54944985 30 182 183 13 -1
4.42133617 -2.92062378 4.55890547 27 180 180 13 -1
4.10790348 -2.80308676 4.54155434 30 181 183 13 -1
4.36256695 -2.84226561 4.56071452 27 180 178 13 -1
4.4409256 -2.82267618 4.56823051 27 182 179 13 -1
4.40174675 -2.70513916 4.57034486 27 183 178 13 -1
4.48010445 -2.64637041 4.57902772 27 187 180 13 -1
4.59764194 -2.74431801 4.57691439 28 183 180 13 -1
4.63682079 -2.60719156 4.58804478 29 184 180 13 -1
4.20585155 -2.39170694 4.5666511 36 196 178 13 -1
4.57805157 -2.54842281 4.5862086 27 187 180 13 -1
4.65641022 -2.48965454 4.59922311 31 190 178 13 -1
4.57805157 -2.41129637 4.59474228 30 189 173 13 -1
4.61723137 -2.33293819 4.59868019 37 192 167 -1 -1
4.79353619 -2.39170694 4.6074624 31 191 177 13 -1
4.75435734 -2.21540117 4.61859848 55 198 163 13 -1
4.59764194 -2.01950598 4.62450824 96 203 114 13 -1
4.77394676 -2.03909588 4.63081817 82 205 130 13 -1
4.87189484 -2.07827473 4.62967238 64 205 149 13 -1
4.93066311 -1.98032713 4.6401102 71 205 140 13 -1
1.26742458 -1.96073771 4.34772362 84 183 117 27 -1
1.28701401 -1.52976847 4.35873895 89 161 85 27 -1
0.679739952 -1.00085163 4.33307406 170 193 24 8 -1
1.11070919 -1.04003048 4.37449287 177 219 72 18 -1
1.07152939 -0.746188164 4.38049322 153 185 36 18 -1
2.61910152 -1.00085163 4.50577139 179 167 23 -1 -1
0.895224571 -0.589471817 4.36815152 163 176 16 27 -1
0.875635147 -0.11932373 4.40443997 159 170 13 27 -1
0.425075531 0.0178031921 4.3619274 166 192 28 -1 -1
0.601381302 0.0569820404 4.38125026 172 192 25 27 -1
0.581791878 0.409592628 4.39156259 166 163 23 27 -1
1.44373035 -0.609061241 4.41670555 67 170 115 27 -1
2.5603323 -0.295629501 4.52945122 184 162 32 4 -1
2.59951115 -0.236861229 4.53667508 187 170 40 4 -1
2.63869095 -1.00085163 4.50239865 180 171 28 -1 -1
3.01089096 -0.922493935 4.53282115 174 173 26 -1 -1
3.4418602 -1.21633625 4.56731331 118 206 93 13 -1
3.50062943 -1.11838913 4.57868197 139 201 65 13 -1
3.77488232 -1.19674683 4.59652589 155 207 59 13 -1
3.75529289 -1.1771574 4.58597243 154 205 58 13 -1
3.53980827 -1.00085163 4.57162647 160 197 48 13 -1
3.30473423 -0.844135284 4.55949806 174 183 30 13 -1
3.71611404 -0.90290451 4.59560035 175 191 33 13 -1
4.75435734 -1.96073771 4.64281525 102 210 114 13 -1
4.81312656 -1.80402136 4.65494399 125 210 94 13 -1
4.95025253 -1.92155838 4.64777334 79 208 132 13 -1
4.98943138 -1.88237953 4.64752773 77 207 135 13 -1
4.87189484 -1.72566366 4.65971381 127 209 92 13 -1
5.00902081 -1.74525309 4.65891808 96 209 120 13 -1
5.1265583 -1.66689491 4.67071395 80 213 141 13 -1
4.95025253 -1.58853674 4.67130659 129 212 95 13 -1
4.98943138 -1.58853674 4.67245371 120 217 111 13 -1
5.10696888 -1.56894732 4.67622827 94 219 138 13 -1
4.98943138 -1.49058914 4.68149701 122 212 98 -1 -1
5.10696888 -1.41223145 4.69094016 93 214 128 13 -1
4.06872463 -1.11838913 4.6255983 175 193 27 -1 -1
4.22544098 -1.04003048 4.63261423 185 204 31 -1 -1
4.16667271 -1.02044106 4.62255112 222 233 65 13 -1
4.3233881 -1.00085163 4.65201648 184 199 26 21 -1
4.36256695 -0.90290451 4.65090869 176 183 23 -1 -1
4.22544098 -0.785367012 4.64666674 184 187 26 21 -1
4.38215733 -0.746188164 4.6620181 212 214 52 13 -1
5.00902081 -1.23592567 4.69696708 117 212 104 13 -1
5.1265583 -1.13797855 4.70425617 78 200 134 -1 -1
2.81499577 -0.569882393 4.54695124 255 217 102 4 -1
2.89335442 -0.530703545 4.53662807 255 217 102 4 -1
3.12842846 -0.707009315 4.56574018 182 167 29 -1 -1
3.08924961 -0.51111412 4.5576028 255 217 102 13 -1
3.245965 -0.471935272 4.57985582 221 217 99 13 -1
3.3635025 -0.530703545 4.58044105 181 169 28 13 -1
3.34391308 -0.217270851 4.59347177 177 160 24 13 -1
3.63775539 -0.138913155 4.62156952 183 162 25 13 -1
3.03048038 0.174518585 4.58471269 255 206 96 18 -1
2.79540634 0.350824356 4.59004349 180 157 26 -1 -1
2.93253326 0.390003204 4.60345562 180 146 29 18 -1
2.97171211 0.252877235 4.58283875 234 194 72 18 -1
2.95212269 0.487951279 4.59796058 252 180 84 28 -1
3.3635025 0.194108009 4.6183465 179 135 26 13 -1
3.77488232 0.194108009 4.65494946 197 155 54 1 -1
3.30473423 0.390003204 4.62266466 179 109 26 13 -1
3.59857655 0.350824356 4.64245317 179 101 30 1 -1
3.63775539 0.44877243 4.6594004 177 87 29 1 -1
4.46051502 -0.707009315 4.67026005 205 210 50 13 -1
4.59764194 -0.569882393 4.69125258 170 191 39 13 -1
4.67599964 -0.43275547 4.69714525 159 194 51 13 -1
4.89148426 -0.236861229 4.73634302 106 201 101 13 -1
4.79353619 -0.0213766098 4.72199719 118 199 87 13 -1
4.87189484 -0.0801448822 4.73383403 103 202 104 13 -1
4.91107368 0.0569820404 4.75101931 78 198 125 13 -1
4.89148426 0.174518585 4.74962263 81 203 128 13 -1
4.79353619 0.233287811 4.73899088 105 203 103 13 -1
4.79353619 0.37041378 4.75054483 89 202 118 13 -1
4.63682079 0.507540703 4.73869913 121 205 92 13 -1
4.67599964 0.487951279 4.74233313 111 209 105 13 -1
4.83271599 0.27246666 4.74956669 90 204 121 13 -1
4.87189484 0.37041378 4.76110845 68 200 139 13 -1
4.89148426 0.390003204 4.76259116 63 198 142 13 -1
4.85230541 0.527130127 4.75738067 64 208 156 13 -1
5.08737946 0.390003204 4.78198248 32 191 171 13 -1
5.10696888 0.507540703 4.78585951 35 191 180 13 -1
5.14614773 -1.27510452 4.70545897 85 206 128 13 -1
5.28327465 -1.2555151 4.7035548 57 201 155 13 -1
5.43999004 -1.19674683 4.73007391 35 195 176 13 -1
5.26368523 -1.07920933 4.71800149 43 185 155 -1 -1
5.3224535 -1.04003048 4.71552659 40 191 167 -1 -1
5.30286407 -0.72659874 4.74793306 37 197 174 13 -1
5.53793812 -0.844135284 4.76088895 28 188 180 13 -1
5.75342274 -0.765777588 4.77125916 29 182 181 13 -1
5.65547466 -0.589471817 4.78213361 28 184 181 13 -1
5.71424389 -0.530703545 4.77801687 29 182 180 13 -1
5.81219101 -0.667829514 4.79125568 31 185 181 13 -1
5.87095928 -0.569882393 4.7950416 29 183 180 13 -1
5.79260159 -0.530703545 4.79573392 30 189 180 13 -1
5.83178043 -0.43275547 4.7943849 38 192 184 13 -1
6.02767563 -0.491524696 4.81808876 27 183 180 13 -1
6.10603428 -0.589471817 4.80436462 29 184 181 13 -1
5.81219101 -0.373987198 4.8018479 32 188 182 13 -1
6.04726505 -0.373987198 4.81432113 30 182 180 13 -1
6.04726505 -0.276040077 4.81746116 30 188 183 13 -1
6.10603428 -0.256450653 4.82661992 31 186 183 13 -1
6.14521313 -0.11932373 4.84229078 28 184 181 13 -1
5.4008112 0.311645508 4.79507982 29 181 180 13 -1
5.57711697 0.350824356 4.80357751 34 186 182 13 -1
5.71424389 0.350824356 4.82903682 24 180 179 13 -1
6.20398045 -0.0801448822 4.84328622 29 184 181 13 -1
6.34110737 -0.0213766098 4.85111203 30 183 181 13 -1
6.22357082 0.213698387 4.86950396 30 184 179 13 -1
6.30192852 0.174518585 4.8734579 30 187 181 -1 -1
5.83178043 0.292056084 4.83473939 28 184 181 13 -1
6.0080862 0.292056084 4.85624556 29 186 181 13 -1
5.91013908 0.429183006 4.8514964 28 186 181 -1 -1
5.94931793 0.409592628 4.85596864 28 185 181 -1 -1
6.0080862 0.507540703 4.86522488 27 185 179 13 -1
6.30192852 0.37041378 4.87989919 28 182 180 -1 -1
6.3215189 0.429183006 4.88849513 30 183 181 -1 -1
6.43905544 0.0569820404 4.86631597 27 180 179 -1 -1
6.43905544 0.174518585 4.87428952 28 182 181 -1 -1
6.43905544 0.27246666 4.87786067 29 185 181 -1 -1
6.49782467 0.44877243 4.88723645 29 180 181 -1 -1
-2.47417164 1.54578495 4.20183563 153 123 20 15 -1
-0.201787949 1.11481571 4.3700815 58 157 129 -1 -1
-0.711115837 1.78085899 4.36500571 148 69 23 12 -1
-0.123430252 1.5849638 4.3863467 59 148 116 27 -1
-0.652347565 1.87880611 4.37462431 155 92 21 12 -1
-0.45645237 2.36854362 4.39699199 127 137 52 16 -1
-0.671936989 2.52525997 4.38543904 148 131 31 15 -1
-0.378093719 2.83869267 4.43686362 112 32 15 16 -1
-0.358504295 2.93663979 4.44757527 111 38 20 16 -1
-0.1626091 3.07376671 4.46164818 99 23 16 26 -1
0.248770714 1.01686764 4.39704398 98 180 89 27 -1
0.816865921 1.13440514 4.44838624 133 66 21 12 -1
1.34578323 1.34988976 4.51290238 134 58 18 27 -1
2.12936306 0.860152245 4.5410988 223 242 72 -1 -1
2.46238518 0.958099365 4.58694657 208 228 62 12 -1
1.81593132 1.33030033 4.54861264 162 104 21 12 -1
2.24690056 1.25194168 4.57189382 213 220 69 20 -1
2.59951115 1.34988976 4.61383571 195 196 45 12 -1
2.54074287 1.78085899 4.62794792 162 161 23 28 -1
1.36537266 2.09429073 4.54877719 133 48 25 3 -1
1.26742458 2.74074459 4.57544604 169 106 23 -1 -1
1.44373035 2.25100708 4.56149657 150 73 48 27 -1
2.5603323 1.83962727 4.62633846 164 166 28 -1 -1
2.40361691 2.09429073 4.63586163 195 203 75 3 -1
2.32525826 2.19223881 4.62429819 173 146 42 3 -1
2.5603323 2.32936478 4.66464178 147 209 106 12 -1
1.50249863 2.76033401 4.58962854 191 119 63 3 -1
2.91294384 0.683846474 4.60837218 247 160 102 18 -1
2.89335442 0.742614746 4.60693358 246 162 102 12 -1
3.05006981 0.801383018 4.62574318 153 72 24 12 -1
2.81499577 1.05604649 4.61666612 212 151 54 18 -1
3.26555443 0.801383018 4.64059828 140 57 26 12 -1
2.63869095 1.40865803 4.61952996 218 229 80 20 -1
2.65828037 1.56537437 4.6318619 174 173 22 -1 -1
3.14801788 1.64373207 4.66696084 212 158 70 28 -1
3.245965 1.72208977 4.67674302 218 165 74 -1 -1
4.40174675 0.742614746 4.7262839 189 205 85 13 -1
4.48010445 0.781793594 4.74062555 170 216 97 13 -1
4.38215733 0.958099365 4.73557563 166 159 62 13 -1
4.65641022 0.585898399 4.7433785 106 205 107 13 -1
4.73476791 0.566308975 4.74706002 83 207 131 13 -1
4.73476791 0.66425705 4.75383743 75 206 137 13 -1
4.61723137 0.723025322 4.74561907 104 201 106 13 -1
4.61723137 0.820972443 4.7549742 101 208 119 13 -1
4.81312656 0.76220417 4.76165024 52 199 158 13 -1
4.89148426 0.546719551 4.761453 53 203 162 13 -1
4.85230541 0.683846474 4.76684642 47 198 159 13 -1
5.08737946 0.546719551 4.78213178 32 190 180 13 -1
4.93066311 0.723025322 4.77438837 35 192 172 13 -1
4.93066311 0.820972443 4.7794081 31 194 175 13 -1
4.98943138 0.840561867 4.78843135 31 192 176 13 -1
4.65641022 0.860152245 4.75657019 83 202 130 13 -1
4.81312656 0.879741669 4.77167901 50 202 166 13 -1
4.63682079 1.01686764 4.75917666 81 195 129 13 -1
4.73476791 1.03645706 4.7695845 48 189 153 13 -1
4.75435734 1.11481571 4.7757383 50 196 156 13 -1
5.02861118 0.860152245 4.7889695 31 187 181 13 -1
5.10696888 0.958099365 4.79805347 28 184 182 13 -1
4.83271599 1.15399456 4.7885303 35 190 168 13 -1
5.06779003 1.11481571 4.80057091 28 187 180 13 -1
4.81312656 1.19317341 4.78350558 35 190 167 13 -1
4.87189484 1.25194168 4.78948055 29 187 174 13 -1
5.10696888 1.19317341 4.81563523 26 181 178 13 -1
5.10696888 1.29112148 4.81240477 40 196 189 13 -1
5.08737946 1.4674263 4.81746153 24 175 176 13 -1
3.10883904 1.95716476 4.68482724 173 163 29 -1 -1
2.77581692 2.3489542 4.67516272 112 209 117 12 -1
3.48103905 1.82003784 4.70097086 226 162 81 -1 -1
3.50062943 1.93757439 4.71001015 180 136 25 -1 -1
3.42227077 1.95716476 4.71407051 176 138 22 20 -1
3.46144962 2.05511189 4.72415696 177 157 24 20 -1
3.63775539 1.87880611 4.71722659 218 175 77 -1 -1
3.67693424 1.97675419 4.72844319 190 155 29 -1 -1
3.67693424 2.07470131 4.73637926 180 165 28 20 -1
3.75529289 2.05511189 4.74451643 181 163 26 -1 -1
3.34391308 2.13346958 4.71255049 168 169 29 12 -1
3.61816597 2.11388016 4.73765659 180 171 26 20 -1
3.61816597 2.25100708 4.73471091 171 173 23 -1 -1
3.81406116 2.19223881 4.74728162 181 182 26 -1 -1
3.83365059 2.3489542 4.76547574 175 190 25 20 -1
3.28514481 2.52525997 4.72285028 126 194 73 12 -1
3.52021885 2.52525997 4.75168663 151 193 46 12 -1
3.79447174 2.44690228 4.75765731 169 192 27 12 -1
3.63775539 2.58402824 4.76745227 149 182 37 12 -1
3.38309193 2.89746094 4.76119767 77 197 124 12 -1
3.67693424 2.87787151 4.78073565 109 180 74 24 -1
3.89241886 2.15305901 4.75355871 182 179 27 -1 -1
4.02954578 2.25100708 4.7662508 177 185 23 -1 -1
3.91200829 2.388134 4.77099404 173 194 26 20 -1
4.26461983 2.388134 4.79799802 177 196 30 24 -1
4.2450304 2.48608112 4.79568359 164 185 26 -1 -1
2.79540634 3.2304821 4.72450079 15 157 168 28 -1
3.73570347 3.07376671 4.78054255 78 184 107 24 -1
5.71424389 0.566308975 4.83867703 30 185 183 13 -1
5.63588524 0.703435898 4.82572469 33 183 182 13 -1
5.69465446 0.840561867 4.83776057 31 179 183 13 -1
5.204916 1.05604649 4.8173374 28 182 180 13 -1
5.2440958 1.11481571 4.81853704 28 181 179 13 -1
5.4008112 1.05604649 4.82809797 29 182 180 13 -1
5.43999004 1.15399456 4.83742248 24 180 178 13 -1
5.61629581 0.977688789 4.83792124 26 180 178 13 -1
5.53793812 1.07563686 4.84703736 24 175 176 13 -1
5.61629581 1.01686764 4.8418052 25 181 177 13 -1
5.65547466 1.15399456 4.85063822 32 184 182 13 -1
5.89054966 0.546719551 4.85036388 31 186 181 13 -1
5.85136986 0.683846474 4.85780379 28 184 181 13 -1
6.04726505 0.644667625 4.87470829 27 185 180 13 -1
5.89054966 0.742614746 4.86290296 32 184 183 13 -1
5.92972851 0.723025322 4.8615769 30 184 180 13 -1
6.04726505 0.781793594 4.88278991 30 184 182 13 -1
6.14521313 0.66425705 4.88102686 29 185 180 13 -1
6.34110737 0.566308975 4.89400597 27 180 179 -1 -1
6.34110737 0.66425705 4.8863619 29 183 180 -1 -1
6.22357082 0.76220417 4.88834273 32 185 180 -1 -1
6.30192852 0.703435898 4.88531361 31 185 179 -1 -1
6.26274967 0.840561867 4.8958511 31 182 180 -1 -1
5.89054966 0.918920517 4.87347908 30 183 184 13 -1
6.0080862 0.860152245 4.88256624 30 185 182 13 -1
5.83178043 1.07563686 4.86274377 24 178 176 13 -1
5.91013908 1.09522629 4.88128232 29 183 179 13 -1
5.96890736 1.09522629 4.88713146 27 184 180 13 -1
6.0864439 0.997278214 4.89506498 24 178 176 13 -1
6.38028622 0.899331093 4.89761493 30 180 181 -1 -1
6.10603428 1.07563686 4.89779325 25 181 179 13 -1
6.1648016 1.13440514 4.90401323 28 183 181 13 -1
6.26274967 1.11481571 4.91639274 27 180 177 -1 -1
5.14614773 1.23235226 4.82021808 25 177 177 13 -1
5.2440958 1.25194168 4.82342289 24 177 177 13 -1
5.3224535 1.25194168 4.82800595 24 177 178 13 -1
5.26368523 1.33030033 4.83153935 23 177 177 13 -1
5.30286407 1.33030033 4.83187204 24 178 176 13 -1
5.34204292 1.42824745 4.84599252 24 177 176 13 -1
5.49875927 1.21276283 4.84117355 28 182 179 13 -1
5.55752754 1.27153111 4.8500639 25 182 179 13 -1
5.71424389 1.21276283 4.86629019 28 181 179 13 -1
5.75342274 1.31071091 4.87569957 31 182 181 13 -1
5.51834869 1.40865803 4.85433388 24 179 178 13 -1
5.65547466 1.36947918 4.87802344 25 177 178 13 -1
5.204916 1.54578495 4.83363377 20 173 173 13 -1
5.30286407 1.54578495 4.84475378 22 173 175 13 -1
5.42040062 1.60455322 4.85263157 20 167 173 13 -1
5.49875927 1.56537437 4.86273874 22 173 174 13 -1
5.65547466 1.64373207 4.88753676 21 169 173 13 -1
5.89054966 1.21276283 4.8844833 38 192 186 13 -1
5.92972851 1.21276283 4.89152698 31 183 180 13 -1
6.1648016 1.19317341 4.91139747 26 179 177 13 -1
6.3215189 1.17358398 4.91366456 28 176 179 -1 -1
6.36069775 1.27153111 4.92109883 28 175 180 -1 -1
6.34110737 1.42824745 4.9355232 28 173 180 -1 -1
6.51741314 0.566308975 4.89472586 29 173 181 -1 -1
6.41946507 0.76220417 4.89480597 30 181 182 -1 -1
6.39987659 1.19317341 4.91524192 26 173 179 -1 -1
6.51741314 1.31071091 4.93536488 26 162 180 -1 -1
6.39987659 1.42824745 4.94223454 29 169 179 -1 -1
6.61536121 1.4674263 4.94424329 25 136 178 -1 -1
6.88961506 1.4674263 4.97008313 27 80 162 -1 -1
6.49782467 1.62414265 4.96083535 26 151 178 -1 -1
6.51741314 1.68291092 4.96509759 24 140 178 -1 -1
6.63494968 1.78085899 4.97745352 25 114 173 -1 -1
6.73289776 1.62414265 4.9649009 27 102 173 -1 -1
6.81125546 1.68291092 4.97355322 25 84 166 -1 -1
6.34110737 1.82003784 4.94589 22 156 174 -1 -1
6.67413044 1.89839554 4.98549002 23 96 171 -1 -1
6.61536121 2.03552246 4.98948391 22 96 170 -1 -1
6.81125546 1.85921669 4.99449578 26 78 161 -1 -1
6.88961506 1.80044842 4.99157363 25 65 155 -1 -1
6.75248814 2.01593304 4.99672202 24 74 161 -1 -1
6.94838238 2.07470131 5.00276654 25 50 140 -1 -1
6.87002468 2.11388016 5.00685108 24 56 147 -1 -1
6.90920353 2.25100708 5.02240654 25 48 137 -1 -1
7.0071516 2.2705965 5.02994294 22 47 131 -1 -1
6.96797276 2.40772343 5.02211938 25 47 129 -1 -1
7.02674007 2.40772343 5.02370074 24 47 126 -1 -1
6.88961506 2.52525997 5.03349691 25 48 132 -1 -1
7.04633045 2.4664917 5.03145168 24 45 120 -1 -1
7.163867 2.62320805 5.05019622 22 40 113 -1 -1
1.21459866 -3.15569782 4.28950746 22 169 176 27 -1
1.22824574 -2.87120819 4.3043101 61 223 200 27 -1
1.0109787 -2.39170694 4.30914752 133 202 78 -1 -1
0.990234375 -2.1566329 4.31869859 151 186 43 27 -1
1.83552074 -2.02489138 4.39578053 35 186 186 14 -1
4.04913521 -3.18620825 4.52531217 31 184 183 13 -1
4.04800034 -2.86185503 4.54079159 26 179 178 13 -1
4.34297752 -2.73311472 4.57166485 25 182 180 13 -1
4.06872463 -2.5085907 4.55948898 39 194 185 -1 -1
4.22544098 -2.34436512 4.58049278 39 197 175 13 -1
4.5538578 -2.17622232 4.61605715 70 204 142 13 -1
4.65641022 -2.00033236 4.63308715 92 205 119 13 -1
0.97134304 -1.88237953 4.33028603 162 188 30 27 -1
0.995739937 -1.47099972 4.35208136 164 189 28 27 -1
1.14392757 -1.47099972 4.36448566 152 201 72 27 -1
0.7189188 -0.836390495 4.35938149 169 187 23 -1 -1
1.1732235 -1.15756798 4.38198792 131 175 53 18 -1
0.895224571 -0.731411934 4.3791802 162 176 18 27 -1
1.63245773 -1.78443193 4.3903289 18 158 165 27 -1
1.59426785 -1.29469395 4.41064781 29 172 157 -1 -1
1.50249863 -0.910683632 4.42140506 48 166 132 27 -1
0.632678032 -0.530703545 4.36684068 173 195 28 8 -1
0.64056015 -0.219547272 4.3824412 170 187 23 27 -1
1.05092049 -0.589471817 4.39902851 173 198 41 18 -1
1.01434994 -0.295629501 4.41007668 179 211 53 18 -1
1.28701401 -0.143313408 4.44021423 110 194 89 27 -1
0.355716705 0.174518585 4.37751968 159 193 40 -1 -1
0.7189188 0.00577545166 4.39981962 173 187 20 27 -1
0.699329376 0.175632477 4.40633585 171 181 22 27 -1
0.660150528 0.484060287 4.41786604 167 148 21 27 -1
0.836455345 0.0794525146 4.41319596 161 166 14 27 -1
0.945111275 0.311645508 4.43344036 168 140 19 -1 -1
1.25844193 0.487951279 4.46813388 151 100 21 -1 -1
1.40630341 -0.197681427 4.44758897 73 179 113 -1 -1
2.54074287 -0.288303375 4.53819779 185 165 34 4 -1
2.54074287 -0.135777473 4.54552159 214 203 67 -1 -1
2.4819746 0.079419136 4.55093535 183 170 28 13 -1
2.65887165 -1.02044106 4.51293104 183 177 33 -1 -1
2.93442726 -1.02044106 4.53599689 169 173 29 13 -1
3.42185211 -1.21633625 4.56739135 117 208 95 13 -1
3.44217587 -1.07920933 4.57567699 147 201 59 13 -1
3.26555443 -0.959318161 4.56664938 166 187 40 13 -1
3.54526711 -0.844135284 4.59559392 175 181 29 13 -1
4.69558907 -1.86620283 4.64280716 124 207 89 13 -1
4.81312656 -1.60692406 4.66509557 159 219 81 13 -1
3.91200829 -1.11257267 4.61340311 170 199 38 -1 -1
4.41727161 -0.883314133 4.66670531 202 210 38 13 -1
4.98973656 -1.23592567 4.69769318 117 210 103 13 -1
2.83128834 -0.667829514 4.54429475 255 217 102 4 -1
2.965765 -0.667829514 4.55555135 254 218 102 4 -1
3.16824722 -0.609061241 4.57532234 242 218 102 13 -1
2.81499577 0.108296394 4.58019805 178 157 28 -1 -1
2.86034107 0.527130127 4.60410482 174 132 23 18 -1
4.73476791 -0.431209564 4.7149905 148 200 65 13 -1
4.9522028 0.0569820404 4.75663266 76 201 131 13 -1
4.98943138 0.374611855 4.77500052 42 195 162 13 -1
5.47501469 -1.2555151 4.73737359 68 240 218 13 -1
5.56198597 -0.804956436 4.76628806 28 187 181 13 -1
5.75342274 -0.648679733 4.78981651 32 187 181 13 -1
5.79559708 -0.569882393 4.79713039 28 183 179 13 -1
6.02984905 -0.158502579 4.836492 30 187 181 13 -1
5.2440958 0.381407738 4.79664396 24 178 175 13 -1
6.02767563 0.202896118 4.85366328 29 180 178 13 -1
5.85136986 0.233737946 4.84038623 26 182 179 13 -1
6.04726505 0.368555069 4.86325746 30 189 181 13 -1
6.14312077 0.27246666 4.86666737 30 182 178 13 -1
6.20398045 0.495974541 4.88249387 30 184 180 13 -1
-2.52701044 1.5849638 4.20394117 153 107 13 15 -1
-0.143019676 0.542384148 4.35343583 66 183 130 -1 -1
-0.256024361 1.07563686 4.36958168 82 181 129 -1 -1
0.0628147125 1.03645706 4.39438936 62 183 134 27 -1
-0.378093719 1.27775574 4.36906876 100 152 77 16 -1
0.0528755188 1.24443436 4.40354379 34 148 142 27 -1
0.0332860947 1.58120346 4.4180746 61 190 155 27 -1
-1.74936008 1.86543941 4.28250327 166 129 16 -1 -1
-0.532270432 2.36854362 4.4085393 140 139 41 16 -1
-0.15696907 1.82003784 4.41361704 64 156 114 27 -1
-0.20390892 2.11388016 4.42379723 74 179 118 27 -1
-1.02454758 2.55384445 4.37622996 130 170 56 15 -1
-1.12249565 2.71147156 4.3755998 114 191 89 12 -1
-1.08331585 2.768013 4.38159435 101 193 98 12 -1
-0.0495424271 2.72115517 4.46587816 131 55 17 26 -1
-0.124298096 2.87787151 4.46714562 121 44 23 26 -1
0.366307259 0.762158394 4.40662277 163 190 45 27 -1
0.55308342 0.723025322 4.42037814 163 138 21 27 -1
0.22918129 1.0017643 4.40664952 96 179 88 27 -1
0.521831512 1.13440514 4.4375153 125 133 48 27 -1
1.25324535 0.566308975 4.47146137 153 87 30 -1 -1
1.11070919 0.90465641 4.47577651 116 43 23 12 -1
0.620970726 1.35986519 4.45663979 127 102 37 27 -1
1.28701401 1.32468319 4.51070275 119 48 16 27 -1
1.28701401 1.68431568 4.52797116 132 36 17 -1 -1
2.14615154 0.820972443 4.55843174 166 179 17 18 -1
2.16854191 0.885097504 4.56338505 250 249 101 28 -1
2.44279575 0.991006851 4.59142736 171 177 20 12 -1
1.54167843 1.43554688 4.5373432 143 76 22 -1 -1
1.93346786 1.36188221 4.56660146 164 110 18 27 -1
2.21374702 1.21276283 4.58290246 185 168 32 20 -1
2.57004261 1.17358398 4.61084555 181 178 26 12 -1
2.22834492 1.52619553 4.59917445 237 194 100 -1 -1
2.58911991 1.60455322 4.63313622 180 184 28 -1 -1
0.515652657 1.83962727 4.47086061 143 96 34 27 -1
1.18906689 2.19264412 4.54418064 180 84 51 12 -1
1.18906689 2.64409733 4.56585799 174 113 28 12 -1
1.54167843 1.86849594 4.55813203 119 43 22 27 -1
1.65921497 2.05653858 4.57699984 127 76 56 3 -1
1.71798325 2.12310028 4.58511522 123 54 42 3 -1
2.53940773 1.80044842 4.63838124 162 165 25 28 -1
2.28050137 2.23141766 4.63740281 161 138 40 -1 -1
2.3644371 2.25998497 4.64580051 157 156 51 3 -1
2.47153759 2.36854362 4.65997818 197 234 125 -1 -1
1.53578091 2.70156574 4.59763973 184 111 68 3 -1
2.87418938 0.605487823 4.6090265 175 124 24 18 -1
2.7923317 0.820972443 4.61252135 248 183 102 12 -1
2.98157501 0.840561867 4.62930291 159 81 25 12 -1
2.77581692 1.10194588 4.62463041 168 134 26 12 -1
2.95212269 1.10447502 4.63950982 229 138 99 18 -1
2.83724117 1.62414265 4.65484625 186 165 31 20 -1
3.00573349 1.78085899 4.67647521 179 163 29 20 -1
3.12034416 1.93757439 4.69359387 175 164 28 -1 -1
3.35211372 1.95716476 4.7139352 172 140 24 20 -1
3.55743027 2.15305901 4.74052779 177 170 26 20 -1
3.03048038 2.45972061 4.71114347 103 197 99 28 -1
3.52838135 2.5448494 4.75690873 151 195 47 12 -1
3.7384634 2.5448494 4.77449401 162 192 34 12 -1
3.50688839 2.85828209 4.77015967 107 199 95 24 -1
3.67033958 2.89746094 4.78572287 103 176 79 24 -1
2.37811089 3.25007153 4.6944859 37 174 151 28 -1
3.11841011 3.2304821 4.75551329 17 161 167 -1 -1
3.48103905 3.25395584 4.7869949 37 170 143 -1 -1
5.99701118 0.546719551 4.86760577 28 186 180 13 -1
6.20398045 0.561958313 4.8856622 30 185 181 13 -1
6.06685448 1.01759338 4.89606199 30 184 181 13 -1
6.21269321 1.09522629 4.91199735 29 179 178 -1 -1
5.62009621 1.56537437 4.88496802 25 173 177 13 -1
5.77301216 1.39959621 4.88980797 26 178 177 13 -1
5.77817822 1.70250034 4.9047849 21 168 171 13 -1
6.45864582 1.54686928 4.95427169 25 159 178 -1 -1
6.39987659 1.82955742 4.9629261 22 155 175 -1 -1
6.53645229 2.03552246 4.98424819 23 115 173 -1 -1
6.83525181 2.07470131 5.01114095 26 65 155 -1 -1
6.9074297 2.30977535 5.02847024 23 52 139 -1 -1
6.90920353 2.63288879 5.0441336 26 46 126 -1 -1
7.14239788 2.68197632 5.06601055 21 41 113 -1 -1
0.636642456 -0.0741643906 4.38790961 167 181 19 27 -1
1.18906689 -2.84226561 4.3046395 46 184 155 27 -1
1.09111881 -2.37211752 4.32093249 112 188 93 27 -1
3.87282944 -3.39077187 4.52009224 30 182 180 13 -1
3.81406116 -3.29282427 4.51822718 25 178 179 14 -1
3.91200829 -3.27323484 4.5197935 27 180 181 13 -1
3.87282944 -3.1361084 4.52841507 24 179 179 13 -1
3.97077751 -3.15569782 4.52386688 24 176 177 -1 -1
4.06872463 -3.17528725 4.52962305 29 183 183 13 -1
3.99036694 -3.05775023 4.53965306 28 186 184 -1 -1
3.97077751 -2.92062378 4.54598526 26 178 181 13 -1
3.97077751 -2.90103388 4.5463146 28 180 180 13 -1
4.04913521 -2.80308676 4.55026973 28 180 179 13 -1
4.10790348 -2.74431801 4.55761895 25 177 178 13 -1
4.06872463 -2.60719156 4.56679652 23 171 176 13 -1
4.26461983 -2.82267618 4.56607533 26 180 181 13 -1
4.30379868 -2.72472858 4.5706057 27 182 180 13 -1
3.99036694 -2.54842281 4.56075908 31 188 181 -1 -1
4.10790348 -2.47006464 4.58052474 32 184 178 -1 -1
4.3233881 -2.48965454 4.58684413 33 192 179 13 -1
4.36256695 -2.48965454 4.59220171 28 190 175 13 -1
4.34297752 -2.43088579 4.58897978 33 191 176 -1 -1
4.40174675 -2.43088579 4.59257259 31 186 174 13 -1
4.48010445 -2.29375935 4.62053231 45 201 163 13 -1
4.48010445 -2.2545805 4.61539642 50 199 157 13 -1
4.48010445 -2.1566329 4.6225257 74 203 140 13 -1
4.4409256 -2.07827473 4.62382693 88 206 121 13 -1
4.51928329 -2.27416992 4.62198109 48 199 161 13 -1
4.51928329 -2.137043 4.62589616 73 205 141 13 -1
4.63682079 -2.09786415 4.62694828 80 207 132 13 -1
0.601381302 -1.68648434 4.32767638 172 198 28 8 -1
1.13029861 -1.54935789 4.37399997 167 208 66 27 -1
0.660150528 -0.804956436 4.36092876 179 201 31 8 -1
1.24783516 -1.1771574 4.40143197 108 170 75 27 -1
1.71798325 -1.64730549 4.42058234 12 153 163 -1 -1
0.64056015 -0.51111412 4.37061832 170 190 26 -1 -1
0.993171692 -0.628650665 4.39606887 169 187 26 -1 -1
0.483844757 -0.0605554581 4.39489882 176 200 30 -1 -1
0.444665909 0.233287811 4.400329 156 181 31 27 -1
1.32619381 0.0961608887 4.47433314 122 163 53 -1 -1
2.61910152 -0.471935272 4.54975825 183 171 30 -1 -1
2.4819746 -0.217270851 4.54011484 188 165 27 -1 -1
2.42320633 0.0569820404 4.55963386 182 171 26 13 -1
3.22637558 -1.19674683 4.5684049 130 209 88 13 -1
2.79540634 -0.746188164 4.53836789 210 183 39 4 -1
2.97171211 -0.72659874 4.57132703 182 173 32 -1 -1
3.3635025 -1.21633625 4.57056946 124 212 96 13 -1
3.26555443 -1.15756798 4.57233639 127 207 84 13 -1
3.32432365 -1.04003048 4.5779185 153 198 55 13 -1
3.61816597 -1.27510452 4.59919266 123 209 90 13 -1
3.77488232 -1.21633625 4.60189955 147 204 59 13 -1
3.38309193 -1.02044106 4.59289364 160 202 54 13 -1
3.61816597 -0.844135284 4.61337188 176 183 31 13 -1
4.48010445 -1.86279011 4.64145688 144 208 70 13 -1
4.53887272 -1.90196896 4.64178363 129 205 81 13 -1
4.65641022 -1.88237953 4.6420811 127 207 88 13 -1
4.51928329 -1.74525309 4.65174582 167 214 64 13 -1
4.65641022 -1.70607376 4.6520421 155 208 59 13 -1
4.81312656 -1.74525309 4.65948723 134 212 88 13 -1
4.63682079 -1.58853674 4.66812247 168 207 48 13 -1
4.73476791 -1.54935789 4.67438879 178 225 68 13 -1
4.59764194 -1.39264202 4.67554999 174 210 41 13 -1
4.85230541 -1.47099972 4.68439177 159 221 79 13 -1
5.02861118 -1.39264202 4.69473161 120 220 112 13 -1
3.99036694 -1.1771574 4.63242602 171 200 38 -1 -1
4.18626213 -1.11838913 4.64172646 183 201 30 -1 -1
4.2450304 -1.09879875 4.64886721 188 204 33 -1 -1
4.38215733 -1.02044106 4.66901003 188 210 36 -1 -1
4.48010445 -0.922493935 4.67511799 224 241 66 13 -1
4.51928329 -1.31428337 4.66622739 176 208 34 13 -1
4.69558907 -1.2555151 4.68786416 185 229 63 13 -1
4.65641022 -1.0596199 4.69516486 171 193 37 13 -1
4.69558907 -1.0596199 4.6966963 166 202 47 13 -1
4.91107368 -1.29469395 4.69811622 151 222 86 13 -1
4.98943138 -1.33387375 4.69954006 126 214 97 13 -1
4.87189484 -1.15756798 4.70602061 142 212 72 13 -1
5.00902081 -1.15756798 4.71129247 108 201 100 -1 -1
5.1265583 -1.04003048 4.73040746 72 205 136 13 -1
4.55846214 -0.922493935 4.68814964 228 249 81 13 -1
4.69558907 -0.922493935 4.69134351 164 209 54 13 -1
4.53887272 -0.804956436 4.68342658 184 207 47 13 -1
4.67599964 -0.844135284 4.70718107 171 208 52 13 -1
5.1265583 -0.961672783 4.74092292 70 205 139 13 -1
2.81499577 -0.687419891 4.54365731 245 218 102 4 -1
2.6778698 -0.452344894 4.5571956 178 164 26 -1 -1
3.12842846 -0.707009315 4.56900079 182 167 29 -1 -1
2.73663807 0.135339737 4.58687275 174 154 24 18 -1
2.81499577 0.115750313 4.58551793 178 157 28 -1 -1
2.69745922 0.311645508 4.59432956 181 167 26 13 -1
2.63869095 0.44877243 4.60111494 182 172 28 13 -1
2.77581692 0.487951279 4.60434557 179 151 26 18 -1
4.65641022 -0.648240089 4.71190917 164 199 45 13 -1
4.73476791 -0.589471817 4.71568821 148 201 61 13 -1
4.79353619 -0.530703545 4.72389381 138 207 76 13 -1
4.87189484 -0.530703545 4.73292679 113 206 96 13 -1
4.81312656 -0.393576622 4.73487704 127 200 79 13 -1
4.83271599 -0.315218925 4.73027334 122 203 84 13 -1
4.96984196 -0.236861229 4.76188401 82 204 128 13 -1
5.06779003 -0.178092003 4.7706389 54 200 154 13 -1
4.95025253 -0.00178623199 4.75792096 84 207 127 13 -1
5.10696888 -0.0213766098 4.77857476 49 203 165 13 -1
4.98943138 0.0765714645 4.76266177 71 209 147 13 -1
5.00902081 0.213698387 4.76892231 55 201 153 13 -1
5.1265583 0.252877235 4.79449721 33 189 170 13 -1
5.43999004 -1.29469395 4.74392835 46 202 182 13 -1
5.18532658 -1.00085163 4.73490869 59 199 147 13 -1
5.28327465 -0.922493935 4.747119 44 202 166 13 -1
5.4008112 -0.883314133 4.7537148 32 194 177 13 -1
5.30286407 -0.863724709 4.75751921 39 200 171 13 -1
5.34204292 -0.765777588 4.76375854 39 198 178 13 -1
5.47916985 -0.746188164 4.78038521 29 189 180 13 -1
5.2440958 -0.628650665 4.76516153 36 194 171 13 -1
5.43999004 -0.609061241 4.77500584 33 188 179 13 -1
5.59670639 -0.648240089 4.78765901 32 188 182 13 -1
5.65547466 -0.687419891 4.78133766 28 184 180 13 -1
5.49875927 -0.491524696 4.79462409 30 187 180 13 -1
5.69465446 -0.43275547 4.79621221 31 187 182 13 -1
5.73383331 -0.373987198 4.81097583 36 188 183 13 -1
5.73383331 -0.276040077 4.81718288 29 186 180 13 -1
5.81219101 -0.530703545 4.80060664 30 184 181 13 -1
5.77301216 -0.217270851 4.82509917 32 189 183 13 -1
5.77301216 -0.0997343063 4.83581072 27 184 178 13 -1
5.96890736 -0.138913155 4.83776256 28 186 182 13 -1
5.16573715 -0.0409660339 4.78637195 46 203 168 13 -1
5.16573715 0.0765714645 4.79167907 40 196 172 13 -1
5.16573715 0.213698387 4.79466526 33 188 170 13 -1
5.4008112 0.0961608887 4.81109058 28 182 178 13 -1
5.4008112 0.213698387 4.81231598 30 187 180 13 -1
5.57711697 0.115750313 4.82087544 27 184 178 13 -1
5.61629581 0.0961608887 4.82778817 25 178 179 13 -1
5.61629581 0.194108009 4.82797564 26 183 181 13 -1
5.22450542 0.252877235 4.80133896 30 186 178 13 -1
5.2440958 0.350824356 4.79993141 30 186 176 13 -1
5.43999004 0.292056084 4.81008352 27 180 178 13 -1
5.63588524 0.233287811 4.82876441 26 181 179 13 -1
5.87095928 -0.0409660339 4.83793173 26 182 179 13 -1
5.98849678 -0.0605554581 4.84363211 28 182 179 13 -1
5.98849678 0.0373926163 4.85316086 28 182 180 13 -1
5.87095928 0.0961608887 4.84782443 27 181 178 13 -1
5.85136986 0.213698387 4.84124742 33 189 182 13 -1
5.92972851 0.154929161 4.84890902 27 178 175 13 -1
6.0864439 -0.0409660339 4.85672551 29 184 180 13 -1
6.10603428 0.0961608887 4.86540751 28 186 181 13 -1
6.10603428 0.194108009 4.86789523 28 182 179 13 -1
5.92972851 0.233287811 4.84751217 30 186 180 -1 -1
6.0080862 0.311645508 4.85852229 29 185 181 13 -1
6.10603428 0.27246666 4.86359445 28 181 178 13 -1
6.18439198 0.350824356 4.88211189 31 185 181 13 -1
6.0864439 0.429183006 4.87199924 28 181 179 13 -1
6.12562275 0.527130127 4.88151062 30 185 181 13 -1
-2.55252934 1.40865803 4.21269329 147 111 25 15 -1
-2.45458221 1.52619553 4.20946703 153 131 23 15 -1
-2.25868702 1.64373207 4.24825599 165 170 35 15 -1
-0.123430252 1.03645706 4.37986943 57 174 147 27 -1
-0.0842514038 1.4674263 4.41369037 47 159 142 27 -1
0.0136966705 1.72208977 4.43008337 50 168 133 27 -1
-1.65141201 2.11388016 4.31818212 173 150 18 26 -1
-0.534810066 2.36854362 4.40928229 140 139 41 16 -1
0.0920543671 2.11388016 4.45782389 102 141 83 27 -1
-1.08331585 2.77992344 4.38901649 101 193 98 12 -1
-0.280146599 2.99540806 4.47702818 100 24 16 26 -1
-0.1626091 3.11294556 4.48222239 95 23 15 26 -1
0.699329376 1.15399456 4.46039566 139 87 24 -1 -1
0.620970726 1.34988976 4.47130705 133 114 43 27 -1
1.99223709 0.958099365 4.56256376 179 195 30 12 -1
2.10977364 0.977688789 4.56877774 175 187 23 12 -1
2.54074287 1.03645706 4.60364058 172 172 19 12 -1
1.89428902 1.76126957 4.59677096 144 71 28 -1 -1
2.40361691 1.31071091 4.61826855 215 229 70 20 -1
2.18813229 1.54578495 4.61203067 231 192 90 -1 -1
2.4819746 1.72208977 4.63913619 171 163 26 28 -1
1.32619381 2.05511189 4.55665887 132 51 23 3 -1
1.16947746 2.62320805 4.57221787 172 102 25 12 -1
1.46331978 2.29018593 4.58600414 147 65 44 27 -1
1.7963419 2.3489542 4.60997307 147 90 59 -1 -1
2.32525826 2.05511189 4.64490305 238 204 78 3 -1
2.42320633 2.25100708 4.66524909 149 162 56 -1 -1
2.4819746 2.29018593 4.66737185 163 207 92 -1 -1
1.63962555 2.48608112 4.61387627 158 92 68 3 -1
2.63869095 0.585898399 4.60526074 181 170 24 -1 -1
2.71704865 0.625077248 4.6061079 176 151 24 18 -1
2.85417557 0.625077248 4.60852072 175 123 22 18 -1
2.93253326 0.820972443 4.63708122 164 96 25 12 -1
2.65828037 1.05604649 4.62219995 182 167 27 12 -1
2.95212269 1.05604649 4.65440684 229 138 102 -1 -1
2.71704865 1.48701572 4.64204043 177 158 26 28 -1
3.10883904 1.78085899 4.6958795 178 137 25 20 -1
3.22637558 1.83962727 4.70036506 178 131 26 20 -1
3.20678616 1.95716476 4.7103324 177 163 31 20 -1
3.30473423 1.89839554 4.70983095 179 138 26 20 -1
3.26555443 2.07470131 4.71373905 167 166 31 12 -1
3.53980827 2.17264938 4.74308805 173 174 28 -1 -1
3.08924961 2.44690228 4.71972839 114 203 93 12 -1
3.5593977 2.56443882 4.76387123 152 195 48 12 -1
3.48103905 2.72115517 4.76415714 125 199 78 -1 -1
3.71611404 2.60361862 4.77813067 152 182 34 12 -1
3.50062943 2.79951286 4.76840075 111 197 88 -1 -1
3.3635025 2.99540806 4.78106189 62 196 140 12 -1
3.42227077 3.01499748 4.78225643 63 191 138 12 -1
3.63775539 2.95622921 4.79002197 97 189 97 24 -1
2.77581692 3.28925133 4.73927661 12 154 167 28 -1
3.4418602 3.13253498 4.79369036 46 177 140 -1 -1
3.52021885 3.21089268 4.797486 41 173 139 -1 -1
3.59857655 3.17171383 4.79855608 56 177 129 24 -1
3.59857655 3.28925133 4.81235186 54 196 149 24 -1
5.98849678 0.840561867 4.8846941 32 186 183 13 -1
6.02767563 0.899331093 4.88728411 30 183 181 13 -1
6.04726505 1.15399456 4.90342843 23 177 178 13 -1
6.2431612 1.11481571 4.91888057 28 182 181 -1 -1
5.75342274 1.54578495 4.90283809 26 176 175 13 -1
5.96890736 1.19317341 4.89755757 27 182 180 13 -1
6.02767563 1.29112148 4.9137289 25 178 177 13 -1
5.87095928 1.42824745 4.91256518 27 180 178 13 -1
6.0080862 1.3890686 4.92099031 26 179 178 13 -1
6.14521313 1.21276283 4.91417169 28 181 180 13 -1
6.10603428 1.3890686 4.93184998 25 178 177 13 -1
6.20398045 1.42824745 4.93981663 28 180 179 -1 -1
6.38028622 1.4674263 4.94429173 27 169 178 -1 -1
5.83178043 1.56537437 4.91620383 22 172 177 13 -1
6.06685448 1.56537437 4.93990562 28 177 177 13 -1
6.02767563 1.76126957 4.93843347 18 164 170 13 -1
6.14521313 1.56537437 4.94555495 28 177 178 -1 -1
6.26274967 1.54578495 4.9497885 27 175 179 -1 -1
6.36069775 1.5849638 4.95982384 29 168 177 -1 -1
6.20398045 1.70250034 4.95967064 24 172 176 -1 -1
6.36069775 1.76126957 4.96836673 28 164 178 -1 -1
6.39987659 1.70250034 4.96989246 26 160 179 -1 -1
6.53700352 1.74168015 4.97645346 22 129 175 -1 -1
6.41946507 1.83962727 4.96728663 21 150 175 -1 -1
6.53700352 1.91798496 4.98453186 22 121 175 -1 -1
6.51741314 2.01593304 4.98897513 22 121 171 -1 -1
6.77207661 2.09429073 5.00997675 24 71 161 -1 -1
6.83084583 2.40772343 5.03245338 23 50 142 -1 -1
6.94838238 2.5448494 5.053371 23 42 123 -1 -1
7.02674007 2.58402824 5.05463299 20 42 118 -1 -1
7.02674007 2.76033401 5.06139538 22 37 116 -1 -1
1.22161961 -3.19487667 4.30780334 19 166 174 27 -1
1.20701504 -2.86185503 4.32257148 47 192 174 27 -1
1.24783516 -2.7472415 4.33149178 39 177 154 27 -1
1.2529707 -2.50924397 4.34334954 55 169 134 27 -1
1.08188152 -2.17622232 4.34501887 134 211 101 27 -1
1.9193821 -2.0586853 4.42076704 26 180 178 14 -1
3.84241867 -3.1361084 4.53000367 26 180 181 13 -1
3.91200829 -2.81339884 4.55132427 28 179 181 13 -1
3.96420479 -2.50924397 4.57029802 32 191 181 13 -1
4.22544098 -2.53647232 4.59085782 31 188 177 13 -1
4.30379868 -2.3361454 4.60703595 39 197 169 13 -1
4.46051502 -2.02309179 4.63518599 103 203 105 13 -1
0.93033123 -1.90196896 4.34550186 170 191 28 27 -1
1.00665855 -1.49058914 4.37164412 160 186 30 27 -1
1.11760426 -1.41223145 4.38469351 146 181 40 18 -1
0.729904175 -0.844135284 4.37951858 170 189 24 -1 -1
1.0951128 -1.07920933 4.39880149 168 206 55 18 -1
1.0266428 -0.72659874 4.41000133 175 201 41 -1 -1
1.6788044 -1.40302467 4.43211181 22 157 157 -1 -1
1.54167843 -1.12178993 4.43413744 33 161 146 27 -1
2.59923267 -0.981262207 4.52940952 182 177 32 -1 -1
0.379167557 -0.11932373 4.38496272 176 202 31 8 -1
0.660150528 -0.159546852 4.40655149 171 189 23 27 -1
0.824278831 -0.550292969 4.40152775 161 176 17 27 -1
0.996669769 -0.236861229 4.43100802 180 204 40 -1 -1
0.346717834 0.0943136215 4.39250465 156 183 33 8 -1
0.738508224 0.00655841827 4.4210864 169 193 23 27 -1
0.699329376 0.179444313 4.4261083 169 180 23 27 -1
0.660150528 0.473396301 4.43694341 171 153 21 27 -1
0.805912971 0.115750313 4.43197168 166 169 15 27 -1
0.938717842 0.27246666 4.45061336 165 143 16 -1 -1
1.25449276 0.468361855 4.4864521 152 99 18 -1 -1
1.40763283 -0.217270851 4.46634905 70 176 111 -1 -1
2.3644371 -0.356087685 4.53977444 178 164 22 13 -1
1.38393879 0.115750313 4.48035632 118 165 58 -1 -1
2.71704865 -1.16411972 4.53049127 171 196 45 13 -1
3.24029064 -1.21633625 4.57178286 122 205 90 13 -1
2.86480713 -0.72659874 4.56386801 241 218 92 4 -1
3.32432365 -1.31330585 4.57416082 98 215 123 13 -1
3.48134995 -1.09879875 4.59760492 143 203 66 13 -1
3.26526165 -1.00085163 4.58421999 166 192 44 13 -1
4.45423031 -1.96073771 4.63765397 117 205 93 13 -1
4.4588623 -1.35346317 4.66720108 178 206 34 -1 -1
4.69271946 -1.49058914 4.68019214 204 246 75 13 -1
4.1274929 -1.18801117 4.64740772 177 201 31 13 -1
4.38215733 -1.06254482 4.67474934 195 210 36 -1 -1
4.60775757 -1.07920933 4.69283341 217 253 74 13 -1
4.91107368 -1.08796978 4.71780236 131 212 85 13 -1
4.71517849 -0.834194183 4.71359011 161 210 57 13 -1
2.84711933 -0.687419891 4.56426867 255 218 102 4 -1
3.14907551 -0.609061241 4.59330696 254 218 102 13 -1
2.63869095 0.501750946 4.60392201 179 168 25 13 -1
4.95025253 -0.427990913 4.75277198 96 208 119 13 -1
5.10696888 -0.107937813 4.78125812 49 202 162 13 -1
5.36642742 -0.72659874 4.77327041 38 198 181 13 -1
5.14704895 -0.491524696 4.76619447 50 199 160 13 -1
5.60753822 -0.295629501 4.81414677 28 183 179 13 -1
5.16573715 0.116023064 4.7969313 34 195 173 13 -1
5.75342274 0.0554866791 4.84321776 28 183 180 13 -1
-2.56739044 1.4674263 4.21450674 148 114 25 15 -1
-2.39188433 1.52619553 4.23201969 153 134 22 15 -1
-0.240967751 0.539768219 4.36470073 62 191 137 27 -1
-0.436862946 0.911203384 4.36613813 112 177 79 11 -1
-0.228318214 1.13440514 4.39431216 65 158 123 -1 -1
-0.723175049 1.78085899 4.38392998 148 74 26 12 -1
-0.0254831314 1.19536495 4.41421791 31 147 143 27 -1
-0.00589370728 1.49066639 4.43003711 65 198 166 27 -1
0.0893936157 1.76126957 4.4510068 66 174 126 -1 -1
-1.6671524 2.09429073 4.31996274 168 143 17 26 -1
-0.652347565 1.89270592 4.39522925 157 93 23 12 -1
-0.412559509 2.03552246 4.42215871 140 193 84 22 -1
0.0332860947 1.96018791 4.45586165 62 152 110 27 -1
-0.129740715 2.15305901 4.45147627 69 175 120 27 -1
-0.887421608 2.48210526 4.40385305 140 155 36 15 -1
-0.711115837 2.53749371 4.4212706 147 138 34 15 -1
-0.0842514038 2.51040936 4.47244286 130 103 38 26 -1
-0.269050598 2.95622921 4.47838078 105 30 17 26 -1
-0.560416222 3.09335613 4.46057592 109 49 24 -1 -1
0.581791878 0.59448719 4.43619866 173 152 22 27 -1
0.248770714 0.982180595 4.42693836 108 175 78 27 -1
0.444665909 0.85881424 4.43741244 149 151 29 27 -1
1.04470634 0.585898399 4.4745353 152 71 26 -1 -1
0.934403419 0.883584976 4.47959617 130 47 22 27 -1
1.11070919 1.09353733 4.50443539 107 43 21 12 -1
0.940849304 1.17358398 4.49406056 122 50 20 12 -1
1.32619381 1.32649708 4.53365888 129 63 23 27 -1
1.25669384 1.6633215 4.54401451 134 39 18 27 -1
2.09018421 0.736239433 4.56926771 167 183 19 27 -1
2.03141594 0.986663818 4.57637299 178 195 28 12 -1
2.32525826 0.962047577 4.59978757 169 175 18 12 -1
1.54167843 1.42426872 4.55639107 149 82 24 12 -1
1.93861389 1.34988976 4.58604579 162 107 19 27 -1
2.18813229 1.20819759 4.60012855 172 158 24 20 -1
2.32525826 1.33105946 4.61750635 224 226 77 20 -1
2.18997002 1.52619553 4.61555163 231 192 90 -1 -1
2.46238518 1.72126198 4.64772108 172 168 28 28 -1
1.18906689 2.0267868 4.55580612 146 61 34 12 -1
1.30660343 2.27837276 4.57772508 149 56 27 -1 -1
1.25705624 2.76033401 4.59671989 171 111 23 -1 -1
1.65921497 1.92252445 4.59015432 111 42 24 27 -1
1.38496208 2.25811863 4.58331168 155 71 42 27 -1
2.38253117 1.89839554 4.64954215 249 217 106 3 -1
2.26633167 2.15305901 4.6520436 239 197 105 3 -1
2.31720448 2.2705965 4.66194577 157 153 50 -1 -1
1.58301067 2.62320805 4.61742011 172 102 67 3 -1
2.5603323 2.45395756 4.69110162 112 197 112 12 -1
3.08924961 0.806583405 4.65627388 153 65 26 12 -1
2.75622749 1.08550644 4.64179069 170 134 22 12 -1
2.91294384 1.6531477 4.68216523 215 190 62 20 -1
2.7801733 2.388134 4.70634314 96 209 124 12 -1
2.66026974 2.85828209 4.71888143 38 180 163 13 -1
3.3635025 2.76371098 4.77320572 97 194 107 12 -1
2.40361691 3.06361294 4.7072572 51 171 136 28 -1
2.91294384 3.1551199 4.75428515 15 161 170 12 -1
3.21080685 3.21089268 4.78189631 20 166 163 -1 -1
6.06685448 1.45059299 4.93644267 28 178 178 13 -1
5.85885525 1.68291092 4.93018691 20 170 175 13 -1
6.0864439 1.67751312 4.94897842 23 173 175 -1 -1
2.50895786 0.996718407 4.60448583 170 171 17 12 -1
1.28701401 -2.97939205 4.3379169 22 169 171 27 -1
1.20865631 -2.66595984 4.34083171 74 202 163 27 -1
1.38496208 -1.98032713 4.38370222 50 158 131 27 -1
3.59857655 -3.37118244 4.51234303 26 179 178 8 -1
3.61816597 -3.23405552 4.51980711 26 180 183 13 -1
3.5593977 -3.15569782 4.52487493 24 177 177 13 -1
3.61816597 -3.09692907 4.53245018 24 178 177 13 -1
3.73570347 -3.1165185 4.53877522 26 180 181 13 -1
3.79447174 -3.05775023 4.53974149 25 177 180 -1 -1
3.77488232 -2.92062378 4.54215886 26 181 181 13 -1
3.75529289 -2.86185503 4.5392459 26 176 179 13 -1
3.83365059 -2.78349686 4.55848909 26 180 178 -1 -1
3.95118809 -2.74431801 4.56552838 28 183 183 13 -1
4.14708328 -2.60719156 4.58196448 28 186 180 13 -1
4.16667271 -2.48965454 4.58901721 31 186 178 -1 -1
4.08831406 -2.29375935 4.60984109 64 231 197 13 -1
4.20585155 -2.43088579 4.60047161 36 187 175 13 -1
4.16667271 -2.2349906 4.61595293 69 220 177 13 -1
4.28420925 -2.21540117 4.61704854 54 202 151 13 -1
4.20585155 -2.0586853 4.62893882 107 229 140 13 -1
4.30379868 -1.98032713 4.63294937 126 222 115 13 -1
0.660150528 -1.62771606 4.35368526 173 195 26 8 -1
1.11070919 -1.49058914 4.38952439 168 209 68 -1 -1
1.07152939 -1.04003048 4.40272552 179 219 66 18 -1
1.71798325 -1.58853674 4.43621398 16 159 164 -1 -1
0.620970726 -0.530703545 4.38897872 173 195 28 8 -1
1.01276112 -0.687419891 4.41240382 171 189 33 -1 -1
0.346717834 0.0765714645 4.39541973 155 181 32 8 -1
0.542613029 0.27246666 4.43313514 165 180 26 27 -1
1.32619381 0.252877235 4.49830523 141 150 37 -1 -1
2.32525826 -0.256450653 4.54745517 177 164 24 13 -1
2.40361691 -0.00178623199 4.56616333 168 145 16 13 -1
2.52115345 0.233287811 4.60053978 185 174 27 13 -1
2.57992172 0.331234932 4.60198348 182 173 28 13 -1
2.54074287 0.527130127 4.61097886 182 182 28 13 -1
3.71611404 -1.39264202 4.62238053 115 204 95 13 -1
3.87282944 -1.41223145 4.62956175 140 202 66 -1 -1
2.91294384 -1.13797855 4.55822075 153 186 48 13 -1
3.08924961 -1.29469395 4.57055591 106 200 100 13 -1
3.10883904 -1.27510452 4.57111356 107 199 98 13 -1
2.97171211 -1.1771574 4.56487037 144 193 61 13 -1
3.01089096 -1.07920933 4.57081792 161 188 44 13 -1
3.18719673 -1.11838913 4.57563414 151 210 69 13 -1
3.16760731 -1.02044106 4.58553919 163 191 46 13 -1
3.48103905 -1.31428337 4.59436454 100 213 115 13 -1
3.63775539 -1.29469395 4.603552 114 204 92 13 -1
3.85324001 -1.23592567 4.62310579 152 206 55 13 -1
4.2450304 -1.94114828 4.63208092 117 206 101 13 -1
4.3233881 -1.84320068 4.64510075 145 209 72 13 -1
4.30379868 -1.80402136 4.65063418 149 206 68 13 -1
4.36256695 -1.70607376 4.65973877 168 209 53 13 -1
3.91200829 -1.39264202 4.62942933 150 202 55 -1 -1
4.08831406 -1.41223145 4.64495567 166 199 41 -1 -1
4.46051502 -1.62771606 4.66838138 174 209 45 13 -1
4.34297752 -1.45141029 4.66590971 175 204 37 -1 -1
4.40174675 -1.47099972 4.6659765 176 206 35 21 -1
4.40174675 -1.3730526 4.66678671 178 207 32 21 -1
4.57805157 -1.56894732 4.67049995 173 210 47 13 -1
4.57805157 -1.45141029 4.67692667 179 212 41 13 -1
4.73476791 -1.47099972 4.69122999 210 247 84 13 -1
3.93159866 -1.31428337 4.63894013 167 211 53 13 -1
3.97077751 -1.2555151 4.63997657 167 206 46 13 -1
4.1274929 -1.27510452 4.65176784 180 209 40 -1 -1
4.20585155 -1.33387375 4.64764489 178 203 34 -1 -1
4.2450304 -1.23592567 4.65908942 201 227 47 -1 -1
4.36256695 -1.23592567 4.6755589 184 205 34 21 -1
4.3233881 -1.1771574 4.6777496 214 234 48 21 -1
4.4409256 -1.13797855 4.6864683 235 252 83 -1 -1
4.51928329 -1.2555151 4.67816446 179 211 36 13 -1
4.67599964 -1.19674683 4.69741475 197 240 68 13 -1
4.55846214 -1.09879875 4.69074762 228 253 75 13 -1
4.93066311 -1.09879875 4.72043754 126 210 87 13 -1
4.75435734 -0.961672783 4.71226678 168 215 60 13 -1
4.79353619 -0.785367012 4.73281341 145 209 72 13 -1
4.91107368 -0.961672783 4.73062257 124 208 90 13 -1
4.98943138 -1.02044106 4.73023704 108 210 102 13 -1
5.08737946 -0.90290451 4.75378236 76 207 133 13 -1
5.02861118 -0.804956436 4.75816579 80 200 122 13 -1
2.65828037 -0.628650665 4.56867374 184 174 34 4 -1
2.95212269 -0.648240089 4.58074446 255 218 102 4 -1
2.63869095 0.507540703 4.60534157 179 168 26 13 -1
4.85230541 -0.648240089 4.74274554 125 208 87 13 -1
4.91107368 -0.589471817 4.74709734 103 208 106 13 -1
5.06779003 -0.609061241 4.76310584 68 205 145 13 -1
4.98943138 -0.530703545 4.75613113 83 206 126 13 -1
4.98943138 -0.43275547 4.7604862 96 218 134 13 -1
5.10696888 -0.393576622 4.77319699 50 201 156 13 -1
5.10696888 -0.276040077 4.78254193 51 203 159 13 -1
5.14614773 -0.863724709 4.75867941 65 202 144 13 -1
5.47916985 -0.72659874 4.7830806 33 193 181 13 -1
5.36163235 -0.687419891 4.77494005 31 188 173 13 -1
5.22450542 -0.550292969 4.77201821 38 197 169 13 -1
5.22450542 -0.43275547 4.78031606 38 198 170 13 -1
5.42040062 -0.491524696 4.79531 31 192 182 13 -1
5.47916985 -0.51111412 4.7957554 33 189 181 13 -1
5.204916 -0.354397774 4.78238537 37 197 171 13 -1
5.2440958 -0.295629501 4.79153575 35 195 173 13 -1
5.4008112 -0.354397774 4.80061227 31 192 182 13 -1
5.43999004 -0.256450653 4.81414339 32 188 180 13 -1
5.204916 -0.158502579 4.79284545 36 195 172 13 -1
5.36163235 -0.178092003 4.80981335 34 190 180 13 -1
5.43999004 -0.158502579 4.8127907 31 189 179 13 -1
5.57711697 -0.33480835 4.81262109 26 185 179 13 -1
5.51834869 -0.236861229 4.81582859 30 188 182 13 -1
5.49875927 -0.11932373 4.81540755 29 188 178 13 -1
5.67506504 -0.158502579 4.8313103 27 182 180 13 -1
5.30286407 -0.0801448822 4.80438056 29 188 176 13 -1
5.34204292 0.0178031921 4.81246051 28 190 179 13 -1
5.49875927 -0.0605554581 4.81860899 30 184 181 13 -1
5.49875927 0.0373926163 4.82471118 29 187 178 13 -1
5.73383331 -0.0605554581 4.83833585 28 184 179 13 -1
5.51834869 0.0961608887 4.82558033 28 184 179 13 -1
-2.51335049 1.40865803 4.21737568 140 105 23 15 -1
-2.68965626 2.15305901 4.2528907 176 162 24 15 -1
-2.61129808 2.25100708 4.25657411 176 164 24 15 -1
-2.35663462 1.6633215 4.2600655 172 164 27 15 -1
-0.0254831314 0.546719551 4.39027131 84 186 112 -1 -1
-0.730705261 1.78085899 4.40182477 148 67 23 12 -1
0.0136966705 1.6633215 4.45166031 45 164 139 27 -1
-1.1616745 2.72115517 4.39789644 116 183 78 12 -1
-0.319325447 2.11388016 4.43763081 106 188 98 16 -1
-0.926600456 2.56443882 4.41819117 132 167 54 15 -1
-0.319325447 2.89746094 4.47349348 106 26 15 16 -1
-0.299736023 3.1521244 4.49494594 97 32 19 26 -1
0.562202454 0.899331093 4.45736189 160 133 24 27 -1
0.562202454 1.31071091 4.47424543 133 137 50 27 -1
1.30660343 1.70250034 4.55301561 125 27 15 -1 -1
2.59951115 0.566308975 4.60562387 180 176 26 -1 -1
2.24690056 0.879741669 4.60814107 242 249 96 18 -1
1.6788044 1.40865803 4.58167293 152 90 25 12 -1
2.18813229 1.25194168 4.6036042 216 215 71 20 -1
2.50156403 1.40865803 4.65421412 223 234 87 20 -1
2.14895248 1.6633215 4.62400974 238 172 102 -1 -1
2.4819746 1.6633215 4.65756791 176 176 29 28 -1
1.22824574 2.2705965 4.58176655 216 116 90 -1 -1
1.44373035 1.83962727 4.57822147 117 34 17 27 -1
1.46331978 2.3489542 4.60431558 137 55 30 27 -1
2.50156403 1.83962727 4.66660997 165 161 26 28 -1
2.40361691 2.21182823 4.67313497 234 223 121 3 -1
1.58085728 2.68197632 4.63705048 180 108 67 3 -1
2.50156403 3.03458786 4.72559226 37 168 149 12 -1
3.06966019 0.820972443 4.65651617 152 69 25 12 -1
2.91294384 1.05604649 4.66482684 233 144 102 18 -1
2.75622749 2.5448494 4.73140352 68 200 141 12 -1
3.03048038 2.48608112 4.73965283 99 196 102 28 -1
3.16760731 2.68197632 4.77082482 80 194 119 12 -1
2.6778698 2.97581863 4.73707914 26 173 167 12 -1
2.97171211 3.01499748 4.75726557 17 168 166 12 -1
3.22637558 2.97581863 4.78707639 56 193 166 12 -1
3.38309193 2.60361862 4.77192006 121 190 71 13 -1
3.40268135 2.70156574 4.77733978 121 207 97 12 -1
3.32432365 2.81910324 4.7741948 89 202 134 12 -1
3.32432365 2.99540806 4.78782264 61 197 155 12 -1
2.89335442 3.1521244 4.76435 17 162 170 12 -1
3.245965 3.07376671 4.79453416 28 171 160 12 -1
3.38309193 3.09335613 4.79606417 45 179 144 12 -1
6.04726505 1.44783688 4.93647968 28 179 177 13 -1
5.94931793 1.60455322 4.93863256 23 176 176 13 -1
5.92972851 1.6633215 4.93710337 22 173 176 13 -1
6.0080862 1.72208977 4.94765732 20 169 173 13 -1
6.26274967 1.72208977 4.97274804 22 169 176 -1 -1
1.14988804 -3.10561609 4.32567437 27 179 176 -1 -1
1.2765646 -2.95980263 4.34327954 21 164 167 27 -1
1.17998028 -2.72472858 4.3464823 60 185 145 27 -1
0.973582268 -2.37504292 4.34599619 147 204 67 8 -1
0.973582268 -2.16323566 4.3561665 151 185 43 27 -1
1.2078352 -1.98032713 4.38455773 104 188 101 27 -1
3.51550388 -3.37118244 4.51094063 26 179 179 8 -1
3.58614922 -3.19487667 4.52531976 26 176 177 13 -1
3.67693424 -2.9060936 4.54678552 26 180 179 13 -1
3.97077751 -2.45992231 4.5928059 36 195 187 13 -1
4.21024418 -1.99991655 4.63493888 109 211 116 13 -1
0.895224571 -1.95513773 4.35959964 162 180 24 -1 -1
0.970509529 -1.49058914 4.38820764 167 187 26 27 -1
0.601381302 -1.05588341 4.37818231 174 201 30 8 -1
0.657832146 -0.765777588 4.39683759 176 200 27 -1 -1
1.0127182 -1.02044106 4.4143158 176 196 35 -1 -1
1.40455151 -1.96663141 4.40168183 53 172 146 27 -1
1.61372089 -1.35346317 4.4486331 19 152 151 -1 -1
1.51077175 -1.02044106 4.45600622 42 167 137 27 -1
2.58145237 -1.07920933 4.54280751 174 175 28 -1 -1
0.581791878 -0.549027443 4.40088016 176 197 29 8 -1
0.542613029 -0.101762772 4.41907685 164 184 21 27 -1
0.978705406 -0.667829514 4.42839999 167 187 25 27 -1
1.01276112 -0.395487785 4.44432766 162 182 32 18 -1
0.209590912 0.184788704 4.40495996 151 200 55 8 -1
0.562202454 0.0726833344 4.42909297 172 191 26 27 -1
0.170799255 0.311645508 4.4078041 134 194 63 8 -1
0.766506195 -0.0409660339 4.44073748 163 174 18 27 -1
0.953992844 0.15316391 4.46575287 170 174 24 -1 -1
1.03122425 0.487951279 4.48829308 165 97 26 -1 -1
1.42414093 -0.550230026 4.47133268 65 167 114 27 -1
2.38402653 -0.43849659 4.55704663 200 190 47 13 -1
2.54074287 -0.197220802 4.58175013 200 189 62 4 -1
2.52627563 0.174518585 4.59838887 183 170 27 13 -1
3.14147568 -1.35346317 4.57651642 92 207 122 13 -1
3.85491085 -1.45141029 4.63153262 133 201 72 -1 -1
2.83458519 -1.19543362 4.5584157 154 193 51 13 -1
3.23593712 -1.31428337 4.58630476 93 209 119 13 -1
2.66120148 -0.72659874 4.56641428 185 172 32 4 -1
4.26461983 -1.85165215 4.64660967 147 210 73 13 -1
4.04913521 -1.42263794 4.64917206 162 198 42 -1 -1
4.51113033 -1.52976847 4.68270008 184 215 45 13 -1
5.06779003 -0.787371635 4.76494376 73 200 133 13 -1
5.00238037 -0.687419891 4.7642679 83 206 125 13 -1
-2.62037945 1.34988976 4.2240169 138 96 28 15 -1
-2.39581347 1.49660206 4.24985924 145 135 29 15 -1
-2.64293432 2.25100708 4.26539769 175 161 21 15 -1
-2.32651424 1.68291092 4.26460601 170 156 24 15 -1
-0.338914871 0.668253899 4.3822608 71 175 119 27 -1
-0.431633949 0.977688789 4.38935767 117 173 78 11 -1
-0.52315712 1.36947918 4.4005091 142 154 46 -1 -1
-0.721095085 1.76126957 4.40275289 152 79 27 12 -1
0.108139038 1.19317341 4.44488718 54 179 146 -1 -1
-0.0842514038 1.66814613 4.45158949 53 156 128 27 -1
-1.78853893 1.83215427 4.31680434 165 133 17 15 -1
-1.59264374 2.06015968 4.34415018 171 134 16 -1 -1
-0.695887566 1.87880611 4.41050666 154 77 23 12 -1
-0.436862946 2.01054573 4.43851448 146 177 64 22 -1
-0.0842514038 1.96111012 4.46565669 56 158 118 27 -1
-0.418319702 2.32936478 4.45537535 113 145 66 16 -1
-1.01170635 2.4664917 4.4122893 143 160 37 15 -1
-0.750294685 2.55591869 4.43846521 142 144 37 15 -1
-0.123430252 2.49518013 4.4880215 126 108 44 26 -1
-0.150434494 2.95622921 4.50789917 104 23 15 26 -1
0.405486107 0.733989716 4.44772858 160 184 40 27 -1
0.537632942 0.723025322 4.45826369 160 144 23 27 -1
0.190001488 1.08017731 4.4463139 74 181 116 27 -1
0.660150528 1.15356159 4.48919221 142 110 31 -1 -1
0.824407578 0.879741669 4.48979367 155 79 33 27 -1
1.11070919 1.09346199 4.5240212 107 41 19 12 -1
0.777687073 1.17412949 4.50001841 137 74 20 12 -1
1.18906689 1.35649395 4.54321022 125 61 33 -1 -1
1.26366425 1.6633215 4.56418741 137 44 22 27 -1
2.01182652 0.747410774 4.58283449 171 187 22 27 -1
2.50156403 0.772701263 4.62504317 167 173 17 28 -1
2.42129517 0.879741669 4.62346387 175 191 31 18 -1
1.58085728 1.41470718 4.57880092 144 77 20 12 -1
1.85259056 1.33030033 4.59749387 179 139 32 12 -1
2.09732437 1.25194168 4.6142172 214 203 73 20 -1
2.3644371 1.34626293 4.64110533 228 228 87 20 -1
2.03339291 1.70250034 4.6305001 176 114 42 -1 -1
2.44279575 1.69117641 4.66422613 178 172 32 28 -1
1.2937603 1.97675419 4.58175669 126 43 20 3 -1
1.25678349 2.29018593 4.59371148 153 67 35 -1 -1
1.20268631 2.72115517 4.60987695 182 129 39 -1 -1
1.5423851 1.87880611 4.5978651 115 42 23 27 -1
1.71570587 1.83962727 4.61049196 119 49 24 12 -1
1.76198006 2.21182823 4.63223733 123 56 43 3 -1
2.32641983 1.93757439 4.66631593 246 210 95 3 -1
2.34579945 2.36854362 4.6886319 156 168 54 12 -1
1.49892426 2.83869267 4.64031783 194 127 64 -1 -1
2.09095097 3.01499748 4.69834003 178 186 118 12 -1
3.05006981 0.818641663 4.6731627 153 70 25 12 -1
2.77325344 2.40772343 4.72629396 95 208 121 12 -1
2.81499577 2.6077776 4.73939404 55 194 148 12 -1
2.65828037 2.83655834 4.73726123 38 180 162 13 -1
3.22709656 2.74074459 4.78027429 88 206 127 12 -1
3.14801788 3.02511501 4.78730943 26 176 164 12 -1
2.62116623 3.19130325 4.75118825 25 169 170 28 -1
3.03563595 3.05417728 4.77929779 23 172 170 -1 -1
3.27317333 3.1521244 4.80388437 28 176 159 12 -1
1.26742458 -3.23405552 4.33554363 20 168 176 27 -1
1.14988804 -2.64637041 4.36533738 73 191 132 27 -1
1.26742458 -1.99991655 4.40797331 72 168 118 27 -1
3.4418602 -3.41036129 4.51734022 26 182 182 8 -1
3.3635025 -3.33200312 4.51187528 25 178 177 8 -1
3.4418602 -3.31241369 4.51300824 27 179 181 -1 -1
3.38309193 -3.19487667 4.5234945 29 181 181 -1 -1
3.42227077 -3.17528725 4.52602284 25 177 179 13 -1
3.50062943 -3.1165185 4.5271975 26 177 176 13 -1
3.53980827 -3.0381608 4.53149485 23 176 177 13 -1
3.57898712 -3.15569782 4.52755707 25 178 181 13 -1
3.65734482 -2.99898148 4.54102984 24 179 180 13 -1
3.52021885 -2.86185503 4.55373211 27 181 179 13 -1
3.59857655 -2.82267618 4.55959939 26 180 179 13 -1
3.59857655 -2.70513916 4.56585064 25 178 177 13 -1
3.69652367 -2.62678099 4.57434442 24 178 178 13 -1
3.73570347 -2.60719156 4.57804395 26 179 179 13 -1
3.63775539 -2.47006464 4.5824538 28 181 178 13 -1
3.87282944 -2.56801224 4.59005031 34 188 183 13 -1
3.59857655 -2.41129637 4.58310334 28 185 181 13 -1
3.81406116 -2.21540117 4.61064248 35 197 177 13 -1
3.97077751 -2.45047522 4.59697885 37 195 187 13 -1
3.93159866 -2.35252762 4.60089535 40 198 185 13 -1
4.08831406 -2.33293819 4.60887919 47 198 178 13 -1
4.02954578 -2.17622232 4.62274779 83 231 187 13 -1
4.14708328 -2.1566329 4.62306336 68 207 154 13 -1
4.16667271 -2.07827473 4.62940311 84 208 136 13 -1
0.542613029 -1.68648434 4.3559192 178 204 30 8 -1
1.05193996 -1.54935789 4.40577185 176 212 58 18 -1
0.64056015 -0.82454586 4.39922944 176 198 30 8 -1
1.6004467 -1.86279011 4.43546537 17 161 166 27 -1
2.59951115 -1.11838913 4.55852634 176 183 37 -1 -1
2.61910152 -0.804956436 4.57358354 183 174 28 4 -1
0.993171692 -0.707009315 4.42833329 177 198 34 -1 -1
0.601381302 0.0961608887 4.43880892 168 191 26 27 -1
0.934403419 0.194108009 4.48204552 174 170 22 -1 -1
2.5603323 -0.589471817 4.58413895 184 172 28 -1 -1
2.26648998 -0.0605554581 4.57697035 179 164 26 13 -1
2.50156403 0.174518585 4.59980697 183 169 27 13 -1
2.50156403 0.27246666 4.60502988 180 171 27 13 -1
2.46238518 0.527130127 4.62027177 184 185 26 13 -1
2.95212269 -1.39264202 4.56819687 104 211 118 13 -1
3.14801788 -1.3730526 4.58729476 88 211 132 13 -1
3.28514481 -1.47099972 4.60045781 60 204 152 13 -1
3.3635025 -1.39264202 4.59893568 72 204 132 13 -1
3.48103905 -1.39264202 4.60871706 84 204 128 13 -1
3.65734482 -1.51017904 4.62969212 85 201 120 13 -1
3.63775539 -1.47099972 4.62577846 89 205 117 13 -1
3.69652367 -1.41223145 4.62034271 108 204 99 13 -1
2.89335442 -1.27510452 4.5737622 133 203 79 13 -1
2.97171211 -1.2555151 4.56862093 129 200 80 13 -1
2.63869095 -0.765777588 4.57354353 181 166 26 4 -1
4.1274929 -1.88237953 4.6513102 129 210 98 13 -1
4.20585155 -1.82361126 4.65109916 148 218 85 13 -1
4.22544098 -1.68648434 4.66764128 167 214 60 13 -1
4.14708328 -1.51017904 4.6693218 163 197 40 -1 -1
4.10790348 -1.47099972 4.65837909 167 206 47 -1 -1
4.30379868 -1.60812664 4.67324595 175 205 43 13 -1
4.40174675 -1.60812664 4.67141507 177 209 45 13 -1
4.28420925 -1.49058914 4.66990286 171 205 37 -1 -1
4.95025253 -0.765777588 4.76128798 107 206 107 13 -1
2.63869095 -0.628650665 4.57195398 188 177 36 4 -1
5.14614773 -0.667829514 4.78723545 55 203 157 13 -1
-2.63088751 1.52619553 4.24528913 147 94 17 15 -1
-2.70924568 2.07470131 4.25160164 166 134 17 15 -1
-2.57211924 2.13346958 4.26712261 169 147 16 15 -1
-2.2390976 1.56537437 4.28584331 148 158 35 15 -1
-0.45645237 0.918920517 4.39702967 116 175 75 11 -1
-0.260557175 1.19317341 4.41940927 75 158 114 27 -1
-2.19991827 1.95716476 4.29594009 173 159 20 15 -1
-0.711115837 1.85921669 4.41235398 150 73 17 12 -1
0.111643791 1.89839554 4.48240572 73 149 101 -1 -1
-0.907011032 2.58402824 4.42713446 129 169 58 15 -1
-0.358504295 3.13253498 4.5168389 95 25 16 -1 -1
1.01276112 0.546719551 4.49005201 167 97 45 -1 -1
1.34578323 1.33030033 4.5596798 133 67 24 27 -1
2.18813229 0.742614746 4.61437476 173 189 21 -1 -1
2.38402653 0.625077248 4.62220469 185 203 29 13 -1
2.40361691 0.703435898 4.62590762 182 200 25 -1 -1
2.50156403 0.742614746 4.63590758 170 170 19 28 -1
2.07059479 1.13440514 4.62280597 170 160 19 20 -1
1.7963419 1.34988976 4.59789747 163 106 22 12 -1
2.18813229 1.3890686 4.63775932 234 200 83 -1 -1
2.40361691 1.42824745 4.66514821 235 228 91 -1 -1
2.20772171 1.50660515 4.63969843 237 195 98 -1 -1
2.05100536 1.68291092 4.64937577 192 127 46 -1 -1
2.28607941 1.64373207 4.66558966 205 193 65 -1 -1
2.44279575 1.52619553 4.67119208 186 183 30 -1 -1
2.50156403 1.54578495 4.67003486 181 184 29 28 -1
2.38402653 1.68291092 4.67516714 220 218 86 28 -1
1.18906689 1.97675419 4.58930861 147 69 30 12 -1
1.13029861 2.64279747 4.61364212 169 107 25 12 -1
1.71798325 1.87880611 4.62794279 119 48 23 12 -1
1.71798325 2.40772343 4.64427027 123 52 35 -1 -1
2.22731113 2.19223881 4.68465519 225 176 81 3 -1
1.58085728 2.72115517 4.65424964 174 92 45 3 -1
1.99223709 3.03458786 4.7063728 213 165 123 3 -1
2.5603323 2.52525997 4.72650012 112 199 117 13 -1
2.10977364 2.93663979 4.71260782 126 116 56 12 -1
2.44279575 3.03458786 4.73491323 53 179 149 12 -1
3.06966019 0.76220417 4.68057456 154 65 24 12 -1
2.71704865 2.388134 4.72599491 99 207 126 12 -1
2.65828037 2.56443882 4.73989907 85 208 149 13 -1
2.63869095 2.58402824 4.7418559 83 204 147 12 -1
2.6778698 2.72115517 4.7458061 51 192 158 12 -1
2.97171211 2.50567055 4.75258947 82 193 114 12 -1
2.97171211 2.58402824 4.76921226 80 197 131 12 -1
2.97171211 2.72115517 4.77556682 71 207 161 12 -1
3.14801788 2.66238689 4.76990954 91 210 131 12 -1
2.93253326 2.74074459 4.7737324 47 188 152 12 -1
2.83458519 2.97581863 4.77775274 20 169 171 -1 -1
3.06966019 2.77992344 4.77195632 65 209 158 12 -1
3.10883904 2.77992344 4.77469131 87 230 166 12 -1
2.99130154 2.93663979 4.78525798 41 200 179 12 -1
3.08924961 3.03458786 4.78552672 22 175 168 12 -1
1.89428902 3.1521244 4.7036965 229 165 119 3 -1
2.12936306 3.09335613 4.71622222 109 149 91 12 -1
2.38402653 3.07376671 4.74091878 52 173 138 28 -1
2.6778698 3.11294556 4.76505541 20 167 170 12 -1
2.65828037 3.30884075 4.77731372 13 155 166 28 -1
3.10883904 3.09335613 4.7929619 24 175 168 -1 -1
3.14801788 3.21089268 4.80287032 17 162 165 -1 -1
1.13029861 -3.09010077 4.34436902 27 179 173 27 -1
1.29260254 -2.92062378 4.36609269 20 162 164 27 -1
1.17212486 -2.68554926 4.36729543 74 186 143 27 -1
0.993171692 -2.42492533 4.36483018 135 188 61 -1 -1
0.95949173 -2.1566329 4.37489349 148 180 40 27 -1
1.22824574 -1.99756527 4.40502793 100 186 101 27 -1
1.91886139 -2.03909588 4.46084292 26 177 180 14 -1
3.29942608 -3.1165185 4.52467104 26 178 180 13 -1
3.56293106 -2.68554926 4.56742195 27 181 180 13 -1
3.81406116 -2.46558285 4.59900531 35 187 180 13 -1
3.83365059 -2.19616079 4.61358186 32 192 173 13 -1
0.594779968 -1.74525309 4.36411782 179 206 32 8 -1
1.01276112 -1.86772585 4.39322489 173 193 39 18 -1
0.950200081 -1.49058914 4.40609702 167 190 24 27 -1
0.699329376 -1.01454544 4.40795556 169 190 24 -1 -1
1.00112152 -1.31428337 4.41882513 176 203 46 -1 -1
0.758097649 -0.858632088 4.42036132 170 186 23 27 -1
1.58357143 -1.88237953 4.44030192 22 165 166 27 -1
1.71798325 -1.45333385 4.4721545 22 162 157 14 -1
1.7963419 -1.05740643 4.49772482 78 182 115 14 -1
2.42831135 -1.07920933 4.549578 181 177 25 13 -1
2.61312675 -0.785367012 4.57915766 181 173 28 4 -1
0.64056015 -0.297915459 4.43744648 172 189 26 27 -1
0.620970726 -0.145050049 4.44314682 169 184 21 27 -1
0.800690651 -0.530703545 4.43967273 164 178 19 27 -1
0.354201317 0.0178031921 4.42863613 163 186 30 -1 -1
0.523023605 0.0348625183 4.44358682 167 193 26 27 -1
0.131233215 0.338225365 4.42535785 122 192 75 8 -1
0.833143234 -0.0409660339 4.46590487 162 175 16 27 -1
0.934220314 0.213698387 4.48659387 173 169 21 -1 -1
1.00053596 0.527130127 4.50719493 167 101 30 -1 -1
1.45978928 -0.471935272 4.49766557 65 180 127 -1 -1
2.5603323 -0.589495659 4.58414353 184 172 28 -1 -1
2.38547516 -0.393576622 4.57891422 187 175 39 13 -1
2.45354939 0.252877235 4.61565315 184 177 29 13 -1
3.0212574 -1.43182087 4.58228027 82 209 135 13 -1
3.50062943 -1.57686615 4.61544232 52 198 150 13 -1
3.63775539 -1.54869652 4.62827329 83 203 132 -1 -1
2.69632435 -1.13797855 4.56919057 176 187 35 13 -1
4.19108582 -1.68648434 4.66797463 162 209 58 13 -1
5.05485535 -0.746188164 4.78542796 104 237 158 13 -1
-2.47417164 1.37950325 4.25726684 136 115 30 15 -1
-2.47300673 1.6633215 4.2709924 156 119 9 15 -1
-2.72883511 2.16275501 4.27355906 167 145 17 15 -1
-2.26728487 1.54578495 4.28256897 150 153 35 15 -1
-2.14115 1.75263882 4.30305977 166 166 26 2 -1
-0.053311348 0.546719551 4.41992146 75 185 120 -1 -1
-0.319325447 1.06562614 4.42257054 90 171 106 -1 -1
-1.1336565 1.60455322 4.38028313 120 37 22 2 -1
-0.476041794 1.29362202 4.42039997 133 162 63 -1 -1
-0.0627202988 1.54578495 4.46710581 66 178 145 27 -1
-0.00589370728 1.72756195 4.48059093 50 160 130 27 -1
-1.76894951 1.82169342 4.33753123 165 128 16 -1 -1
-1.59264374 2.0931654 4.36532442 171 137 19 -1 -1
-0.750338554 1.83962727 4.42365692 146 66 21 12 -1
-0.223556519 1.93757439 4.47245522 69 154 102 27 -1
0.0920543671 1.89656544 4.49690485 69 156 108 -1 -1
-0.240967751 2.14890289 4.48114511 81 179 109 27 -1
0.0670518875 2.19223881 4.50900927 103 150 88 -1 -1
-0.786345482 2.56443882 4.45544605 137 148 44 15 -1
-0.143019676 2.49458599 4.50594262 123 109 46 26 -1
-0.143019676 2.95344257 4.52797545 103 21 12 26 -1
-0.123430252 3.10732746 4.53700428 89 14 11 26 -1
0.7189188 0.537689209 4.4841287 167 125 22 27 -1
0.304311752 0.938509941 4.46866944 134 200 73 27 -1
0.523023605 1.13233852 4.49628412 130 138 48 27 -1
1.09111881 0.691267967 4.5226587 150 79 49 20 -1
1.14804554 1.03645706 4.54399873 109 46 22 12 -1
0.7189188 1.36281013 4.52374838 139 93 28 27 -1
1.28701401 1.28264046 4.56745227 141 82 38 27 -1
1.16947746 1.49319077 4.56772362 119 28 14 27 -1
1.83552074 0.86783886 4.5934485 252 251 103 14 -1
2.17410374 0.723025322 4.61483669 174 190 23 14 -1
2.42320633 0.796440125 4.63921339 167 173 16 28 -1
2.05100536 1.0629797 4.62085605 178 183 27 12 -1
1.46331978 1.43534184 4.58954248 143 73 23 -1 -1
1.7963419 1.34325981 4.61299717 167 110 24 12 -1
2.02683067 1.19317341 4.62508396 210 200 66 20 -1
2.32525826 1.32504272 4.65639629 223 226 82 20 -1
2.08154202 1.68291092 4.6531793 226 156 98 -1 -1
2.53894138 1.48701572 4.68206043 221 234 78 20 -1
1.13029861 2.039464 4.59067439 149 73 35 12 -1
1.08188057 2.11388016 4.59019471 167 84 54 12 -1
1.25526905 2.44690228 4.62069915 154 73 23 3 -1
1.40455151 1.79421997 4.60185536 123 39 21 27 -1
1.63962555 1.98763275 4.6308197 135 73 46 -1 -1
1.73075104 2.07470131 4.64262827 123 59 36 -1 -1
1.7459631 2.3489542 4.65707037 135 70 52 -1 -1
2.22731113 2.17226315 4.68887829 236 186 104 3 -1
1.59900665 2.70156574 4.66170042 148 56 28 -1 -1
1.99223709 2.92300224 4.70524912 194 145 109 3 -1
2.42320633 2.70426178 4.73082091 128 204 108 12 -1
2.43019676 3.03458786 4.74726727 56 179 146 12 -1
2.65828037 2.44927502 4.73825454 106 216 139 12 -1
2.80933952 2.68197632 4.76207278 44 190 154 12 -1
2.92316628 2.74074459 4.7744227 46 187 154 12 -1
2.93532944 2.76033401 4.77638146 50 197 165 12 -1
1.87070179 3.21089268 4.70889938 210 170 100 -1 -1
2.05100536 3.28548241 4.72757356 118 160 98 -1 -1
2.68209743 3.17171383 4.7749374 21 166 168 12 -1
3.05006981 3.13805294 4.80412286 20 170 170 -1 -1
1.18906689 -3.21446609 4.34874691 20 171 175 27 -1
1.28701401 -2.62678099 4.39926554 38 164 149 -1 -1
1.93346786 -2.09786415 4.47346205 30 181 181 13 -1
3.06966019 -3.35159302 4.50865785 24 178 176 8 -1
3.18719673 -3.31241369 4.51427802 25 177 179 -1 -1
3.34391308 -3.41036129 4.51632922 24 178 179 8 -1
3.20678616 -3.17528725 4.5284178 26 178 179 13 -1
3.16760731 -3.01857138 4.53533927 24 174 177 13 -1
3.32432365 -3.21446609 4.52415294 28 180 179 -1 -1
3.30473423 -2.99898148 4.53977611 26 178 180 13 -1
3.38309193 -2.9402132 4.54712095 25 175 179 13 -1
3.38309193 -2.86185503 4.55131833 23 175 179 13 -1
3.42227077 -2.88144445 4.55012292 26 179 180 13 -1
3.52021885 -2.76390743 4.5614498 28 180 180 13 -1
3.30473423 -2.64637041 4.56379794 25 176 177 13 -1
3.50062943 -2.74431801 4.56342666 26 181 180 13 -1
3.53980827 -2.64637041 4.57489215 26 180 180 13 -1
3.38309193 -2.58760214 4.57160245 27 178 180 13 -1
3.46144962 -2.56801224 4.57259333 28 182 179 13 -1
3.46144962 -2.47006464 4.57456227 27 179 180 13 -1
3.40268135 -2.37211752 4.58447029 26 182 179 13 -1
3.53980827 -2.43088579 4.5805994 26 180 178 13 -1
3.50062943 -2.29375935 4.58731841 26 182 179 13 -1
3.75529289 -2.45047522 4.59748458 27 181 179 13 -1
3.65734482 -2.35252762 4.59234276 27 182 179 13 -1
3.81406116 -2.37211752 4.61759996 39 198 182 13 -1
3.40268135 -2.2349906 4.59096791 25 182 179 13 -1
3.46144962 -2.2349906 4.59248545 28 182 180 13 -1
3.50062943 -2.17622232 4.59213055 27 184 180 13 -1
3.28514481 -1.98032713 4.59587896 33 187 182 13 -1
3.52021885 -2.11745358 4.60056903 27 189 181 13 -1
3.5593977 -2.01950598 4.61521979 33 188 176 -1 -1
3.59857655 -2.19581175 4.60226695 30 186 181 -1 -1
3.75529289 -2.137043 4.62744053 39 197 173 13 -1
3.77488232 -2.0586853 4.62945533 43 196 165 13 -1
3.85324001 -2.01950598 4.63267524 57 199 153 13 -1
3.93159866 -2.11745358 4.63268876 89 247 200 13 -1
3.95118809 -1.98032713 4.64473428 93 226 150 13 -1
0.660150528 -1.56894732 4.38667854 172 195 26 -1 -1
0.758097649 -1.58853674 4.40025866 170 185 22 -1 -1
0.699329376 -0.883314133 4.41516381 174 195 26 -1 -1
1.71798325 -1.74525309 4.47619148 20 169 172 14 -1
1.52208805 -1.0596199 4.49060422 38 162 141 -1 -1
2.4819746 -1.21633625 4.55785296 164 178 35 13 -1
2.4819746 -1.11838913 4.55422954 170 164 25 13 -1
2.5603323 -0.942083359 4.57039008 179 169 27 13 -1
2.59951115 -0.746188164 4.58712041 181 172 29 4 -1
0.7189188 -0.158502579 4.45457074 165 182 22 27 -1
0.523023605 0.233287811 4.45335299 160 182 26 27 -1
1.42414093 -0.628650665 4.49112674 70 175 118 27 -1
2.54074287 -0.648240089 4.59249947 183 172 28 -1 -1
2.38402653 -0.491524696 4.57853202 181 166 26 13 -1
2.26648998 -0.217270851 4.59372784 177 165 26 13 -1
2.30566883 0.194108009 4.61654589 182 175 26 13 -1
2.22731113 0.27246666 4.61666665 177 178 24 14 -1
2.30566883 0.390003204 4.61997549 181 187 25 -1 -1
2.44279575 0.27246666 4.616674 183 177 27 13 -1
2.32525826 0.487951279 4.62592645 180 190 28 13 -1
2.89335442 -1.45141029 4.58762207 88 208 126 13 -1
3.06966019 -1.51017904 4.60135869 56 197 148 13 -1
2.99130154 -1.49058914 4.58439719 66 203 143 13 -1
3.18719673 -1.49058914 4.60396399 53 198 150 13 -1
3.38309193 -1.94114828 4.60012254 34 193 182 13 -1
3.40268135 -1.82361126 4.61387865 30 192 174 -1 -1
3.30473423 -1.78443193 4.60454271 29 193 179 -1 -1
3.34391308 -1.72566366 4.60848689 31 192 176 -1 -1
3.77488232 -1.90196896 4.63355189 54 196 151 13 -1
3.83365059 -1.84320068 4.64734411 81 207 130 13 -1
3.3635025 -1.60812664 4.61352355 38 196 165 13 -1
3.48103905 -1.64730549 4.62219903 48 193 161 -1 -1
3.26555443 -1.3730526 4.60830184 75 206 136 13 -1
3.79447174 -1.62771606 4.65399948 98 200 104 -1 -1
2.71704865 -1.23592567 4.58554462 163 202 53 13 -1
2.69745922 -1.1771574 4.57398849 172 196 44 13 -1
3.99036694 -1.92155838 4.64855642 100 210 125 13 -1
4.02954578 -1.82361126 4.65828619 120 208 97 13 -1
3.95118809 -1.74525309 4.66064614 120 207 94 13 -1
4.10790348 -1.80402136 4.65960037 145 223 95 13 -1
4.16667271 -1.70607376 4.66615967 158 210 63 13 -1
3.93159866 -1.54935789 4.6560454 137 206 71 -1 -1
4.18626213 -1.64730549 4.67089406 163 207 53 13 -1
4.20585155 -1.60812664 4.67538781 165 207 48 13 -1
-2.61129808 1.17358398 4.25529668 126 82 31 15 -1
-2.47417164 1.36947918 4.25917829 132 113 32 15 -1
-2.8267827 1.5849638 4.24874873 132 56 18 15 -1
-2.65047693 1.60455322 4.25894272 149 84 13 15 -1
-2.68965626 1.99634361 4.27705536 170 132 17 15 -1
-2.86596155 2.17264938 4.28024259 163 147 21 15 -1
-2.67006683 2.29018593 4.30067899 169 151 17 15 -1
-2.21950769 1.74168015 4.299855 175 169 27 2 -1
-0.378093719 1.03645706 4.42626613 100 171 89 22 -1
-0.0842514038 1.78085899 4.49347106 64 179 131 27 -1
-1.86689663 1.89839554 4.33858389 172 155 20 15 -1
-0.671936989 1.91798496 4.44273783 156 100 22 12 -1
-0.358504295 2.13346958 4.48494686 111 186 93 16 -1
-0.0646619797 2.5448494 4.53325434 128 99 35 26 -1
-0.397683144 3.11294556 4.52360412 99 32 18 -1 -1
0.248770714 0.977688789 4.47086254 116 189 80 27 -1
1.22824574 1.27153111 4.57722113 143 75 38 27 -1
1.97264767 0.742614746 4.61703581 171 188 23 27 -1
1.91387844 1.15399456 4.62346103 215 213 69 20 -1
2.22731113 0.644667625 4.63273135 176 195 24 14 -1
2.28607941 0.703435898 4.62945948 180 199 26 13 -1
2.34484768 0.625077248 4.62559897 183 202 29 13 -1
2.03141594 1.05604649 4.63363386 180 181 29 12 -1
1.58085728 1.40865803 4.61389273 149 85 24 12 -1
1.89428902 1.78085899 4.64510253 140 65 27 -1 -1
2.50156403 1.3890686 4.68526069 227 234 84 20 -1
2.07059479 1.78085899 4.6632079 228 154 102 -1 -1
2.32525826 1.60455322 4.6698299 187 173 39 -1 -1
1.09111881 2.07470131 4.60142063 154 73 44 12 -1
1.11070919 2.62320805 4.63362758 166 97 22 12 -1
1.6788044 1.97675419 4.64299346 113 45 25 -1 -1
1.75716305 2.07470131 4.65681633 119 56 35 -1 -1
1.85511017 2.21182823 4.66559999 125 50 37 -1 -1
1.89428902 2.2705965 4.68464466 187 111 102 -1 -1
2.14895248 1.82003784 4.66867751 242 170 102 -1 -1
2.14895248 1.93757439 4.68749339 238 168 102 -1 -1
2.22731113 1.87880611 4.68701543 235 189 92 3 -1
2.05100536 2.01593304 4.68418624 222 143 102 -1 -1
2.22731113 2.09429073 4.70207632 212 187 93 3 -1
2.28607941 2.3489542 4.71306016 161 160 52 12 -1
1.52208805 2.85828209 4.67648351 155 69 22 -1 -1
1.93346786 3.03458786 4.70751878 223 155 118 3 -1
2.20772171 2.62320805 4.71133191 151 146 55 12 -1
2.24690056 2.72115517 4.73092745 139 157 55 12 -1
2.40361691 2.56443882 4.73631465 135 186 81 -1 -1
2.42320633 2.62320805 4.73039367 120 194 95 12 -1
2.54074287 2.64279747 4.73908911 106 206 133 13 -1
2.5603323 2.70156574 4.74945971 99 213 147 13 -1
2.30566883 2.93663979 4.7464454 95 176 105 28 -1
2.40361691 2.76033401 4.73584084 110 188 101 -1 -1
2.40361691 2.85828209 4.73998991 97 189 113 -1 -1
2.59951115 2.79951286 4.75624739 54 187 156 13 -1
2.38402653 2.89746094 4.74054793 92 185 113 28 -1
2.34484768 3.03458786 4.75391692 77 181 131 28 -1
2.57992172 2.91705036 4.75881517 46 181 153 12 -1
2.85417557 2.62320805 4.76388423 52 190 147 12 -1
2.95212269 2.66238689 4.7748474 74 197 143 12 -1
2.81499577 2.79951286 4.77301175 36 187 166 12 -1
2.87376499 2.83869267 4.77916678 31 186 169 12 -1
2.79540634 2.93663979 4.77325095 21 174 175 12 -1
2.95212269 2.89746094 4.78604718 60 211 193 12 -1
1.99223709 3.1521244 4.72059673 211 179 138 12 -1
1.97264767 3.2696619 4.73821731 179 190 110 -1 -1
2.20772171 3.05417728 4.74479348 105 168 103 -1 -1
2.30566883 3.1521244 4.74287437 66 180 138 28 -1
2.12936306 3.30884075 4.7511863 98 171 118 -1 -1
2.32525826 3.05417728 4.74990757 74 181 129 28 -1
2.73663807 3.13253498 4.78161556 22 168 172 12 -1
2.81499577 3.1521244 4.78812057 23 171 174 12 -1
2.71704865 3.28925133 4.79654927 18 162 171 28 -1
0.0538597107 0.44877243 4.44377871 99 178 86 27 -1
1.32619381 -3.11460447 4.37917959 16 159 171 -1 -1
1.16947746 -2.88057661 4.37729865 46 192 166 27 -1
1.237257 -2.70513916 4.3913962 40 165 141 27 -1
1.27384472 -2.50924397 4.4038651 42 162 139 -1 -1
0.934403419 -2.11692953 4.39428928 157 187 34 27 -1
1.41947746 -1.99991655 4.44051182 51 180 157 27 -1
3.05632019 -3.41036129 4.50980147 25 177 178 8 -1
3.22637558 -2.93317795 4.54694907 24 175 175 13 -1
3.30500507 -2.47006464 4.57576812 26 176 176 13 -1
3.26697636 -1.99991655 4.59515987 31 188 179 13 -1
3.56842804 -1.99991655 4.6203934 34 190 174 13 -1
0.581791878 -1.60684109 4.38926615 180 205 30 8 -1
0.763498306 -1.72566366 4.39877072 164 183 21 27 -1
0.814795494 -1.49058914 4.41435217 166 181 19 27 -1
0.699329376 -1.03297138 4.42666023 168 188 22 27 -1
0.996275902 -1.31428337 4.43800894 177 203 45 -1 -1
0.758097649 -0.866000175 4.43959695 169 186 23 27 -1
1.62005615 -1.86279011 4.46388598 17 162 166 -1 -1
1.68239403 -1.39264202 4.49167909 21 165 156 14 -1
1.52208805 -1.06065655 4.49420129 39 162 139 -1 -1
1.46331978 -0.75308609 4.50405055 59 177 128 27 -1
2.59951115 -1.20578766 4.5774201 168 184 35 13 -1
2.54074287 -0.743125916 4.59471635 205 192 44 4 -1
0.562202454 -0.266500473 4.45198528 176 198 28 -1 -1
0.664340973 -0.138913155 4.46666129 168 184 20 27 -1
1.01276112 -0.520048141 4.47752551 169 188 34 18 -1
0.248770714 0.19357872 4.44784048 145 187 47 8 -1
0.699329376 0.0302085876 4.47771075 169 194 24 27 -1
0.620970726 0.344976425 4.48626575 166 157 19 27 -1
0.989519119 -0.00178623199 4.50046529 166 184 25 18 -1
1.33256149 0.194108009 4.53858645 136 162 47 -1 -1
1.30660343 0.425642014 4.54753111 153 115 21 -1 -1
1.40498543 -0.295629501 4.52113318 66 174 115 -1 -1
2.47831917 -0.667829514 4.59310656 178 162 24 13 -1
1.3824749 -0.0801448822 4.52959579 85 169 89 14 -1
2.21915436 0.331234932 4.61938462 177 180 23 14 -1
2.85417557 -1.38711071 4.59003066 115 207 100 13 -1
3.16760731 -1.55756426 4.60808237 43 200 165 13 -1
3.50819874 -1.94114828 4.61817367 44 203 182 -1 -1
3.42227077 -1.69598913 4.62275268 38 197 171 -1 -1
3.79447174 -1.71013021 4.65322939 90 205 118 13 -1
3.81406116 -1.64331484 4.65807742 102 200 103 -1 -1
3.89241886 -1.62528515 4.66550221 118 204 91 -1 -1
-2.68965626 1.32299614 4.25610546 131 72 20 15 -1
-2.72883511 1.51624107 4.26210494 128 54 12 15 -1
-2.45458221 1.67696381 4.29277914 158 121 10 15 -1
-2.47613668 2.09429073 4.31101359 171 149 17 15 -1
-2.61129808 2.31702614 4.31039472 171 158 20 15 -1
-2.32116795 1.72208977 4.30611361 172 159 23 15 -1
-0.299736023 0.562127113 4.41962331 58 181 134 27 -1
-0.442343712 0.860152245 4.4219963 122 194 86 11 -1
-0.319325447 1.07685375 4.44269908 89 168 103 -1 -1
-1.06372643 1.61474991 4.40621578 117 34 18 2 -1
-0.483312607 1.29112148 4.4392607 132 175 74 -1 -1
-0.0776252747 1.60455322 4.48826945 57 153 128 27 -1
-2.29255295 1.85921669 4.31509328 167 148 14 15 -1
-2.19991827 2.04915619 4.33196771 171 154 16 15 -1
-1.74936008 1.99055862 4.36686879 165 135 13 -1 -1
-1.6083746 2.17264938 4.38741363 165 145 14 -1 -1
-0.632757187 1.93402767 4.4576215 156 106 23 -1 -1
-0.455901146 2.01593304 4.47635837 148 167 61 22 -1
-0.0646619797 1.96599388 4.5067098 57 162 120 27 -1
-0.404304504 2.3489542 4.49666797 112 139 63 16 -1
-1.02034664 2.42731285 4.44886365 147 163 35 15 -1
-0.809062958 2.5693512 4.47336974 132 148 46 15 -1
-0.0352478027 2.68197632 4.54355116 138 70 19 26 -1
-0.569535255 3.11294556 4.51952149 101 36 18 -1 -1
0.581791878 0.60669899 4.4955533 164 140 21 27 -1
0.27895546 0.879741669 4.48331451 119 182 67 27 -1
0.601381302 0.89208889 4.51089659 162 125 33 27 -1
1.14988804 0.680210114 4.54663653 143 61 24 20 -1
1.12376022 0.938509941 4.5568522 111 36 18 12 -1
0.738508224 1.189188 4.53664078 138 91 25 12 -1
0.797276497 1.43422985 4.55332621 137 75 26 27 -1
1.22824574 1.35916805 4.585797 115 37 17 27 -1
1.24290848 1.64373207 4.60068823 141 41 20 27 -1
1.74894238 0.840561867 4.60448098 251 250 104 14 -1
1.99223709 1.03061581 4.63397217 182 189 27 12 -1
2.01182652 0.73201561 4.6212741 168 186 20 27 -1
1.81593132 1.27762413 4.63107474 173 127 24 12 -1
2.14297485 1.21276283 4.65533605 177 161 30 20 -1
2.54272652 1.36947918 4.69632296 211 224 69 20 -1
0.131233215 2.07925415 4.52854593 95 142 87 27 -1
0.777687073 2.21827888 4.58933398 122 47 24 12 -1
1.21045589 2.30977535 4.62995301 203 106 66 -1 -1
1.1081562 2.64279747 4.6373805 169 103 23 12 -1
1.40455151 1.7880497 4.62114851 122 40 21 27 -1
1.69839382 1.79394627 4.64602821 123 49 24 12 -1
1.91387844 1.79969501 4.66434176 142 73 28 -1 -1
1.87469959 2.151021 4.67793178 170 74 47 -1 -1
1.89870071 2.40772343 4.69226687 190 114 102 -1 -1
2.09468079 2.05511189 4.69174043 228 156 102 3 -1
1.65921497 2.64030552 4.68338816 176 109 82 -1 -1
1.41178417 2.89746094 4.67502433 248 164 102 3 -1
2.11614037 2.64279747 4.72175553 163 146 54 12 -1
2.2881012 2.83869267 4.74555607 117 177 87 -1 -1
2.63869095 1.43574905 4.7075379 214 224 74 28 -1
1.94633961 3.2304821 4.73576082 195 182 119 12 -1
2.01182652 3.33602238 4.74631022 130 155 86 -1 -1
2.6778698 3.37235737 4.8038072 17 165 172 28 -1
1.05193996 -2.64637041 4.39765628 95 184 99 27 -1
1.09111881 -2.2349906 4.41780695 138 216 111 27 -1
2.87376499 -3.39077187 4.51156284 29 183 180 8 -1
2.89335442 -3.25364542 4.51689449 28 180 181 -1 -1
2.95212269 -3.27323484 4.51334772 23 172 177 -1 -1
2.93253326 -3.1165185 4.5286219 22 172 176 13 -1
3.08924961 -3.15569782 4.52763559 24 178 179 13 -1
3.12842846 -3.07733965 4.53295531 27 178 180 13 -1
2.99130154 -2.9402132 4.54559454 24 174 177 13 -1
3.10883904 -2.92062378 4.54888845 26 177 180 13 -1
3.06966019 -2.76390743 4.55877588 24 178 178 13 -1
3.10883904 -2.78349686 4.55973291 25 178 179 13 -1
3.05006981 -2.66595984 4.56194597 29 180 183 13 -1
3.245965 -2.72472858 4.56143319 25 180 179 13 -1
3.245965 -2.62678099 4.56742379 26 180 181 13 -1
3.06966019 -2.45047522 4.57379251 27 184 179 13 -1
3.14801788 -2.50924397 4.57238175 24 176 179 13 -1
3.03048038 -2.37211752 4.57562198 30 183 178 13 -1
3.16760731 -2.39170694 4.57871351 24 178 177 13 -1
3.20678616 -2.33293819 4.57883348 22 175 176 13 -1
3.05006981 -2.21540117 4.5820869 27 181 180 13 -1
3.16760731 -2.27416992 4.57995796 25 177 178 13 -1
3.12842846 -2.137043 4.58855191 25 179 178 13 -1
3.08924961 -2.07827473 4.59153318 24 179 177 13 -1
3.20678616 -2.09786415 4.59072658 26 181 180 13 -1
3.20678616 -1.99991655 4.5915492 28 187 180 13 -1
3.32432365 -2.37211752 4.58211503 24 177 177 13 -1
3.30473423 -2.137043 4.5935843 28 180 178 13 -1
3.75529289 -2.2545805 4.62398352 39 196 178 13 -1
3.59857655 -2.01950598 4.62618879 36 191 175 13 -1
0.562202454 -1.74525309 4.39086512 178 205 30 8 -1
0.7189188 -1.35346317 4.42259271 172 193 26 -1 -1
0.699329376 -0.981262207 4.44488354 168 187 22 27 -1
0.973582268 -0.82454586 4.46540042 168 190 26 -1 -1
2.38402653 -1.58853674 4.55488493 83 198 120 13 -1
2.34484768 -1.41223145 4.56556037 124 192 76 13 -1
2.61910152 -1.39264202 4.58112562 129 193 69 13 -1
1.77675247 -0.981262207 4.52838105 76 176 110 14 -1
2.38402653 -1.21633625 4.57468419 172 192 43 13 -1
2.54074287 -1.23592567 4.57571809 162 182 39 13 -1
2.3644371 -1.07920933 4.57287299 172 171 26 13 -1
2.34484768 -0.922493935 4.58856102 178 170 26 13 -1
2.50156403 -0.883314133 4.58909328 180 167 27 13 -1
2.38402653 -0.746188164 4.597881 182 168 28 13 -1
2.52115345 -0.72659874 4.59754944 183 172 31 -1 -1
0.993171692 -0.373987198 4.48920482 181 203 43 18 -1
0.914813995 0.350824356 4.5285573 171 138 21 -1 -1
2.30566883 -0.569882393 4.59445558 180 168 29 13 -1
2.40361691 -0.687419891 4.59796249 185 168 28 13 -1
2.4819746 -0.648240089 4.59532877 180 164 24 13 -1
2.22731113 -0.138913155 4.60462205 184 171 28 14 -1
2.26648998 0.115750313 4.62641633 181 172 26 13 -1
2.18813229 0.233287811 4.62269438 177 178 24 14 -1
2.09018421 0.507540703 4.63470997 182 201 28 14 -1
2.22731113 0.527130127 4.63400934 183 200 27 14 -1
2.89335442 -1.68648434 4.593968 54 209 171 13 -1
3.08924961 -1.82361126 4.60649836 39 194 184 13 -1
3.16760731 -1.88237953 4.60042225 40 200 186 13 -1
3.08924961 -1.80402136 4.60672948 41 200 185 13 -1
3.05006981 -1.66689491 4.60424066 34 194 170 13 -1
3.14801788 -1.72566366 4.61090801 31 192 177 13 -1
2.93253326 -1.60812664 4.59173649 52 202 161 13 -1
2.6778698 -1.39264202 4.58998455 124 194 76 13 -1
2.81499577 -1.39264202 4.5980831 115 203 93 13 -1
3.05006981 -1.58853674 4.59957556 44 195 160 13 -1
3.245965 -1.60812664 4.61668919 37 194 170 13 -1
3.53980827 -1.90196896 4.62821025 40 200 174 13 -1
3.52021885 -1.80402136 4.63837085 35 190 168 -1 -1
3.63775539 -1.96073771 4.64636547 45 201 171 13 -1
3.71611404 -1.86279011 4.64890353 63 203 150 13 -1
3.61816597 -1.66689491 4.65670746 66 204 147 -1 -1
3.75529289 -1.68648434 4.65466726 88 203 120 -1 -1
3.30473423 -1.56894732 4.61980292 42 200 166 13 -1
2.6778698 -1.27510452 4.58362062 151 193 54 13 -1
3.91200829 -1.72566366 4.66508015 109 208 98 13 -1
-2.76801395 1.09522629 4.2495206 110 43 20 15 -1
-2.76801395 1.4674263 4.26152164 123 51 12 15 -1
-2.86596155 1.54578495 4.26912927 122 43 18 15 -1
-2.8267827 1.6633215 4.27823277 139 61 18 15 -1
-3.0226779 2.15305901 4.28046594 168 163 33 10 -1
-2.78760386 2.01593304 4.28408412 166 123 19 15 -1
-2.98349857 2.17264938 4.28946409 163 157 27 10 -1
-2.51335049 2.30977535 4.32217171 173 160 21 15 -1
-2.02361298 1.64373207 4.34390581 154 154 26 15 -1
-0.260557175 1.11481571 4.46252084 71 158 117 -1 -1
0.0136966705 1.78085899 4.51341733 61 176 135 -1 -1
-1.82771778 1.97675419 4.3613902 162 136 11 26 -1
-0.671936989 1.93757439 4.47012193 155 99 22 12 -1
0.0920543671 1.97675419 4.53470511 80 142 93 27 -1
-0.338914871 2.52525997 4.52614062 123 100 42 26 -1
0.150822639 1.13440514 4.49295286 58 165 125 27 -1
0.797276497 1.19317341 4.55016095 136 72 22 12 -1
1.52208805 0.66425705 4.59273699 168 163 31 -1 -1
1.6004467 0.820972443 4.60662369 242 229 104 -1 -1
1.95305729 0.703435898 4.62852078 174 194 25 27 -1
1.83552074 0.918920517 4.63008574 201 227 52 14 -1
1.73757267 1.07563686 4.62408653 204 216 62 20 -1
1.85511017 1.07563686 4.62717224 212 227 71 20 -1
2.03141594 0.683846474 4.63580251 170 188 23 27 -1
2.18813229 0.683846474 4.63605184 175 194 22 14 -1
1.77675247 1.29112148 4.64766748 171 132 25 12 -1
2.24690056 1.40865803 4.67674989 233 208 92 -1 -1
0.131233215 2.11388016 4.54691886 103 143 85 27 -1
1.34578323 2.32936478 4.64317606 138 50 20 27 -1
1.24783516 2.83869267 4.67343817 178 130 26 -1 -1
1.75716305 1.82003784 4.65709946 126 55 27 12 -1
1.87469959 1.85921669 4.67090117 135 62 29 -1 -1
1.95305729 1.87880611 4.67760739 182 115 59 -1 -1
1.85511017 1.95716476 4.67810445 128 61 26 -1 -1
1.89428902 2.05511189 4.68778845 187 114 99 -1 -1
1.77675247 2.15305901 4.67075588 126 71 54 6 -1
1.99223709 2.19223881 4.70220651 205 130 102 -1 -1
1.87469959 2.36854362 4.69214163 187 110 102 -1 -1
2.09018421 2.09429073 4.6990236 225 154 102 3 -1
2.07059479 2.17264938 4.713485 217 147 102 -1 -1
2.16854191 2.23141766 4.72063188 207 170 95 12 -1
1.6788044 2.64279747 4.6932109 182 109 96 -1 -1
1.40455151 2.89746094 4.6760926 242 169 102 3 -1
2.10977364 2.48608112 4.73203674 219 166 103 12 -1
2.28607941 2.44690228 4.73156108 154 161 45 12 -1
2.07059479 2.58402824 4.73034943 143 111 35 12 -1
2.10977364 2.79951286 4.74501344 178 161 80 12 -1
2.16854191 2.77992344 4.74743382 141 145 53 12 -1
2.22731113 2.87787151 4.75198471 125 168 79 -1 -1
2.22731113 3.01499748 4.75238543 102 171 105 -1 -1
1.50249863 3.2696619 4.71534026 223 179 94 -1 -1
1.71798325 3.17171383 4.72541304 182 116 38 12 -1
1.7963419 3.2696619 4.72848424 178 130 42 -1 -1
2.20772171 3.17171383 4.75968023 89 174 119 -1 -1
2.18813229 3.32843018 4.76431235 77 162 119 -1 -1
0.0426359177 0.468361855 4.46336926 97 179 88 27 -1
1.09111881 -3.06589365 4.3814306 26 177 169 -1 -1
1.09352589 -2.86185503 4.39142938 51 188 152 27 -1
1.25921059 -2.70513916 4.4128233 35 159 143 27 -1
1.24783516 -2.46071434 4.4236076 55 157 120 -1 -1
0.875635147 -2.01784563 4.41371711 164 185 25 -1 -1
1.42414093 -2.01366043 4.45983168 48 176 156 27 -1
2.84587955 -3.35159302 4.51459747 29 182 180 8 -1
3.03875351 -2.76390743 4.55896111 26 180 179 13 -1
2.95449829 -2.17622232 4.58012715 28 186 181 13 -1
0.503434181 -1.66837835 4.3993417 174 202 31 8 -1
0.695146561 -1.35346317 4.43051053 173 196 27 -1 -1
0.77548027 -1.60812664 4.42500687 169 185 22 27 -1
0.918670654 -1.49058914 4.44263665 161 178 20 27 -1
0.688817024 -0.961672783 4.44879324 168 189 24 27 -1
0.770541191 -1.31428337 4.43870286 172 194 25 -1 -1
0.990397453 -0.942083359 4.47497816 171 191 26 -1 -1
1.58085728 -1.90974188 4.47793973 22 162 165 27 -1
1.72162437 -1.43182087 4.51267112 27 173 162 14 -1
2.59951115 -1.53321266 4.58128762 98 204 114 13 -1
1.6360817 -1.29469395 4.51209503 25 163 152 27 -1
1.53459263 -0.961672783 4.51959033 41 166 141 -1 -1
2.24949837 -1.19674683 4.56814522 167 188 44 13 -1
2.30566883 -0.803382874 4.59173515 180 168 27 13 -1
0.55892086 -0.707009315 4.45014818 179 201 30 8 -1
0.627223969 -0.295629501 4.47561876 170 187 26 27 -1
0.832579613 -0.569882393 4.47963966 159 171 13 27 -1
0.993171692 -0.32019043 4.5050717 170 188 32 18 -1
0.32712841 0.177053452 4.47319548 155 192 40 27 -1
0.694535255 -0.00178623199 4.49536259 166 186 19 27 -1
0.629278183 0.311645508 4.50495013 164 158 18 27 -1
0.987751007 0.0373926163 4.52178796 163 177 22 27 -1
1.32718849 0.194108009 4.55772612 134 160 46 -1 -1
1.28701401 0.475043297 4.56785287 152 101 18 -1 -1
1.40940666 -0.256450653 4.54297394 69 173 112 14 -1
2.3644371 -0.723928452 4.6004696 182 168 27 13 -1
2.19662094 -0.0801448822 4.6173347 179 165 25 14 -1
2.07050133 0.429183006 4.63123395 183 197 30 14 -1
2.87376499 -1.85187626 4.5889433 37 193 177 13 -1
3.06712723 -1.82361126 4.60648621 38 196 183 13 -1
2.74509048 -1.39264202 4.60022334 127 205 86 13 -1
3.66761303 -1.76484251 4.65957279 67 208 151 -1 -1
-2.61129808 1.14524555 4.27371898 120 75 28 15 -1
-2.43095493 1.31071091 4.29676003 124 130 46 15 -1
-2.92728376 1.64373207 4.2712046 132 42 15 15 -1
-2.41540289 1.69235802 4.31638732 164 141 17 15 -1
-2.86116123 2.01593304 4.2946114 164 118 18 15 -1
-2.84637213 2.20611954 4.3049815 165 151 20 15 -1
-2.252666 1.50660515 4.32109023 143 153 38 15 -1
-2.02361298 1.70086861 4.34959142 155 152 23 15 -1
-0.371630669 0.723025322 4.44092049 90 181 105 27 -1
-0.319325447 1.08206463 4.46253872 93 182 117 -1 -1
-1.02783489 1.56537437 4.42643872 112 32 16 2 -1
-0.745548248 1.78085899 4.46041489 152 78 25 12 -1
-0.0476408005 1.50660515 4.50566563 63 187 151 27 -1
-2.29786587 1.8492918 4.33376142 166 148 15 2 -1
-2.21763182 2.05511189 4.35036037 172 157 19 15 -1
-1.67720413 1.85921669 4.38619153 163 116 15 26 -1
-1.70178032 2.11388016 4.39636247 165 146 14 -1 -1
-1.20085335 2.70357895 4.46660887 113 182 75 -1 -1
-0.593783379 2.2705965 4.49663426 151 155 35 16 -1
-0.167881012 1.87880611 4.51347262 73 155 105 27 -1
0.0957622528 1.97675419 4.54024449 82 141 91 27 -1
-0.197141647 2.19223881 4.52607335 81 182 116 27 -1
-0.905257225 2.42731285 4.47808683 144 153 32 15 -1
-0.39089489 2.42731285 4.52114241 125 124 56 16 -1
-0.0254831314 2.7301302 4.56627015 136 61 18 26 -1
-0.383728981 3.17171383 4.55748601 94 25 14 -1 -1
0.738508224 0.540034294 4.52505992 161 111 17 -1 -1
0.150822639 1.07242012 4.50143016 67 183 125 27 -1
0.581791878 1.1423521 4.54086309 139 126 40 -1 -1
1.08643341 0.703435898 4.56202961 140 59 30 20 -1
1.15040112 1.05604649 4.58431538 111 49 21 12 -1
0.663612366 1.33030033 4.55673669 132 97 33 -1 -1
1.18906689 1.30122089 4.59932446 113 42 18 -1 -1
1.36537266 1.32746601 4.61534264 133 72 21 12 -1
1.1420517 1.5849638 4.6090134 125 32 17 27 -1
1.50249863 0.697125435 4.59655406 162 157 29 -1 -1
1.70622063 0.742614746 4.6157912 173 195 31 18 -1
1.75716305 0.903921127 4.62780085 226 234 67 14 -1
2.07059479 0.533246994 4.63623859 180 201 26 14 -1
1.44373035 1.39165211 4.62498372 141 70 23 12 -1
1.85511017 1.20304203 4.65036251 212 203 75 -1 -1
2.3644371 1.34200764 4.69966928 222 228 80 20 -1
2.59931564 1.44783688 4.72441177 216 230 76 28 -1
1.15160942 1.95716476 4.62768535 138 55 24 12 -1
1.05193996 2.17339706 4.62972514 165 67 36 12 -1
1.24783516 2.36087894 4.65512516 143 56 16 27 -1
1.09111881 2.61556244 4.65423604 169 97 23 12 -1
1.35120392 2.89746094 4.68954278 211 150 72 3 -1
1.44373035 2.01822376 4.65506969 127 51 38 -1 -1
1.80412388 2.40772343 4.70393958 173 105 102 -1 -1
2.15851593 2.30977535 4.72890142 173 162 74 12 -1
1.69839382 2.64642143 4.70655079 187 108 100 -1 -1
1.82794666 2.99540806 4.73415246 170 91 41 3 -1
2.13893604 2.72115517 4.7470156 150 139 45 12 -1
1.5023222 3.30884075 4.72194554 195 156 44 -1 -1
1.74938107 3.28925133 4.74168541 179 128 35 -1 -1
1.32619381 -3.05775023 4.40952987 14 158 169 -1 -1
1.07152939 -2.27416992 4.4368346 133 204 94 27 -1
2.85417557 -3.21446609 4.52452847 25 180 179 13 -1
2.83458519 -2.97939205 4.54352024 24 175 178 13 -1
2.81499577 -2.88144445 4.55176491 24 175 177 13 -1
2.91294384 -2.80308676 4.5592717 23 175 177 13 -1
2.89335442 -2.66595984 4.56511183 27 181 180 13 -1
3.01089096 -2.80308676 4.55702112 26 176 178 13 -1
2.99130154 -2.64637041 4.56602298 31 184 183 13 -1
2.85417557 -2.47006464 4.57149796 29 183 180 13 -1
2.89335442 -2.37211752 4.57768578 33 190 185 13 -1
2.99130154 -2.54842281 4.56935092 28 184 181 13 -1
3.01089096 -2.37211752 4.57705781 28 184 179 13 -1
2.85417557 -2.17622232 4.58644371 32 188 181 13 -1
2.77581692 -2.03909588 4.58882547 40 198 186 13 -1
2.93253326 -2.0586853 4.58818471 39 195 187 13 -1
2.97171211 -2.137043 4.58347412 29 185 179 13 -1
0.562202454 -1.76484251 4.40892932 179 206 32 8 -1
0.993171692 -1.68648434 4.44113746 171 197 32 -1 -1
0.699329376 -0.942083359 4.468561 166 182 18 27 -1
1.03235054 -1.09879875 4.48912671 177 207 46 18 -1
1.71798325 -1.41223145 4.51831566 31 171 157 14 -1
2.20772171 -1.52976847 4.56726378 84 203 120 14 -1
2.24690056 -1.3730526 4.57398087 124 199 81 13 -1
2.4819746 -1.64730549 4.58096813 73 208 138 13 -1
2.52115345 -1.54935789 4.5775315 99 201 111 13 -1
2.3644371 -1.3730526 4.57586105 133 197 71 13 -1
1.65921497 -1.33387375 4.52059875 27 168 155 14 -1
1.46331978 -0.746188164 4.53677141 55 165 126 -1 -1
2.28607941 -1.27510452 4.57573511 156 198 53 13 -1
2.18813229 -1.11838913 4.58501379 167 188 40 14 -1
2.32525826 -1.31428337 4.5785248 150 197 58 13 -1
2.30566883 -1.02044106 4.5858913 178 173 28 13 -1
2.30566883 -0.90290451 4.58728546 184 174 31 13 -1
2.24690056 -0.82454586 4.59684227 182 174 29 13 -1
2.3644371 -0.942083359 4.59152133 181 169 26 13 -1
0.993171692 -0.276040077 4.52419567 183 206 43 18 -1
0.679739952 0.507540703 4.52926439 167 131 17 27 -1
1.50249863 -0.589471817 4.53679277 59 174 123 14 -1
1.91387844 -0.11932373 4.61074601 167 183 41 14 -1
2.20772171 -0.609061241 4.6094581 183 171 28 14 -1
2.18813229 -0.413166046 4.61944571 178 164 26 14 -1
2.24690056 -0.373987198 4.61067751 179 164 25 13 -1
2.16854191 -0.0409660339 4.62248077 179 170 25 14 -1
2.22731113 0.0765714645 4.63204448 178 170 25 14 -1
2.09018421 0.409592628 4.63839915 183 195 29 14 -1
2.77581692 -1.94114828 4.59508499 42 200 186 13 -1
2.83458519 -1.90196896 4.59193873 43 200 184 13 -1
2.93253326 -1.86279011 4.59629208 40 199 184 13 -1
2.69745922 -1.72566366 4.58960691 45 194 158 13 -1
2.93253326 -1.80402136 4.6034837 49 207 191 13 -1
3.01089096 -1.86279011 4.60170959 35 194 182 13 -1
2.71704865 -1.64730549 4.59428059 60 198 146 13 -1
2.71704865 -1.51017904 4.60241277 88 199 114 13 -1
2.71704865 -1.45141029 4.59757189 102 198 98 13 -1
3.61816597 -1.82361126 4.65579807 52 207 164 13 -1
-2.80719328 1.07563686 4.25544655 106 35 18 15 -1
-2.76801395 1.42824745 4.29362649 120 52 15 15 -1
-2.39581347 1.34988976 4.30518106 124 128 41 15 -1
-2.65047693 1.48701572 4.28984279 136 71 12 15 -1
-3.0226779 2.19223881 4.30491784 164 164 29 11 -1
-2.72883511 1.97675419 4.30846353 158 108 10 15 -1
-2.76801395 2.23141766 4.31776499 173 158 21 15 -1
-2.21950769 1.52619553 4.33439185 145 166 44 15 -1
-0.319325447 0.605487823 4.45840901 60 173 124 27 -1
-0.593578339 1.54578495 4.46971895 143 106 25 16 -1
-2.25868702 2.01593304 4.35323364 173 161 21 15 -1
-1.45551682 2.09429073 4.41989908 170 130 20 26 -1
-0.495631218 1.97675419 4.49226963 148 148 43 22 -1
-0.00589370728 2.25100708 4.55585022 100 149 90 -1 -1
0.425075531 0.840561867 4.53260965 165 179 52 27 -1
1.16947746 0.683846474 4.57228991 145 68 37 20 -1
1.18906689 1.34988976 4.60698574 115 38 16 27 -1
1.32619381 1.76126957 4.65078104 132 38 18 27 -1
1.4829092 0.840561867 4.60582043 231 201 103 20 -1
1.87469959 0.66425705 4.63686133 180 207 30 14 -1
1.77675247 0.76220417 4.63052937 177 201 31 18 -1
1.56126785 0.879741669 4.62799854 239 220 104 20 -1
1.69839382 0.918920517 4.63945557 184 203 37 -1 -1
1.75716305 1.13440514 4.64711343 219 222 82 20 -1
2.03141594 0.644667625 4.63843214 172 192 24 27 -1
1.50249863 1.3890686 4.63848028 146 84 26 12 -1
1.73757267 1.21276283 4.64292083 178 150 27 12 -1
2.10977364 1.21276283 4.68860291 179 163 34 20 -1
2.54074287 1.42824745 4.73148668 223 234 81 20 -1
1.03235054 2.15305901 4.64622615 165 72 38 12 -1
1.36537266 2.36854362 4.67305091 149 65 34 27 -1
1.13029861 2.77992344 4.67446193 180 127 28 -1 -1
1.20865631 2.89746094 4.688451 193 157 61 12 -1
1.36537266 2.95622921 4.70132216 177 117 27 12 -1
1.52208805 1.87880611 4.67373033 117 42 22 27 -1
1.85511017 2.40772343 4.71365677 185 109 102 -1 -1
2.14895248 2.23141766 4.72672069 212 166 99 12 -1
2.03141594 2.388134 4.74119368 204 136 102 -1 -1
1.77675247 2.4664917 4.71351493 172 104 96 -1 -1
1.87469959 2.4664917 4.71648571 189 111 102 -1 -1
1.93346786 2.5448494 4.73765968 195 121 102 -1 -1
1.95305729 2.72115517 4.74162151 131 74 32 3 -1
1.97264767 2.74074459 4.74150308 135 85 34 3 -1
1.81593132 2.91705036 4.74493004 173 90 44 3 -1
2.05100536 2.50567055 4.73872014 204 147 96 6 -1
2.07059479 2.72115517 4.75300705 144 114 40 12 -1
1.58085728 3.09335613 4.72871925 249 162 102 3 -1
1.63962555 3.2696619 4.74523701 184 134 39 -1 -1
1.71798325 3.25007153 4.7446737 184 122 35 -1 -1
1.18906689 -3.27810526 4.39902921 17 164 175 27 -1
1.10992241 -3.0381608 4.40392565 28 174 165 27 -1
1.07152939 -2.84667873 4.40990626 52 184 146 27 -1
1.30660343 -2.63946962 4.43953306 34 157 144 13 -1
1.25479412 -2.47006464 4.44333056 55 164 128 -1 -1
0.831190109 -1.99991655 4.43044708 167 190 25 -1 -1
1.38496208 -2.0216918 4.47575593 62 181 149 27 -1
2.73449039 -2.99898148 4.54179416 23 173 178 13 -1
2.81344509 -2.52883339 4.57097821 31 182 181 13 -1
2.73638058 -2.0586853 4.58710241 32 191 182 13 -1
0.504593849 -1.72566366 4.41627753 175 200 29 8 -1
0.914813995 -1.89514208 4.44247789 168 189 26 27 -1
0.805156708 -1.51017904 4.45178354 165 182 21 27 -1
0.650774002 -1.33387375 4.44732629 178 201 30 8 -1
0.7189188 -0.92795372 4.47252146 167 186 23 27 -1
0.758097649 -1.27258301 4.45925299 170 189 23 -1 -1
0.758097649 -0.871315002 4.4785206 169 185 23 27 -1
1.64543629 -1.86279011 4.50518932 19 164 169 -1 -1
1.72719765 -1.39264202 4.53460831 36 183 159 14 -1
2.09018421 -1.43083763 4.56315869 95 207 118 14 -1
1.52120399 -1.04003048 4.53429654 38 161 139 -1 -1
1.56126785 -0.961309433 4.54143009 41 166 141 13 -1
2.09018421 -1.28586102 4.57012 131 208 89 14 -1
2.16854191 -0.940093994 4.5932817 175 175 30 14 -1
0.544447899 -0.628650665 4.47228865 176 200 29 8 -1
0.58708477 -0.295629501 4.49184826 171 192 26 27 -1
0.903718948 -0.687419891 4.49954014 167 182 20 27 -1
0.993171692 -0.28413105 4.52639258 175 199 39 18 -1
0.469611168 -0.0605554581 4.49330244 174 195 28 27 -1
0.64056015 0.0709753036 4.51392771 172 193 25 27 -1
0.679739952 0.496596336 4.53764429 169 130 18 27 -1
0.948904037 0.115750313 4.54188811 174 182 24 27 -1
0.970136642 0.429183006 4.55871546 172 116 29 -1 -1
1.56126785 -0.71325779 4.55334074 57 173 129 13 -1
1.46331978 -0.384067535 4.5609485 63 184 125 14 -1
1.93346786 -0.114424706 4.61325044 167 179 37 14 -1
2.07059479 -0.372960091 4.61231483 180 170 30 14 -1
2.16189671 -0.0997343063 4.63307685 180 170 26 14 -1
2.04788303 0.409592628 4.6479894 183 198 30 14 -1
2.64337349 -1.76484251 4.59342649 43 195 164 13 -1
-2.67006683 1.07999134 4.28525576 115 58 24 15 -1
-2.52977514 1.21276283 4.30337438 123 94 33 15 -1
-2.88555098 1.72191906 4.29804162 141 56 14 15 -1
-3.04226732 2.08592224 4.30240168 159 142 28 -1 -1
-2.91980219 2.03552246 4.3102328 164 130 22 15 -1
-2.75118971 2.2705965 4.3356343 175 159 20 15 -1
-2.19806814 1.42824745 4.34148737 130 172 61 15 -1
-1.94847155 1.62414265 4.37178654 153 153 29 15 -1
-0.319325447 0.604719162 4.45920753 60 173 124 27 -1
-0.43368721 0.997278214 4.46848411 106 167 81 -1 -1
-0.549957275 1.4674263 4.48132655 147 141 40 16 -1
-0.707022667 1.6633215 4.47758538 137 63 21 22 -1
0.0920543671 1.22070599 4.5232205 48 176 147 27 -1
-2.29061174 1.80044842 4.35161275 170 146 17 2 -1
-2.1289053 2.01593304 4.37549555 168 150 15 15 -1
-1.80812836 1.99596882 4.40138812 164 139 13 26 -1
-1.63182259 2.04333687 4.41842056 172 136 16 -1 -1
-1.67702198 2.19223881 4.42178686 169 161 21 -1 -1
-1.18126392 2.65942478 4.48571792 125 180 67 -1 -1
-0.965779305 2.39613819 4.49111324 148 154 32 15 -1
-0.1626091 1.87856674 4.53349184 65 159 113 27 -1
-0.0254831314 1.96502209 4.54912152 58 160 120 27 -1
-0.146306992 2.17264938 4.54897735 68 163 109 27 -1
-1.12249565 2.53935528 4.48487186 140 175 52 15 -1
-0.547346115 3.03458786 4.55679523 108 43 21 -1 -1
-0.0236845016 2.74074459 4.5865198 130 56 16 26 -1
-0.0927724838 3.07376671 4.59672733 96 24 14 26 -1
0.660150528 0.631138802 4.54246482 173 124 26 -1 -1
0.167070389 1.09522629 4.52347471 66 175 118 27 -1
0.979353905 0.566308975 4.56607136 168 96 42 -1 -1
1.1709137 0.703435898 4.5886906 146 77 46 20 -1
1.14673615 1.05604649 4.60359802 113 49 22 12 -1
0.601381302 1.28102779 4.56875104 124 117 43 -1 -1
0.797276497 1.43812943 4.59269231 143 83 27 27 -1
1.1614809 1.42824745 4.62270416 117 33 18 27 -1
1.1642189 1.50660515 4.62669583 117 21 12 27 -1
1.26742458 1.72769928 4.64595108 132 35 14 -1 -1
1.4829092 0.790016174 4.61896403 160 154 32 18 -1
1.46331978 0.862500191 4.62080471 231 201 103 20 -1
2.01182652 1.1481905 4.68043634 197 191 48 20 -1
1.56126785 1.34184074 4.65202003 155 102 25 12 -1
0.147435188 2.03552246 4.56698114 96 151 93 27 -1
1.24783516 1.91470528 4.65329074 137 54 23 3 -1
1.01875591 2.17264938 4.64650093 140 50 21 12 -1
1.13029861 2.28199387 4.66108818 223 119 102 12 -1
1.07152939 2.53833008 4.66847725 199 134 78 12 -1
1.17634964 2.70156574 4.68508946 171 106 21 3 -1
1.30660343 2.8933897 4.70520335 208 159 62 3 -1
1.42010117 1.93757439 4.66880867 121 41 24 27 -1
1.98845768 2.42731285 4.7398996 199 129 102 6 -1
1.9801321 2.58402824 4.74672767 169 128 80 12 -1
1.54167843 2.89525223 4.72497014 173 96 38 -1 -1
1.62003613 3.05642128 4.73926803 228 150 89 3 -1
1.73093891 3.07376671 4.74938421 173 98 35 12 -1
1.09111881 -3.1361084 4.40543814 25 178 176 27 -1
1.05193996 -2.31334877 4.44805453 127 187 77 27 -1
1.4829092 -1.99991655 4.50225136 30 168 161 27 -1
2.61910152 -2.33293819 4.5789205 25 180 177 13 -1
2.54074287 -2.09786415 4.58749694 27 184 179 13 -1
2.59951115 -2.03909588 4.58712043 26 182 176 13 -1
2.65828037 -3.07733965 4.5455474 27 182 181 13 -1
2.71704865 -2.9402132 4.54726446 24 177 178 -1 -1
2.63869095 -2.80308676 4.56181614 29 182 179 13 -1
2.83458519 -2.80308676 4.55978309 24 174 177 13 -1
2.63869095 -2.66595984 4.56786553 26 180 180 13 -1
2.79540634 -2.70513916 4.56399523 27 179 178 13 -1
2.77581692 -2.56801224 4.56829423 30 186 181 13 -1
2.77581692 -2.47006464 4.5733178 29 185 179 13 -1
2.71704865 -2.41129637 4.57720277 28 180 179 13 -1
2.71704865 -2.31334877 4.58296734 32 186 184 13 -1
2.65828037 -2.21540117 4.5854577 27 180 178 13 -1
2.73663807 -2.19581175 4.58667458 30 186 181 13 -1
2.63869095 -2.07827473 4.58830041 28 184 178 13 -1
0.601381302 -1.82361126 4.43841968 171 194 27 -1 -1
0.797276497 -1.51017904 4.45522568 169 185 21 27 -1
0.542613029 -0.785367012 4.47418398 186 215 41 8 -1
1.7963419 -1.76484251 4.53058853 23 175 174 14 -1
1.7963419 -1.41223145 4.55824386 34 173 151 14 -1
2.14895248 -1.70607376 4.56984711 44 200 165 -1 -1
2.28607941 -1.70607376 4.57995607 55 208 161 13 -1
2.38402653 -1.82361126 4.58587951 39 195 168 13 -1
2.61910152 -1.96073771 4.58876627 29 184 177 13 -1
2.57992172 -1.82361126 4.59100863 36 194 169 -1 -1
2.34484768 -1.72566366 4.58260531 52 203 156 13 -1
2.54074287 -1.78443193 4.58916404 44 197 164 13 -1
2.05100536 -1.60812664 4.56967113 54 208 165 14 -1
2.14895248 -1.56894732 4.57595465 66 204 142 14 -1
2.18813229 -1.54935789 4.57358499 78 206 133 14 -1
2.03141594 -1.41223145 4.56652664 87 199 121 14 -1
2.16854191 -1.39264202 4.57631825 112 206 97 14 -1
1.85511017 -1.31428337 4.56550979 67 194 135 14 -1
1.95305729 -1.1771574 4.58245209 108 197 95 14 -1
1.56126785 -0.961672783 4.54171305 39 166 142 13 -1
1.91387844 -1.00085163 4.58571655 125 185 74 14 -1
1.99223709 -0.82454586 4.60312171 165 183 46 14 -1
2.07059479 -1.23592567 4.58728785 136 193 74 14 -1
2.03141594 -1.11838913 4.59184359 140 192 65 14 -1
2.14895248 -1.09879875 4.58867632 164 190 44 14 -1
2.10977364 -1.02044106 4.59932449 169 182 39 14 -1
2.09018421 -0.90290451 4.59671663 172 182 38 14 -1
2.10977364 -0.844135284 4.5949861 173 179 35 14 -1
0.542613029 -0.648240089 4.47640818 175 196 28 8 -1
0.542613029 -0.00178623199 4.51799743 164 185 23 27 -1
1.4829092 -0.707009315 4.55551116 56 169 124 -1 -1
1.6004467 -0.413166046 4.57983881 77 192 123 14 -1
1.62003613 -0.393576622 4.59046249 76 187 121 14 -1
2.10977364 -0.667829514 4.61731626 180 177 32 14 -1
2.07059479 -0.51111412 4.62225121 181 175 33 14 -1
2.12936306 -0.471935272 4.6187597 182 172 30 14 -1
2.10977364 -0.354397774 4.61781128 179 166 28 14 -1
2.10977364 -0.236861229 4.63621517 183 174 30 14 -1
2.10977364 -0.0997343063 4.63295288 186 175 33 14 -1
1.99223709 0.331234932 4.64924018 184 203 33 14 -1
2.12936306 -0.0213766098 4.6348952 180 172 25 14 -1
2.07059479 0.252877235 4.65402136 178 185 28 14 -1
2.01182652 0.487951279 4.65150705 182 204 30 14 -1
2.6778698 -1.84320068 4.59258684 34 190 168 13 -1
-2.8267827 1.11481571 4.2787536 107 39 17 15 -1
-2.51335049 1.21276283 4.31831525 126 106 40 15 -1
-2.63088751 1.74168015 4.32602671 157 106 17 15 -1
-2.80719328 1.85921669 4.31628304 158 92 14 15 -1
-3.00308847 2.21182823 4.31457831 167 169 29 11 -1
-2.25868702 1.40865803 4.34048887 144 174 60 15 -1
-1.96484423 1.70250034 4.39257108 159 151 24 15 -1
-0.55439949 1.4674263 4.48873001 148 137 38 16 -1
-2.10197067 1.95716476 4.39380533 166 149 13 15 -1
-1.22044277 1.99634361 4.45504728 181 114 39 2 -1
-0.750294685 1.91798496 4.50519617 158 89 22 12 -1
0.0920543671 1.93757439 4.56924178 74 143 98 27 -1
-0.0254831314 2.79951286 4.59857527 127 47 17 26 -1
0.601381302 0.879741669 4.55090354 160 125 27 -1 -1
1.32619381 1.11481571 4.62842645 128 86 27 12 -1
1.11070919 1.3890686 4.63457835 137 68 38 -1 -1
1.03235054 1.60455322 4.6329168 128 39 18 -1 -1
1.18906689 1.54578495 4.64558589 119 24 12 27 -1
1.16947746 1.6633215 4.64170201 133 41 20 27 -1
1.28701401 1.74168015 4.64961161 128 40 19 -1 -1
1.58085728 0.605487823 4.63183606 173 182 33 14 -1
1.44373035 0.801383018 4.61829881 149 127 31 18 -1
1.87469959 0.625077248 4.64495166 181 207 32 14 -1
1.56126785 0.918920517 4.65069755 207 220 79 20 -1
1.42414093 1.11481571 4.64517688 149 122 28 12 -1
1.58085728 1.07563686 4.65122585 208 211 80 -1 -1
1.89428902 1.15399456 4.68618379 213 210 67 20 -1
1.56126785 1.19317341 4.64584662 160 136 27 12 -1
1.44373035 1.34988976 4.65630457 142 84 26 12 -1
0.150822639 2.11388016 4.57139625 111 136 77 -1 -1
1.36537266 1.89839554 4.67318765 127 48 22 -1 -1
1.01276112 2.15305901 4.65342791 153 59 28 12 -1
1.22824574 2.40772343 4.68978661 153 66 23 27 -1
1.07152939 2.50567055 4.68301565 213 143 98 12 -1
1.11070919 2.76033401 4.68789755 178 125 32 -1 -1
1.28701401 3.03458786 4.72135173 187 151 37 12 -1
1.40455151 1.95716476 4.67141842 124 45 24 -1 -1
1.75716305 2.60361862 4.73226494 192 104 102 -1 -1
1.7963419 2.72115517 4.75519005 202 106 102 12 -1
1.87469959 2.70156574 4.74962667 149 102 56 12 -1
1.38496208 3.01499748 4.72725195 184 137 35 12 -1
1.83552074 2.83869267 4.75147241 142 66 29 3 -1
1.73757267 3.01499748 4.7586046 166 84 33 12 -1
1.6788044 3.07376671 4.74607592 180 108 51 12 -1
-0.240967751 0.523982048 4.48147928 67 194 143 -1 -1
1.26742458 -3.30662489 4.42380828 18 163 175 27 -1
1.13029861 -2.92186213 4.430805 47 192 169 27 -1
1.3190136 -2.84226561 4.45042368 19 152 155 -1 -1
0.993171692 -2.49616051 4.4397674 129 192 67 27 -1
1.18906689 -2.36543465 4.46244218 74 166 106 -1 -1
1.11191559 -2.2545805 4.46130696 123 190 92 27 -1
2.6187458 -2.76390743 4.5629825 30 188 183 -1 -1
1.91387844 -2.10696888 4.53552447 26 178 180 13 -1
2.54074287 -2.12788582 4.58699286 28 183 179 13 -1
2.64555836 -2.88144445 4.55958313 32 186 183 -1 -1
0.483844757 -1.72119617 4.43434464 178 204 30 8 -1
0.899346352 -1.90196896 4.46044477 167 185 24 27 -1
0.989118576 -1.62771606 4.48112806 185 213 49 -1 -1
0.652226448 -1.29469395 4.46891859 176 201 29 8 -1
0.596116066 -0.942083359 4.48115302 174 193 25 8 -1
0.777687073 -1.27461338 4.48038469 167 185 22 -1 -1
0.97674942 -0.922493935 4.5139552 163 179 22 18 -1
1.67612839 -1.86279011 4.52734788 19 165 171 14 -1
1.7963419 -1.5009079 4.55478699 30 171 158 14 -1
2.05100536 -1.74388885 4.56443686 39 196 170 -1 -1
2.34484768 -1.89253616 4.58189586 29 186 173 13 -1
1.54167843 -1.09868145 4.55278359 35 166 146 -1 -1
1.91387844 -1.23521519 4.57738331 100 202 110 14 -1
1.93447781 -1.04003048 4.58847976 130 189 72 14 -1
1.74133587 -0.883314133 4.57983751 86 185 110 14 -1
1.9736166 -0.844135284 4.6011622 157 187 53 14 -1
2.00412464 -0.785367012 4.6065378 167 183 43 14 -1
0.687447548 -0.43275547 4.51325438 166 183 22 27 -1
0.71073246 -0.178092003 4.52743161 165 181 19 27 -1
0.986629486 -0.530703545 4.53359476 174 197 36 18 -1
0.362235069 0.0765714645 4.51048817 159 184 30 27 -1
0.584914207 0.0373926163 4.52724666 163 180 19 27 -1
0.647340775 0.390003204 4.54940342 161 146 15 27 -1
0.755070686 0.154929161 4.54713363 173 177 18 27 -1
0.914461136 0.390003204 4.57176319 170 133 25 -1 -1
1.5017395 -0.707009315 4.56824728 58 174 125 -1 -1
1.7963419 -0.633796692 4.59642291 125 183 75 14 -1
1.99102688 -0.43275547 4.62237271 171 176 36 14 -1
1.62003613 -0.139330864 4.60540761 98 197 106 14 -1
2.09018421 -0.672356606 4.61916796 179 176 34 14 -1
2.05100536 -0.275169373 4.63496009 180 169 28 14 -1
1.86416626 0.0178031921 4.63338802 165 189 43 14 -1
1.93346786 0.452542305 4.66006382 184 206 31 14 -1
2.07059479 0.194430351 4.65914855 177 181 26 14 -1
-2.65047693 1.07828999 4.3064033 116 66 26 15 -1
-2.8181448 1.44783688 4.31011284 116 41 14 15 -1
-2.98349857 1.70362473 4.30855374 141 55 19 15 -1
-2.45458221 1.73028564 4.35410776 158 123 9 15 -1
-2.73911762 1.87880611 4.33742172 158 98 13 15 -1
-2.44881248 2.07470131 4.37112847 164 140 12 15 -1
-2.33704472 1.4450655 4.35025108 129 136 37 15 -1
-2.0432024 1.59831142 4.38220603 148 153 28 15 -1
-1.1616745 1.66940498 4.45940951 126 31 16 2 -1
-0.474943161 0.860152245 4.47803579 121 192 86 11 -1
-0.534810066 1.31749249 4.49498455 135 154 50 -1 -1
-0.581991196 1.52619553 4.50105643 139 104 25 16 -1
0.0136966705 1.22375107 4.53639708 46 174 156 -1 -1
-2.31745529 1.85718632 4.37167957 168 147 17 2 -1
-2.10197067 2.01040077 4.39707395 167 149 15 15 -1
-1.80118656 1.99634361 4.42157662 166 140 13 -1 -1
-1.7027607 2.03552246 4.43169677 169 139 16 -1 -1
-1.74936008 2.09478188 4.43064153 169 150 16 26 -1
-1.57801628 2.2705965 4.45342622 169 160 20 -1 -1
-0.762020111 1.83962727 4.5010368 149 65 20 12 -1
-1.00269413 2.40772343 4.50816894 147 156 32 15 -1
-0.103840828 1.82236004 4.5553017 69 175 124 27 -1
0.111643791 1.97327614 4.58058572 81 143 91 27 -1
-0.146417618 2.17264938 4.56855752 68 164 112 27 -1
-1.12413979 2.50567055 4.50270623 136 170 48 15 -1
-0.730705261 2.5651722 4.53849642 143 138 39 15 -1
-0.0487537384 2.66238689 4.60024828 139 75 23 26 -1
-0.0922193527 3.09335613 4.61730369 97 28 17 26 -1
0.625452042 0.66425705 4.56073999 203 173 60 -1 -1
0.311141014 0.899331093 4.54571755 133 180 58 27 -1
0.971580505 0.566308975 4.58501011 168 96 42 -1 -1
1.22717857 0.683846474 4.61204916 147 75 30 -1 -1
1.09111881 0.901388168 4.6111057 144 68 42 12 -1
0.581791878 1.15814686 4.58080036 139 128 41 -1 -1
0.829959869 1.21276283 4.60419617 133 65 21 12 -1
1.32619381 1.18059158 4.64418951 131 86 25 12 -1
1.23121834 1.34988976 4.64436859 120 42 21 27 -1
0.993171692 1.6941967 4.64097501 144 68 36 -1 -1
1.40455151 0.646086693 4.62508336 163 141 36 -1 -1
1.69839382 0.653362274 4.65002928 181 206 36 14 -1
1.52208805 0.935446739 4.6488161 209 205 79 20 -1
1.6004467 1.0170269 4.65929247 193 202 61 20 -1
1.50249863 1.28868771 4.66413784 148 103 24 12 -1
2.43156338 1.34988976 4.74484552 209 222 65 20 -1
0.875635147 1.96936131 4.64434895 124 44 20 -1 -1
1.30979347 1.82003784 4.67352087 126 33 16 27 -1
0.816865921 2.24116516 4.65248072 128 49 24 12 -1
0.976317406 2.30977535 4.66912232 140 55 25 12 -1
1.05193996 2.65237713 4.69190309 171 104 26 12 -1
1.08329296 2.74074459 4.69877067 178 121 28 12 -1
1.64598656 2.76033401 4.74681252 208 116 102 -1 -1
1.62003613 3.03330708 4.75774759 217 150 84 3 -1
1.13029861 3.29334259 4.72923935 205 197 50 -1 -1
1.46331978 3.25196457 4.75512862 188 151 43 -1 -1
1.22824574 -3.33200312 4.43248995 19 166 177 27 -1
2.5603323 -3.31241369 4.54830734 26 180 179 -1 -1
1.03235054 -2.78349686 4.44050521 67 185 129 27 -1
1.20865631 -2.11745358 4.47732815 85 172 104 27 -1
2.59951115 -3.1361084 4.5520483 30 185 182 13 -1
2.57992172 -2.97939205 4.55429051 25 175 178 13 -1
2.54074287 -2.80308676 4.56757616 27 180 179 13 -1
2.50156403 -2.70513916 4.56814527 30 182 179 13 -1
2.57992172 -2.66595984 4.5692919 26 177 179 13 -1
1.93346786 -2.0586853 4.545919 24 178 178 14 -1
2.54074287 -2.54842281 4.57256115 31 185 182 13 -1
2.59951115 -2.50924397 4.57371786 28 182 179 13 -1
2.54074287 -2.39170694 4.57857458 26 180 178 13 -1
2.09018421 -1.98032713 4.5739539 32 187 182 14 -1
2.18813229 -1.99991655 4.57818713 28 185 178 14 -1
2.40361691 -2.21540117 4.5845531 34 185 183 13 -1
2.50156403 -2.27416992 4.58513783 26 179 176 13 -1
2.38402653 -2.11745358 4.58348507 42 197 191 13 -1
2.34484768 -1.98032713 4.58133394 25 184 177 13 -1
2.63869095 -3.39077187 4.53606357 32 188 182 8 -1
0.581791878 -1.47099972 4.4577376 174 197 27 8 -1
0.503434181 -0.82454586 4.48130939 189 215 42 8 -1
1.71798325 -1.86279011 4.54024225 26 176 176 14 -1
1.93346786 -1.88237953 4.56630939 28 182 179 14 -1
1.89428902 -1.80402136 4.56040084 27 188 180 14 -1
1.85511017 -1.66689491 4.5645678 28 184 171 14 -1
1.73757267 -1.56894732 4.55009675 18 164 164 14 -1
1.97264767 -1.64730549 4.56877057 66 221 193 14 -1
1.93346786 -1.51017904 4.56833311 51 194 152 14 -1
1.95305729 -1.49058914 4.57023356 52 195 153 14 -1
2.12936306 -1.96073771 4.57609409 31 192 179 14 -1
2.09018421 -1.82361126 4.57100088 30 186 175 14 -1
2.16854191 -1.88237953 4.57445102 28 188 176 14 -1
2.05100536 -1.78443193 4.56720221 36 194 175 14 -1
2.10977364 -1.72566366 4.57307512 42 200 166 -1 -1
2.34484768 -1.92155838 4.58113459 29 187 174 13 -1
1.6788044 -1.11838913 4.57726981 45 176 145 13 -1
1.7963419 -1.19674683 4.58457147 70 191 128 14 -1
1.95305729 -1.23592567 4.58205351 104 205 108 14 -1
1.54167843 -1.02044106 4.56170935 36 163 141 -1 -1
1.85511017 -0.922493935 4.5939086 110 183 84 14 -1
1.7963419 -0.804956436 4.60747336 107 188 95 14 -1
1.95305729 -0.804956436 4.61680921 154 185 54 14 -1
0.503434181 -0.276040077 4.51620898 178 203 32 -1 -1
0.581791878 0.0178031921 4.54488928 164 180 18 27 -1
0.934403419 0.311645508 4.5757163 169 140 18 -1 -1
1.56126785 -0.491524696 4.59215253 65 185 125 14 -1
1.69839382 -0.628650665 4.60582606 95 191 109 14 -1
1.85511017 -0.51111412 4.61658191 144 187 61 14 -1
1.95305729 -0.43275547 4.63036002 165 180 44 14 -1
1.54167843 -0.295629501 4.60232037 74 194 127 14 -1
1.54167843 -0.158502579 4.60949318 84 196 118 14 -1
1.97264767 -0.256450653 4.64308424 176 184 41 14 -1
2.10977364 -0.628650665 4.62618126 181 177 32 14 -1
1.50249863 -0.0605554581 4.61193426 93 192 106 14 -1
1.54167843 0.0373926163 4.62318145 112 194 91 14 -1
1.6004467 0.0765714645 4.61937999 125 199 80 14 -1
1.91387844 -0.0409660339 4.65229117 166 182 38 14 -1
1.99223709 0.115750313 4.66361159 177 185 30 14 -1
1.58085728 0.292056084 4.64032085 156 194 49 14 -1
1.54167843 0.507540703 4.64857076 169 181 34 14 -1
1.95305729 0.27246666 4.66414243 179 196 32 14 -1
1.89428902 0.468361855 4.66887258 179 204 28 14 -1
2.03141594 0.0765714645 4.65891589 178 182 30 14 -1
-2.86596155 1.05604649 4.28838968 108 38 21 15 -1
-2.76801395 1.36947918 4.31582809 118 49 14 15 -1
-2.74842453 1.72208977 4.3302859 146 72 11 15 -1
-2.72883511 1.82003784 4.34866419 151 79 10 15 -1
-2.61129808 1.89839554 4.36208793 165 122 14 15 -1
-2.25868702 1.36947918 4.3660725 120 162 65 15 -1
-1.9452548 1.70250034 4.41330055 159 151 21 15 -1
-0.299736023 1.15399456 4.50890258 79 159 110 -1 -1
-2.1215601 1.87880611 4.40754709 165 148 15 15 -1
-2.14115 2.11388016 4.39995522 169 150 18 2 -1
-1.65141201 2.30977535 4.46639378 167 163 21 -1 -1
-0.573988914 1.97675419 4.53380912 164 140 35 -1 -1
-0.201787949 2.21182823 4.57662905 75 174 112 27 -1
0.366307259 0.840561867 4.55774254 139 170 44 27 -1
0.758097649 0.585898399 4.58006179 226 171 93 -1 -1
1.30660343 0.723025322 4.631444 144 90 28 -1 -1
1.28701401 0.977688789 4.64950917 175 137 85 6 -1
1.24783516 1.09522629 4.64694673 121 71 25 12 -1
1.01276112 1.3890686 4.63992162 157 81 44 -1 -1
1.22824574 1.19317341 4.65549847 124 65 25 12 -1
1.09111881 1.3890686 4.63568985 148 69 38 -1 -1
0.895224571 1.54578495 4.6399207 131 51 20 -1 -1
1.03235054 1.52619553 4.64983378 121 31 14 -1 -1
0.875635147 1.76126957 4.64843804 141 54 28 -1 -1
1.05193996 1.78085899 4.66142622 168 84 42 12 -1
1.38496208 0.644667625 4.62731603 169 137 42 -1 -1
1.40455151 0.840561867 4.63559446 220 171 103 20 -1
1.89428902 0.566308975 4.66488772 183 209 35 14 -1
1.6004467 0.938509941 4.65711878 176 189 39 20 -1
1.6788044 1.05604649 4.68408732 209 227 68 20 -1
1.7963419 1.09522629 4.68840962 221 231 73 20 -1
1.40455151 1.21276283 4.66500009 141 103 26 12 -1
1.54167843 1.29112148 4.66768023 157 118 25 12 -1
0.209590912 2.07470131 4.60118392 124 150 78 -1 -1
0.797276497 2.07470131 4.66023718 119 38 20 -1 -1
1.20865631 1.80044842 4.66435471 144 55 23 -1 -1
1.24783516 1.83962727 4.67462623 132 42 18 -1 -1
0.836455345 2.13346958 4.66596188 187 90 69 12 -1
0.856044769 2.3489542 4.67600685 135 52 26 12 -1
1.14988804 2.40772343 4.69973852 152 64 22 3 -1
1.03235054 2.68197632 4.70341954 170 99 24 12 -1
1.14988804 2.70156574 4.70919586 173 112 22 3 -1
1.65921497 2.74074459 4.75072904 200 112 102 -1 -1
1.6004467 2.95622921 4.75977392 222 138 98 3 -1
1.62003613 3.01499748 4.768076 230 147 99 3 -1
1.73757267 2.85828209 4.76405913 200 111 82 12 -1
1.09111881 3.28925133 4.74236389 175 151 24 -1 -1
1.40455151 3.05417728 4.75044349 182 131 32 12 -1
0.096247673 0.37041378 4.52192298 111 178 70 27 -1
1.30660343 -3.3018651 4.44690673 26 183 189 27 -1
1.08146667 -3.07733965 4.43884227 26 173 167 27 -1
1.05193996 -2.68658924 4.45513328 95 203 119 27 -1
1.31190777 -2.66595984 4.47788489 30 157 145 13 -1
1.20865631 -2.38526249 4.48272024 69 169 117 -1 -1
0.829620361 -1.98032713 4.4704361 167 184 21 27 -1
2.53944969 -3.19487667 4.55524148 29 184 181 13 -1
1.54167843 -2.44215298 4.50786473 20 169 173 13 -1
1.79010487 -2.03909588 4.54801321 26 177 180 14 -1
2.26648998 -2.14139843 4.58297759 32 188 184 13 -1
0.660150528 -1.87994099 4.46107056 174 197 31 27 -1
0.542613029 -1.48888779 4.47000901 175 195 26 8 -1
0.786842346 -1.70607376 4.48002407 165 178 18 27 -1
0.791641235 -1.47099972 4.49171327 169 189 23 27 -1
0.601381302 -1.10323524 4.49344612 169 193 26 -1 -1
0.547282219 -0.863724709 4.5004182 180 211 41 8 -1
0.943864822 -1.23592567 4.51574292 181 208 36 -1 -1
0.836455345 -0.798441887 4.5277586 177 195 34 27 -1
1.76073265 -1.88237953 4.55307958 24 175 177 14 -1
1.77591801 -1.60812664 4.56751944 23 176 172 14 -1
1.69839382 -1.24435806 4.57849716 43 182 154 27 -1
1.52208805 -0.735367775 4.58817928 56 173 126 13 -1
1.89428902 -0.8083601 4.61583013 138 184 68 14 -1
0.62033844 -0.413166046 4.52816789 173 197 27 27 -1
0.444665909 -0.235476494 4.521995 169 189 23 -1 -1
0.954253197 -0.589471817 4.54765315 177 198 34 18 -1
0.990837097 -0.0997343063 4.5742311 176 204 41 27 -1
0.639671326 -0.0409660339 4.54765804 172 195 24 27 -1
0.660150528 0.320943832 4.56675005 162 156 16 27 -1
0.750458717 0.174518585 4.56727857 167 168 15 27 -1
0.934403419 0.266736031 4.58710397 168 152 24 27 -1
1.3340168 0.429183006 4.62835447 155 124 24 13 -1
1.63962555 -0.509298325 4.60887309 84 195 124 14 -1
1.81593132 -0.631765366 4.61775059 127 191 79 14 -1
1.7963419 -0.461250305 4.62429841 128 188 78 14 -1
1.4829092 -0.350999832 4.60335587 64 184 126 14 -1
1.50249863 -0.18519783 4.61295692 76 192 123 14 -1
1.68199921 -0.33480835 4.6207985 100 192 103 14 -1
1.48640633 -0.0801448822 4.61665419 91 193 109 14 -1
1.65697289 0.0961608887 4.6393974 133 200 73 14 -1
1.99223709 -0.00129890442 4.66278155 175 175 30 14 -1
1.47763062 0.311645508 4.63473214 153 182 46 14 -1
1.58085728 0.410546303 4.6481218 165 192 39 14 -1
1.87469959 0.442940712 4.67427385 176 204 30 14 -1
-2.99760342 1.15399456 4.30057195 109 44 23 15 -1
-3.22422552 1.64373207 4.3051178 142 81 25 15 -1
-2.47901011 1.21276283 4.34680355 117 112 43 15 -1
-2.8267827 1.75309086 4.34363749 143 59 12 15 -1
-3.10605478 2.19223881 4.34134703 165 172 34 11 -1
-2.65047693 1.83436394 4.36229794 161 107 14 15 -1
-2.86596155 2.29558468 4.36640678 163 155 20 15 -1
-2.14783669 1.42824745 4.38487188 128 175 64 15 -1
-1.93325663 1.68291092 4.4150618 160 150 22 15 -1
-0.280146599 0.567002296 4.49985581 55 178 132 27 -1
-0.45645237 0.996199608 4.50570653 113 167 74 -1 -1
-0.575921059 1.44783688 4.51739238 143 136 36 26 -1
-0.633312225 1.56537437 4.51823213 136 90 23 16 -1
0.105701447 1.21276283 4.56316125 43 170 142 27 -1
-2.33704472 1.91520214 4.39241591 172 155 20 15 -1
-1.9284277 1.91798496 4.42675352 175 167 22 15 -1
-2.19664001 2.11388016 4.41370861 171 155 19 15 -1
-1.66735649 2.01593304 4.45331008 169 140 18 -1 -1
-1.72976971 2.10402489 4.45231557 167 143 13 -1 -1
-1.5593996 2.29018593 4.47551555 168 156 17 26 -1
-0.828652382 1.84464455 4.51529052 151 70 25 12 -1
-0.652347565 1.96515942 4.53583515 160 118 28 22 -1
-0.49062252 2.05511189 4.55369185 145 176 58 22 -1
-0.0450725555 1.97279835 4.58703494 58 160 121 27 -1
-0.383031845 2.36854362 4.57774791 114 132 59 -1 -1
-1.044137 2.42589378 4.52516275 148 156 32 15 -1
-0.789473534 2.59418011 4.55456036 137 150 44 15 -1
-0.0646619797 2.60639095 4.61581827 135 85 25 26 -1
-0.0935697556 3.09335613 4.63678102 98 30 18 26 -1
0.604781151 0.625077248 4.57671878 166 132 22 -1 -1
0.292492867 0.899331093 4.56374695 133 180 58 27 -1
1.01276112 0.599681854 4.60965003 151 69 24 -1 -1
1.36537266 0.579474449 4.63819569 181 156 54 -1 -1
1.27073097 0.840561867 4.64281013 164 122 66 20 -1
1.14235878 0.879741669 4.6339458 144 80 54 -1 -1
1.15231705 1.01686764 4.64136373 115 53 23 12 -1
0.581791878 1.17289257 4.60109877 139 128 40 -1 -1
0.856044769 1.21992683 4.62631401 134 62 21 12 -1
0.972496986 1.44783688 4.64700536 145 56 29 -1 -1
1.22218513 1.31071091 4.66132158 135 72 39 27 -1
1.40455151 0.583827019 4.64168421 171 154 42 14 -1
1.73757267 0.813742638 4.68060014 239 250 95 -1 -1
1.73757267 1.11857796 4.69523736 210 223 69 20 -1
1.79283524 1.23235226 4.70532629 219 198 66 -1 -1
0.218986511 2.09429073 4.61497213 134 142 69 -1 -1
0.836455345 2.00182629 4.66221857 122 48 26 -1 -1
0.949380875 2.19223881 4.6808142 128 48 21 12 -1
1.14017773 2.36854362 4.70525077 154 66 24 3 -1
0.964995384 2.74074459 4.70845874 178 114 27 12 -1
1.32619381 3.08244514 4.75510084 188 151 35 12 -1
1.46331978 3.05285835 4.76515854 183 125 36 -1 -1
1.57053757 -0.494215012 4.59503469 65 177 124 14 -1
2.4819746 -3.44954014 4.55576994 28 183 179 8 -1
2.4819746 -3.33200312 4.55628674 34 190 184 -1 -1
1.03235054 -2.84226561 4.46170352 61 182 133 27 -1
0.836455345 -2.03909588 4.47537896 167 185 22 -1 -1
2.54074287 -3.21446609 4.55600269 30 185 181 13 -1
2.4819746 -3.0381608 4.56587284 28 185 181 13 -1
2.38402653 -2.78349686 4.57753433 27 180 179 13 -1
2.38402653 -2.70513916 4.577814 29 184 181 13 -1
2.42320633 -2.60719156 4.57678071 31 186 182 13 -1
1.99223709 -2.137043 4.57195153 26 180 179 14 -1
1.99223709 -1.98032713 4.57586497 27 181 180 14 -1
2.34484768 -2.48965454 4.58932071 34 190 185 13 -1
2.32525826 -2.35252762 4.59533345 40 197 187 13 -1
2.24690056 -2.2545805 4.59026647 36 192 185 13 -1
2.24690056 -2.1566329 4.58658205 35 190 185 13 -1
2.01182652 -2.01950598 4.57670305 29 182 176 14 -1
2.32525826 -2.19581175 4.58630934 36 192 185 13 -1
0.797276497 -1.41223145 4.49618941 175 197 28 27 -1
0.777687073 -0.863724709 4.52769929 166 183 20 27 -1
1.81593132 -1.92155838 4.55876569 29 184 181 -1 -1
1.7963419 -1.70607376 4.57375752 25 177 175 14 -1
1.6004467 -1.07920933 4.59367014 40 173 148 14 -1
1.6004467 -0.942083359 4.59270235 51 178 141 14 -1
1.7963419 -0.765777588 4.61108265 116 189 86 14 -1
0.581791878 -0.315218925 4.5369381 171 189 26 27 -1
0.405486107 -0.0213766098 4.53583841 172 205 33 27 -1
0.953992844 0.0765714645 4.5836133 167 181 23 27 -1
1.6004467 -0.609061241 4.60646618 70 178 122 14 -1
1.54167843 -0.43275547 4.61278008 63 179 124 14 -1
1.71798325 -0.589471817 4.62098667 107 192 101 14 -1
1.97264767 -0.707009315 4.63040486 165 193 54 14 -1
1.71798325 -0.471935272 4.63282737 105 193 102 14 -1
1.46331978 -0.33480835 4.60434275 63 187 126 14 -1
1.6004467 -0.0997343063 4.63902391 99 198 105 14 -1
1.7963419 -0.315218925 4.64437094 130 188 77 14 -1
1.87469959 -0.295629501 4.64399424 157 184 52 14 -1
1.81593132 -0.158502579 4.65865124 147 189 60 14 -1
1.58085728 -0.0801448822 4.62582113 100 199 104 14 -1
1.85511017 -0.0605554581 4.66410474 159 188 48 14 -1
1.83552074 0.213698387 4.67270313 172 204 41 14 -1
1.44373035 0.37041378 4.64427023 160 167 39 14 -1
1.50249863 0.429183006 4.65454345 164 178 40 14 -1
1.6788044 0.507540703 4.66599147 177 200 35 14 -1
1.75716305 0.527130127 4.67383551 175 203 33 14 -1
2.03141594 -0.00178623199 4.66819967 181 179 31 14 -1
-3.21857309 1.64373207 4.30631001 141 76 24 15 -1
-2.96390915 1.76126957 4.34033951 145 60 17 15 -1
-2.78760386 1.80044842 4.35723046 152 79 12 15 -1
-2.86596155 2.32936478 4.38597982 164 155 16 15 -1
-2.1215601 1.52619553 4.40086499 136 157 41 15 -1
-0.515220642 0.958099365 4.51397529 131 168 59 11 -1
-0.769884109 1.70250034 4.52488486 142 64 33 22 -1
-2.0432024 2.03552246 4.43824704 167 154 15 15 -1
-1.72976971 1.97675419 4.45689036 168 138 16 -1 -1
-1.47510624 2.19223881 4.49580126 174 148 20 26 -1
-0.828652382 1.83962727 4.52628198 145 61 22 12 -1
-0.94618988 2.40772343 4.54657391 147 155 31 15 -1
0.111643791 2.21182823 4.62798993 121 135 71 12 -1
0.601381302 0.625077248 4.58223635 168 146 22 27 -1
1.32619381 0.566308975 4.63835809 180 138 47 -1 -1
1.34578323 0.703435898 4.645764 151 105 32 -1 -1
1.18906689 0.997278214 4.66019244 120 67 28 12 -1
1.14988804 1.05604649 4.66156964 111 51 24 12 -1
0.679739952 1.21276283 4.62527882 138 100 29 12 -1
0.836455345 1.42824745 4.63544676 150 78 30 -1 -1
1.11070919 1.19317341 4.65749116 119 51 24 12 -1
1.24783516 1.21276283 4.66251535 128 65 27 12 -1
1.38496208 0.703435898 4.64999531 152 117 27 -1 -1
1.6004467 1.11481571 4.69694504 204 211 78 20 -1
1.87469959 1.07563686 4.72238081 178 182 29 -1 -1
1.65921497 1.21276283 4.70557182 172 148 30 12 -1
0.738508224 2.32936478 4.68800519 128 45 24 12 -1
0.973582268 1.91798496 4.67702024 128 48 20 12 -1
0.914813995 1.99634361 4.68413182 127 48 25 -1 -1
0.895224571 2.15305901 4.68626623 127 51 24 12 -1
1.01276112 2.32936478 4.70692891 143 65 28 12 -1
1.01276112 2.42731285 4.70237474 150 66 22 12 -1
1.09111881 2.93663979 4.74631427 180 148 28 12 -1
1.18906689 3.28925133 4.75495734 172 136 19 3 -1
1.4829092 3.11294556 4.78183141 226 175 86 -1 -1
1.40455151 3.32843018 4.7905707 187 156 35 -1 -1
1.18906689 -3.34302855 4.45468103 21 168 176 27 -1
2.43501377 -3.31241369 4.56044517 28 180 181 -1 -1
1.14988804 -3.01823568 4.46699702 34 185 173 27 -1
1.33628845 -2.88144445 4.48916826 17 159 162 13 -1
0.997802734 -2.29375935 4.4890535 158 211 84 27 -1
0.953992844 -2.18064547 4.49081769 147 183 43 27 -1
1.32619381 -2.06628132 4.52746481 70 180 135 27 -1
2.36339378 -2.78349686 4.579847 27 181 181 13 -1
1.57578754 -1.99991655 4.55154411 26 171 169 -1 -1
2.24690056 -2.31114388 4.59277662 33 186 180 13 -1
0.581791878 -1.84730864 4.47566775 173 195 28 -1 -1
0.522467613 -1.56894732 4.48406793 175 201 30 8 -1
0.998378754 -1.82361126 4.51167674 175 201 41 18 -1
0.965474129 -1.56894732 4.52115055 172 203 42 18 -1
0.562202454 -1.10557079 4.50964387 174 197 29 8 -1
0.483844757 -0.861017227 4.51482749 187 216 42 8 -1
0.993171692 -1.08515549 4.54669917 185 220 56 18 -1
0.93515873 -0.844135284 4.55341612 169 188 28 -1 -1
1.6004467 -1.09578991 4.59702153 40 173 148 14 -1
1.67620087 -0.922493935 4.61168378 65 184 132 14 -1
1.87485313 -0.72659874 4.63771857 138 188 69 14 -1
0.5698843 -0.315218925 4.54823708 171 189 26 27 -1
0.724622726 -0.11932373 4.57059598 162 180 19 27 -1
0.979143143 -0.276040077 4.58437603 181 214 47 18 -1
0.444665909 -0.0671653748 4.5496662 171 197 30 27 -1
0.705258369 0.27246666 4.58778758 163 156 16 27 -1
0.758097649 0.167259216 4.58715886 160 158 12 27 -1
0.895224571 0.359012604 4.60784469 170 127 21 -1 -1
0.957392693 0.507540703 4.62018043 166 99 28 -1 -1
1.61751938 -0.589471817 4.62276241 77 196 130 14 -1
1.54477024 -0.315218925 4.62984157 73 191 127 14 -1
1.62613392 -0.197681427 4.64229603 95 199 113 14 -1
1.4803381 -0.0801448822 4.63573567 90 195 109 14 -1
1.64233685 0.135339737 4.65964294 141 201 64 14 -1
1.42023468 0.252877235 4.64669528 147 180 52 14 -1
1.46877193 0.527130127 4.66392692 164 165 31 14 -1
1.73757267 0.453870773 4.68290966 172 204 35 14 -1
-2.63088751 1.05836678 4.34626622 116 72 30 15 -1
-3.23816252 1.68548775 4.32554558 146 95 27 15 -1
-2.47417164 1.19262028 4.36583082 117 108 43 15 -1
-2.55252934 1.76960087 4.38697652 155 110 8 15 -1
-2.90514088 1.86870575 4.36221927 155 92 20 15 -1
-2.44117355 2.03552246 4.40906646 165 136 13 15 -1
-2.57211924 2.43274784 4.41717892 168 147 18 15 -1
-1.98443365 1.53000069 4.4230251 146 155 35 15 -1
-1.21224689 1.68291092 4.49500458 132 42 23 2 -1
-0.456205368 0.801383018 4.51596216 117 185 83 11 -1
-0.515220642 1.28548622 4.53426728 129 157 52 16 -1
-1.06059265 1.68291092 4.50769906 125 38 20 2 -1
-0.41992569 1.23235226 4.53969278 109 160 73 -1 -1
-0.0181398392 1.60455322 4.59119686 61 186 152 27 -1
-2.27827644 2.07318211 4.42451034 172 157 19 15 -1
-2.04797459 2.07470131 4.44386109 165 147 14 15 -1
-2.05775738 2.15305901 4.44680469 165 151 18 2 -1
-1.68044949 1.99634361 4.47086292 171 143 19 -1 -1
-1.76588726 2.11388016 4.46935494 169 153 17 26 -1
-1.64427185 2.32936478 4.48988185 172 172 26 -1 -1
-1.14208508 2.116786 4.52171089 193 142 42 2 -1
-1.10290623 2.03033161 4.52083916 180 100 35 2 -1
-0.711115837 1.97799301 4.55112151 165 112 23 12 -1
-0.646831512 2.40772343 4.57713683 150 138 25 16 -1
-0.0501832962 1.97675419 4.60638651 58 162 121 27 -1
-0.378093719 2.33864403 4.59631501 109 138 61 -1 -1
-1.12249565 2.45035172 4.53936742 147 163 38 15 -1
-0.750294685 2.57701015 4.57660488 143 140 40 15 -1
-0.0577411652 2.64279747 4.63773515 136 72 20 26 -1
-0.0932226181 3.13253498 4.65828075 97 27 17 26 -1
0.517242432 0.840561867 4.59932751 168 158 42 27 -1
0.96462059 0.683846474 4.62925109 148 63 25 20 -1
1.30660343 0.657426834 4.65660876 153 93 30 -1 -1
1.05193996 0.890834808 4.64649923 150 82 52 12 -1
1.15260506 1.03645706 4.66191789 113 53 24 12 -1
0.7189188 1.22183228 4.63451657 139 95 29 12 -1
0.772155762 1.3890686 4.64700302 139 76 26 12 -1
1.46964836 0.546719551 4.66494091 164 160 30 14 -1
1.71798325 1.00101471 4.70754201 174 183 27 20 -1
1.46331978 1.20950031 4.69623578 148 115 24 12 -1
0.149289131 1.97675419 4.62308369 82 138 91 -1 -1
0.836455345 2.02796745 4.68306321 127 50 26 -1 -1
0.973582268 2.40127277 4.71246659 152 72 30 12 -1
1.07571316 2.87787151 4.74390039 184 145 30 12 -1
1.14988804 3.2693119 4.76890504 176 146 26 -1 -1
1.40455151 3.37790203 4.79543624 184 156 30 -1 -1
2.42320633 -3.50830889 4.55961398 28 183 178 8 -1
2.34484768 -3.33200312 4.57100191 30 180 181 -1 -1
1.34578323 -3.1165185 4.48057525 15 157 169 13 -1
1.13029861 -2.27416992 4.51328813 103 178 89 27 -1
2.42320633 -3.17528725 4.56985015 31 184 182 13 -1
2.40361691 -3.0381608 4.57805251 32 186 183 -1 -1
2.28607941 -2.86185503 4.58304145 29 184 181 -1 -1
2.26648998 -2.66595984 4.59016611 29 184 181 13 -1
2.34484768 -2.76390743 4.5845071 28 182 181 13 -1
1.7963419 -2.21540117 4.57188616 29 180 181 13 -1
1.99223709 -2.19581175 4.58315247 30 182 181 14 -1
2.24690056 -2.56801224 4.59443016 29 182 180 13 -1
2.26648998 -2.45047522 4.59602215 30 183 180 13 -1
2.20772171 -2.41129637 4.59539403 36 187 180 13 -1
2.20772171 -2.29375935 4.59448032 32 186 181 13 -1
2.10977364 -2.21540117 4.59174146 32 187 183 14 -1
0.620970726 -1.90196896 4.49276687 175 197 32 27 -1
0.562202454 -1.07920933 4.51859724 172 190 24 8 -1
0.934403419 -0.844135284 4.55439907 170 188 27 -1 -1
1.62003613 -1.02044106 4.6083647 45 177 146 14 -1
1.58085728 -0.765777588 4.63021555 60 182 135 14 -1
0.973582268 -0.256450653 4.59905901 168 193 33 18 -1
0.895224571 0.135339737 4.61656721 176 186 26 27 -1
0.895224571 0.429183006 4.62353361 175 127 29 -1 -1
1.6004467 -0.707009315 4.62146403 66 178 127 14 -1
1.54167843 -0.393576622 4.62760651 68 189 128 14 -1
1.46331978 -0.138913155 4.64950226 82 194 116 14 -1
1.73757267 -0.295629501 4.64909352 122 192 85 14 -1
1.77675247 -0.138913155 4.65947758 134 191 72 14 -1
1.6004467 -0.00178623199 4.65170454 115 202 89 14 -1
1.73757267 -0.0801448822 4.66832292 136 196 74 14 -1
1.71798325 0.0569820404 4.67357559 143 198 65 14 -1
1.7963419 0.135339737 4.67630598 157 196 47 14 -1
1.6004467 0.252877235 4.66364371 152 200 57 14 -1
1.65921497 0.390003204 4.68233997 166 199 38 14 -1
1.73757267 0.311645508 4.68357157 169 207 42 14 -1
1.71798325 0.44877243 4.68216664 173 203 37 14 -1
-3.25775194 1.56537437 4.33632778 129 56 19 15 -1
-2.86596155 1.23235226 4.33665312 106 38 18 5 -1
-2.88555098 1.82003784 4.37603521 148 63 10 15 -1
-2.78760386 2.36854362 4.41079852 166 155 16 15 -1
-1.92566538 1.68291092 4.44174495 160 149 23 15 -1
-1.00495815 1.54578495 4.50668148 104 27 13 26 -1
-2.31745529 2.05511189 4.4275052 173 160 21 15 -1
-2.0432024 2.11388016 4.45575388 164 145 13 -1 -1
-1.53387547 2.19223881 4.50741668 171 152 21 26 -1
-1.43592739 2.2705965 4.50738086 176 161 24 26 -1
-1.08331585 2.11388016 4.53340011 195 135 41 -1 -1
0.0920543671 2.23141766 4.64588077 118 136 73 12 -1
0.679739952 0.546719551 4.60293728 162 120 18 -1 -1
1.30660343 0.605487823 4.6563302 187 142 61 -1 -1
0.973582268 0.860152245 4.65536981 165 97 63 27 -1
1.18906689 1.05604649 4.67471302 114 57 25 12 -1
0.875635147 1.31071091 4.66314531 128 60 24 12 -1
0.758097649 1.36947918 4.65408383 139 76 25 12 -1
1.44373035 0.546719551 4.67296998 163 150 29 14 -1
1.52208805 1.13440514 4.70145931 189 170 55 12 -1
1.69839382 1.15399456 4.72952516 216 217 82 20 -1
1.44373035 1.17358398 4.70047412 146 120 27 12 -1
0.248770714 2.15305901 4.64311429 134 104 49 27 -1
0.895224571 2.05511189 4.69373392 127 49 25 6 -1
0.953992844 2.40772343 4.71820805 149 64 26 12 -1
0.914813995 2.66238689 4.73866273 165 87 26 12 -1
1.09111881 2.97581863 4.75028882 181 150 29 12 -1
1.26742458 3.13253498 4.78285434 188 156 36 12 -1
1.26742458 3.2304821 4.79157337 183 153 28 -1 -1
1.36537266 3.30884075 4.80180485 187 158 34 -1 -1
-0.123430252 0.519329071 4.54986376 77 197 130 -1 -1
1.29097271 -3.35159302 4.48238941 21 169 179 27 -1
1.13029861 -3.21944904 4.47528504 20 167 175 27 -1
1.01836681 -2.84226561 4.48402675 61 185 136 27 -1
1.34982872 -2.62678099 4.52211922 34 167 157 13 -1
1.12861443 -2.29375935 4.51959274 107 174 82 27 -1
0.836455345 -2.05702686 4.50650421 165 178 22 -1 -1
1.39097023 -2.95980263 4.5095724 14 152 164 13 -1
2.23272991 -2.72472858 4.59132084 30 185 182 13 -1
1.60875225 -1.99991655 4.57389289 25 173 173 -1 -1
2.21824646 -2.58760214 4.59669285 31 184 180 13 -1
0.601381302 -1.8834343 4.49516229 174 193 26 27 -1
0.580254555 -1.43182087 4.51507888 182 208 35 8 -1
0.786536217 -1.66689491 4.52105854 165 181 20 27 -1
0.815792084 -1.49058914 4.53197309 170 190 24 27 -1
0.738508224 -1.24095821 4.53749039 172 196 26 -1 -1
0.464967728 -0.82454586 4.53458802 187 213 41 8 -1
0.959126472 -1.15756798 4.55996176 176 201 31 18 -1
0.856044769 -0.807904243 4.56812287 176 199 31 27 -1
1.6004467 -0.739974976 4.63369605 65 180 127 14 -1
0.542613029 -0.29904747 4.56632021 171 193 28 27 -1
0.85559845 -0.589471817 4.57857394 175 193 32 -1 -1
0.745283127 -0.11932373 4.59191482 160 171 14 27 -1
0.172385216 0.252877235 4.56183133 132 182 55 -1 -1
0.777961731 0.0373926163 4.60217526 159 166 13 27 -1
0.956231117 0.213698387 4.62556324 165 148 15 27 -1
0.92353344 0.390003204 4.63129182 165 126 21 -1 -1
1.32619381 0.378851891 4.66446175 157 132 26 14 -1
1.45289707 -0.00178623199 4.65679063 100 194 99 14 -1
1.46331978 0.354891777 4.67478962 162 175 41 14 -1
-3.01852417 1.15399456 4.33799959 108 44 24 15 -1
-3.29693079 1.56794262 4.33457156 133 71 22 15 -1
-2.90514088 1.22822475 4.35105483 103 34 18 15 -1
-2.89940453 1.52619553 4.36584261 123 46 21 15 -1
-3.07771063 2.05511189 4.37631408 157 140 26 15 -1
-2.57211924 1.79210949 4.40600693 154 109 8 15 -1
-2.86596155 2.38638592 4.40994562 165 161 20 15 -1
-2.19698954 1.34988976 4.41617382 115 169 69 15 -1
-1.97783613 1.78085899 4.4552122 156 135 13 15 -1
-0.515220642 1.00908089 4.5405846 129 165 61 11 -1
-0.405313492 1.05604649 4.5520397 105 172 87 27 -1
-1.06302357 1.48701572 4.51767873 99 22 12 26 -1
-0.809062958 1.68042755 4.54822395 183 121 74 -1 -1
0.0136966705 1.18219185 4.59317076 50 183 157 -1 -1
-2.34215832 1.89839554 4.43035972 164 141 14 2 -1
-1.94886303 1.91798496 4.46422179 173 164 23 15 -1
-1.80812836 1.98343658 4.47914501 172 151 18 -1 -1
-2.04316711 2.19223881 4.46949671 166 156 21 -1 -1
-1.67100143 1.99340057 4.49110189 172 148 19 -1 -1
-1.1616745 2.0210886 4.53506546 180 100 35 2 -1
-1.63182259 2.34242153 4.5111403 170 168 22 -1 -1
-1.14208508 2.15495491 4.54313306 195 143 41 26 -1
-1.10290623 2.01223564 4.53955967 182 100 33 2 -1
-0.632757187 1.98370266 4.57754424 174 150 42 22 -1
-0.494127274 2.09429073 4.59445858 142 164 53 22 -1
-0.470740318 2.15305901 4.59923809 136 179 69 16 -1
-0.182198524 2.237607 4.6274507 82 169 105 27 -1
-0.926600456 2.4204216 4.57391744 148 154 30 15 -1
-0.354990005 2.4664917 4.6239772 123 117 55 26 -1
-0.0289306641 2.81910324 4.66820184 127 48 19 -1 -1
0.57729435 0.644667625 4.61453746 167 136 22 -1 -1
0.521016121 0.723025322 4.61358909 195 188 59 -1 -1
0.758097649 0.619377136 4.62845754 232 161 102 -1 -1
1.03222084 0.723025322 4.65638035 169 95 58 20 -1
0.914813995 0.865949631 4.65341538 145 55 26 27 -1
1.252141 0.958099365 4.68607665 156 107 67 -1 -1
0.591822624 1.25194168 4.64491295 130 131 47 -1 -1
0.777687073 1.35274601 4.66531135 135 76 23 12 -1
1.40598869 1.05604649 4.70365784 206 175 100 -1 -1
1.7306385 1.01686764 4.72895197 178 187 29 20 -1
1.6788044 1.23993874 4.73532427 174 146 27 12 -1
0.22918129 2.19735146 4.659953 155 129 56 27 -1
0.8881073 2.5448494 4.73179527 155 73 25 12 -1
1.00935459 3.30884075 4.77862892 177 157 25 12 -1
1.25008869 3.2696619 4.79689873 184 157 30 3 -1
0.0920543671 0.390003204 4.57636659 107 179 76 27 -1
2.26648998 -3.35159302 4.5808381 32 187 183 -1 -1
2.38402653 -3.46913004 4.56996107 32 186 181 8 -1
1.01276112 -2.80308676 4.48786777 69 192 137 27 -1
1.40455151 -3.01857138 4.51401758 13 153 167 13 -1
2.24690056 -3.07733965 4.58381646 30 187 182 -1 -1
2.22731113 -2.97939205 4.58578977 32 190 183 13 -1
2.18813229 -2.88144445 4.58923612 26 183 181 -1 -1
2.10977364 -2.64637041 4.60307875 28 182 180 14 -1
2.18813229 -2.60719156 4.59889725 28 182 180 13 -1
1.7963419 -2.33293819 4.5855505 28 179 180 13 -1
1.97264767 -2.39170694 4.59733208 31 184 182 14 -1
1.6788044 -2.21540117 4.58472299 24 176 179 13 -1
1.6004467 -2.01950598 4.58024216 26 173 173 -1 -1
1.69839382 -2.17622232 4.57860235 27 179 180 14 -1
2.07059479 -2.54842281 4.60005441 31 188 181 14 -1
2.10977364 -2.48965454 4.59509795 29 186 181 14 -1
2.07059479 -2.39170694 4.59923285 35 189 185 14 -1
0.503434181 -1.80402136 4.50328788 176 205 32 8 -1
0.620970726 -1.29469395 4.52804792 178 200 30 8 -1
0.836455345 -0.82454586 4.57663602 169 187 25 27 -1
0.738508224 -0.295629501 4.60022845 172 185 27 27 -1
0.953992844 -0.0801448822 4.62966475 170 193 27 27 -1
1.36537266 0.174518585 4.67297405 145 178 56 14 -1
1.32619381 0.331234932 4.66715351 157 143 31 14 -1
1.42414093 -0.0409660339 4.66361161 97 193 102 14 -1
1.40455151 0.154929161 4.66879555 137 184 63 14 -1
1.4829092 0.331234932 4.67977096 159 183 47 14 -1
-2.61129808 1.05604649 4.38266472 116 69 29 15 -1
-3.21857309 1.74168015 4.35865397 148 97 25 15 -1
-2.43499231 1.78085899 4.42314881 161 131 11 15 -1
-2.41540289 2.03552246 4.43965839 164 140 12 15 -1
-2.65047693 2.4664917 4.43565379 167 150 15 15 -1
-0.417272568 0.723025322 4.53517964 91 184 105 27 -1
-0.0646619797 1.6633215 4.61408081 85 199 145 27 -1
-2.00402308 1.95716476 4.47072597 166 149 14 15 -1
-1.74936008 1.99634361 4.48619754 168 145 16 -1 -1
-1.39674854 2.19223881 4.53248308 166 130 15 26 -1
-0.750294685 1.99634361 4.57624902 161 106 24 12 -1
-0.417272568 2.23141766 4.62205124 124 183 85 27 -1
-0.632757187 3.1521244 4.64091322 109 39 21 -1 -1
0.64056015 0.840561867 4.63738669 173 125 35 -1 -1
1.05193996 0.742614746 4.66030483 159 89 62 20 -1
1.11070919 0.840561867 4.67140265 159 97 67 20 -1
1.26742458 0.879741669 4.69059156 157 118 67 20 -1
0.679739952 1.25194168 4.65635967 137 100 31 12 -1
1.58085728 0.840561867 4.71124835 238 220 103 -1 -1
1.69839382 1.01686764 4.72824128 175 183 27 20 -1
1.73757267 1.21276283 4.75608383 211 203 76 -1 -1
0.738508224 2.40772343 4.72045711 134 49 24 12 -1
0.738508224 2.56443882 4.73655466 154 64 27 12 -1
0.797276497 2.5448494 4.73119496 162 70 31 12 -1
0.836455345 2.62320805 4.7391926 163 80 26 12 -1
0.816865921 2.76033401 4.75327912 177 103 28 12 -1
0.914813995 2.76033401 4.74734076 177 110 28 12 -1
0.953992844 2.93663979 4.76422337 177 137 24 12 -1
1.05193996 3.03458786 4.77230645 185 161 33 12 -1
1.16947746 3.11294556 4.78306947 189 166 36 12 -1
1.14988804 3.2304821 4.79485352 179 156 27 -1 -1
-0.182198524 0.52649498 4.56487797 72 194 138 8 -1
1.15940952 -3.29282427 4.49378801 16 160 171 27 -1
1.04441833 -3.17528725 4.48980623 24 171 168 27 -1
1.36537266 -2.92369699 4.52875282 14 152 164 13 -1
1.31735611 -2.72472858 4.53428734 34 165 153 13 -1
1.27237606 -2.45047522 4.54369099 45 159 133 -1 -1
0.915914536 -2.1566329 4.52796214 151 176 28 27 -1
1.27345562 -2.11745358 4.55977199 71 175 128 27 -1
2.15600014 -2.95980263 4.59319997 30 185 181 13 -1
1.53252792 -2.41129637 4.56734869 20 164 170 13 -1
1.93346786 -2.43637991 4.59970562 30 184 179 13 -1
2.02358437 -2.54842281 4.60186903 32 188 182 14 -1
0.483844757 -1.67387867 4.51497532 179 201 30 8 -1
0.953992844 -1.90715599 4.54312864 176 212 45 18 -1
0.816865921 -1.56439686 4.54810839 168 185 22 27 -1
0.630030632 -1.27510452 4.54635993 172 195 28 -1 -1
0.51568985 -0.90290451 4.5546607 178 203 33 8 -1
0.973582268 -1.29401493 4.57420948 173 198 28 18 -1
0.958973885 -0.922493935 4.59082592 169 189 26 18 -1
0.7189188 -0.45516777 4.59317121 160 171 15 27 -1
0.856044769 -0.589494705 4.59819963 175 194 31 -1 -1
0.970019341 -0.295629501 4.62185053 173 194 37 18 -1
0.369116783 0.115750313 4.59130411 157 187 32 27 -1
0.673498154 0.527130127 4.63653602 164 124 17 -1 -1
0.874798775 0.194108009 4.63739557 170 165 21 27 -1
0.973582268 0.377075195 4.65444991 166 117 16 -1 -1
-3.00420189 1.11481571 4.35690665 100 34 19 15 -1
-3.35569954 1.58783722 4.35019693 137 81 21 15 -1
-3.10103559 1.67641926 4.37576744 134 51 14 15 -1
-2.82531691 1.40865803 4.3859899 114 40 14 15 -1
-2.98045778 1.78085899 4.39087547 149 70 17 15 -1
-2.92048216 1.85921669 4.39965832 148 73 11 15 -1
-2.51335049 1.78867435 4.43035075 159 117 10 15 -1
-2.80719328 2.41449738 4.43580417 165 152 15 15 -1
-2.16073942 1.37952137 4.44022044 119 171 67 15 -1
-1.14208508 1.4654274 4.52961358 108 30 17 26 -1
-0.543979645 0.977688789 4.55625936 130 165 59 11 -1
-0.495631218 1.03925133 4.56326248 117 159 62 -1 -1
-1.08331585 1.4735527 4.53492311 103 28 16 26 -1
-0.665758133 1.5849638 4.57522509 136 86 22 16 -1
-0.338914871 1.15644646 4.58200803 87 160 100 -1 -1
-2.33704472 1.84374237 4.44775292 166 144 14 2 -1
-1.9452548 1.93470573 4.48491614 172 162 22 15 -1
-1.8803091 1.97675419 4.49237156 169 152 17 -1 -1
-2.14115 2.25554466 4.48392406 162 155 24 2 -1
-1.73800564 1.99634361 4.50522393 171 144 17 -1 -1
-1.22535419 2.03552246 4.55001754 192 128 44 2 -1
-1.69059086 2.34007549 4.52569778 165 166 23 -1 -1
-1.22044277 2.18873978 4.55778567 196 156 40 -1 -1
-0.833792686 1.83962727 4.5733876 151 66 24 12 -1
-0.764209747 1.99634361 4.58673718 157 101 21 12 -1
-1.08116722 2.25100708 4.57243385 168 141 23 12 -1
-0.170828819 1.93757439 4.63358524 66 159 109 27 -1
-0.495631218 2.268857 4.62230423 132 153 48 16 -1
-0.0797319412 2.30977535 4.65908256 102 156 88 -1 -1
-0.866122246 2.50567055 4.60266268 134 148 36 15 -1
-0.260557175 2.56301022 4.65610581 121 94 41 26 -1
-0.0508289337 2.95622921 4.69254259 112 37 20 26 -1
0.581791878 0.68125248 4.63626006 212 203 84 -1 -1
0.676439285 0.703435898 4.64524786 241 173 102 18 -1
1.00468063 0.644667625 4.66990199 153 77 36 -1 -1
1.06724453 0.918920517 4.68830776 144 71 45 12 -1
1.56126785 0.840938568 4.72591638 238 220 103 -1 -1
1.6004467 1.15668106 4.74435686 206 207 82 -1 -1
0.32712841 2.2135725 4.68852015 134 64 25 27 -1
0.748990059 2.62320805 4.74350219 165 75 27 12 -1
1.01171875 3.11294556 4.78900998 184 163 34 12 -1
1.16947746 -3.39077187 4.50003944 21 167 176 27 -1
2.18813229 -3.48871946 4.58408641 28 182 179 8 -1
2.20772171 -3.35159302 4.59003508 30 184 181 13 -1
1.36537266 -3.1361084 4.52922797 13 153 167 13 -1
0.836455345 -2.07827473 4.53044924 167 187 26 -1 -1
1.95305729 -2.64637041 4.60756823 27 184 179 14 -1
2.16854191 -3.21446609 4.59566875 28 181 178 13 -1
2.10977364 -2.99898148 4.59759157 29 186 183 13 -1
2.09018421 -2.90103388 4.59686599 27 182 179 13 -1
2.10977364 -2.76390743 4.60465812 32 187 183 14 -1
2.03141594 -2.62678099 4.60513738 32 188 181 14 -1
1.4829092 -2.41129637 4.58161644 29 177 176 13 -1
1.65921497 -2.31334877 4.59579228 29 180 181 13 -1
1.83552074 -2.50924397 4.59861961 25 175 177 13 -1
1.95305729 -2.52883339 4.6030296 30 186 182 14 -1
1.69839382 -2.39170694 4.59790998 26 178 179 13 -1
1.58085728 -2.27416992 4.59725803 26 177 179 -1 -1
1.6004467 -2.1566329 4.59351516 21 173 176 13 -1
1.56126785 -2.07827473 4.59273548 24 168 169 -1 -1
0.797276497 -1.76484251 4.53767738 165 179 18 27 -1
0.816865921 -1.31428337 4.57699236 177 190 25 -1 -1
0.953992844 -0.51111412 4.62308822 169 188 28 18 -1
0.856044769 0.115750313 4.64425216 175 184 24 -1 -1
-2.84637213 1.01686764 4.36990004 103 30 16 15 -1
-3.39487839 1.64373207 4.35287811 136 83 22 15 -1
-3.04226732 1.74168015 4.39987642 147 68 20 15 -1
-3.1206255 1.89839554 4.39536246 155 114 25 15 -1
-2.68965626 1.87880611 4.421395 159 104 11 15 -1
-2.84637213 2.42731285 4.43631287 163 157 16 26 -1
-1.49469566 0.742614746 4.46925101 156 175 37 11 -1
-1.2400322 1.72208977 4.54427219 138 44 21 2 -1
-0.534810066 1.29112148 4.58677307 130 160 54 16 -1
-2.37622404 1.95716476 4.46148378 168 147 15 15 -1
-2.29786587 2.11388016 4.47927098 171 152 16 15 -1
-1.74936008 2.25100708 4.53350563 167 166 24 -1 -1
-1.1616745 2.21182823 4.56812039 192 152 37 26 -1
-0.828652382 1.87880611 4.57903031 150 63 17 12 -1
-0.671936989 2.30977535 4.61862815 157 150 25 16 -1
-0.103840828 2.29018593 4.66105149 108 198 130 -1 -1
0.0136966705 3.2696619 4.72794079 122 79 58 3 -1
0.542613029 0.703435898 4.63406858 209 212 86 -1 -1
0.738508224 0.703435898 4.66438711 218 159 95 20 -1
0.797276497 0.683846474 4.66785271 194 132 64 20 -1
0.856044769 0.703435898 4.67734232 173 103 53 20 -1
0.914813995 0.801383018 4.6796053 171 96 56 20 -1
1.4829092 1.09522629 4.73975366 204 190 95 -1 -1
0.131233215 2.25100708 4.68840143 125 134 68 12 -1
0.464255333 2.40772343 4.71021374 151 60 22 12 -1
0.601381302 2.50567055 4.73945291 152 59 24 12 -1
0.64056015 2.60361862 4.74507431 156 70 25 12 -1
0.64056015 2.72115517 4.7543544 166 89 25 -1 -1
0.7189188 2.74074459 4.75683593 171 91 26 12 -1
0.738508224 2.89746094 4.76775738 184 130 30 12 -1
0.797276497 2.83869267 4.7595189 179 120 28 12 -1
0.777687073 3.01499748 4.78182477 182 150 29 12 -1
0.875635147 3.07376671 4.78517805 180 150 26 12 -1
0.914813995 3.13253498 4.79274238 179 158 26 12 -1
0.953992844 3.21089268 4.80279515 192 171 36 12 -1
-0.22328186 0.527130127 4.58105894 67 192 141 8 -1
1.28701401 -3.41707993 4.51809242 14 158 171 27 -1
2.16458607 -3.52789831 4.58622994 28 181 181 8 -1
1.36537266 -3.15335417 4.53731483 13 153 167 13 -1
0.976523399 -2.64637041 4.52910929 103 181 86 27 -1
0.958324432 -2.41129637 4.53887342 141 196 70 27 -1
0.883825302 -2.17622232 4.54392485 154 184 32 27 -1
0.935793877 -2.11745358 4.55109686 146 175 34 18 -1
1.83552074 -2.63056946 4.60177184 27 179 177 13 -1
2.03283978 -2.92062378 4.60436128 32 188 183 -1 -1
1.54167843 -2.3687768 4.58974572 30 175 181 13 -1
1.40455151 -2.1093483 4.59072421 46 175 156 27 -1
0.444665909 -1.70771265 4.52966061 173 195 28 8 -1
0.856044769 -1.90119648 4.5548053 182 204 38 27 -1
0.809262276 -1.58853674 4.56590222 170 181 21 27 -1
0.641849518 -1.2555151 4.56787929 174 195 27 -1 -1
0.564435959 -0.883314133 4.57927116 168 186 22 -1 -1
0.953992844 -1.25956631 4.59381325 166 189 27 18 -1
0.904255867 -0.883314133 4.60771636 175 195 32 -1 -1
0.578852654 -0.393576622 4.60399357 170 187 23 27 -1
0.797276497 -0.546399117 4.61493906 169 184 23 -1 -1
0.758256912 -0.138913155 4.63123904 161 172 15 -1 -1
0.32712841 0.159845352 4.60949612 149 182 37 27 -1
0.778597832 0.0178031921 4.64046673 167 175 17 -1 -1
0.960808754 0.213698387 4.66512527 165 150 15 27 -1
-2.74842453 0.987519264 4.39179398 108 41 18 -1 -1
-2.51335049 1.13082886 4.41835253 122 104 41 15 -1
-3.29693079 1.54270935 4.37253879 122 48 14 15 -1
-3.04226732 1.763484 4.40445673 148 75 23 15 -1
-2.88555098 1.46801281 4.40338735 112 33 14 15 -1
-3.25775194 1.8624382 4.39117068 152 126 30 15 -1
-3.15234661 2.15305901 4.4139485 158 161 30 -1 -1
-2.67006683 1.92205143 4.44322631 161 117 14 15 -1
-2.94824505 2.40772343 4.44326135 167 167 21 -1 -1
-1.52093887 0.742614746 4.48278323 159 185 41 11 -1
-2.21950769 1.33529949 4.45276717 114 169 69 15 -1
-1.91159439 1.64373207 4.49335153 155 144 23 15 -1
-1.23582935 1.78085899 4.55650199 151 60 27 2 -1
-0.318686485 0.585898399 4.5758948 57 179 132 27 -1
0.0889406204 1.15399456 4.63729409 49 171 141 27 -1
-1.02857399 1.70250034 4.57008812 122 30 15 -1 -1
-0.378093719 1.19134521 4.59999364 99 160 87 27 -1
-2.35663462 1.82973576 4.46502998 168 142 17 2 -1
-1.80812836 1.81466961 4.51022021 163 133 16 -1 -1
-1.90607548 1.987113 4.51030156 172 162 20 -1 -1
-2.14115 2.2565527 4.50356188 164 155 22 2 -1
-1.71018028 1.98907757 4.52679363 172 145 18 -1 -1
-1.41633797 2.06259632 4.55492034 165 110 14 26 -1
-1.69059086 2.35410213 4.54596072 168 166 23 -1 -1
-1.18126392 2.24910831 4.58355333 189 162 38 26 -1
-1.21239376 2.68197632 4.6017325 122 181 68 15 -1
-0.534810066 2.06991768 4.62906169 155 172 51 22 -1
-0.515220642 2.26861763 4.64024239 138 152 45 16 -1
-0.474941254 2.19223881 4.63994658 137 178 66 16 -1
-0.182198524 2.27066898 4.66821708 93 192 120 27 -1
-0.907218933 2.44690228 4.61599017 140 156 36 15 -1
-0.358504295 2.41974545 4.66061728 113 132 63 -1 -1
-0.0254831314 2.75911617 4.70478889 135 57 22 -1 -1
-0.101295471 3.17171383 4.71825451 93 25 17 26 -1
0.730150223 0.723025322 4.67027386 192 138 56 20 -1
0.871709824 0.683846474 4.68024211 160 82 34 20 -1
0.895224571 0.821650505 4.68882736 157 81 47 -1 -1
0.385896683 2.34782314 4.71947515 153 66 25 -1 -1
0.601381302 2.81944466 4.76015843 171 122 29 -1 -1
0.875635147 3.21737099 4.80222247 180 162 27 12 -1
1.32619381 -3.39077187 4.53272418 13 157 169 -1 -1
2.07059479 -3.50830889 4.58595951 26 179 178 13 -1
2.07059479 -3.41036129 4.59375254 27 183 183 14 -1
2.10977364 -3.33200312 4.59529571 26 178 179 14 -1
1.03235054 -3.19487667 4.52279521 23 170 172 27 -1
1.16947746 -2.33293819 4.56274654 83 167 99 -1 -1
1.34578323 -2.11745358 4.59827506 63 183 145 27 -1
1.83552074 -2.78349686 4.61224911 22 175 177 8 -1
1.99223709 -2.82267618 4.61298229 29 182 179 -1 -1
1.75716305 -2.60719156 4.60156049 23 176 177 13 -1
1.95305729 -2.70513916 4.60919523 28 182 181 14 -1
2.01182652 -3.09692907 4.60572099 29 183 181 -1 -1
2.03141594 -2.82267618 4.61012588 31 184 181 14 -1
1.6788044 -2.52883339 4.59874192 25 176 176 13 -1
1.54167843 -2.29375935 4.59778813 30 179 178 -1 -1
1.46331978 -2.2545805 4.60278907 32 176 171 -1 -1
1.4829092 -2.1566329 4.5983974 28 173 171 -1 -1
0.953992844 -1.68648434 4.58847171 170 188 27 -1 -1
0.777687073 -1.02044106 4.59112763 192 215 42 27 -1
0.934403419 -0.11932373 4.66000585 175 207 44 27 -1
0.875635147 -0.0213766098 4.65256845 171 188 26 18 -1
0.816865921 0.27246666 4.67242915 168 156 18 -1 -1
0.797276497 0.507540703 4.67942091 183 144 40 -1 -1
-3.43405771 1.56537437 4.36270941 132 73 22 -1 -1
-2.96390915 1.25194168 4.39990382 103 37 19 15 -1
-3.0226779 1.80044842 4.42121427 153 82 19 15 -1
-2.96390915 1.83962727 4.43364534 144 60 10 15 -1
-2.88555098 2.50567055 4.47204362 171 165 22 -1 -1
-1.45551682 0.703435898 4.49679142 146 173 42 11 -1
-1.20085335 1.48701572 4.55102423 112 33 20 11 -1
-0.926600456 0.703435898 4.54818159 143 143 46 -1 -1
-0.515220642 1.27153111 4.60315248 125 148 49 16 -1
-2.00402308 1.85921669 4.51032289 159 138 10 15 -1
-1.78853893 2.07470131 4.52525377 168 150 17 -1 -1
-1.33798027 1.80044842 4.56339061 160 77 32 11 -1
-1.2400322 2.21182823 4.58978055 196 156 40 -1 -1
-1.06372643 2.23141766 4.59781352 176 146 30 12 -1
-0.358504295 2.388134 4.67510873 110 128 61 -1 -1
-0.00589370728 2.388134 4.70461888 130 143 64 12 -1
0.0528755188 3.1521244 4.74906174 103 54 32 -1 -1
-0.0254831314 3.28925133 4.7334391 121 79 57 3 -1
0.738508224 0.801383018 4.68296046 178 115 46 -1 -1
0.758097649 0.76220417 4.68452333 186 123 54 20 -1
0.131233215 2.30977535 4.71096436 134 127 56 12 -1
0.32712841 2.388134 4.73131155 164 88 35 12 -1
0.405486107 2.48608112 4.7412424 162 74 24 12 -1
0.503434181 2.52525997 4.74388771 156 68 26 12 -1
0.562202454 2.58402824 4.74607086 156 70 25 12 -1
0.405486107 2.81910324 4.76325551 161 122 33 12 -1
0.503434181 2.81910324 4.76341209 164 119 29 12 -1
0.542613029 2.91705036 4.77514553 168 137 32 12 -1
0.679739952 2.91705036 4.77301505 185 137 34 12 -1
0.64056015 3.11294556 4.7920039 178 160 36 12 -1
0.699329376 3.19130325 4.80215537 177 160 29 12 -1
0.738508224 3.3480196 4.81522396 176 162 26 -1 -1
0.816865921 3.21089268 4.79976244 178 157 26 12 -1
0.836455345 3.28925133 4.80954688 177 158 24 -1 -1
-0.0842514038 0.507209778 4.61132963 75 183 117 27 -1
1.13029861 -3.36160469 4.52722745 15 163 172 27 -1
1.98803139 -3.42995071 4.59574368 23 174 176 13 -1
1.35396481 -3.21446609 4.55301494 16 155 168 13 -1
0.973582268 -2.71387863 4.54521099 93 185 100 27 -1
1.34136486 -2.60719156 4.58111963 40 176 161 13 -1
1.18705082 -2.31334877 4.58231191 85 164 98 27 -1
0.809998512 -2.01950598 4.5648595 164 185 21 27 -1
1.42582321 -3.05775023 4.56655497 17 162 172 13 -1
1.79780293 -2.76390743 4.61180156 23 174 176 13 -1
1.54167843 -2.57381964 4.59948963 27 175 177 13 -1
0.561536789 -1.90196896 4.54970534 172 191 25 27 -1
0.505540848 -1.52976847 4.56288998 175 196 26 8 -1
0.993412018 -1.88237953 4.58679681 176 208 42 -1 -1
0.958945274 -1.58853674 4.59802111 185 213 48 -1 -1
0.56684494 -1.0596199 4.59059659 171 192 24 -1 -1
0.435673714 -0.82454586 4.59090418 187 213 41 8 -1
0.96558857 -1.11838913 4.62115219 181 210 41 18 -1
0.518443108 -0.648240089 4.60629818 168 189 24 -1 -1
0.432560921 -0.217270851 4.61980303 168 185 24 27 -1
0.757370949 -0.354397774 4.64040741 182 204 38 -1 -1
0.385896683 0.0159673691 4.62709628 169 198 31 27 -1
0.775301933 -0.0801448822 4.65507711 171 185 22 -1 -1
0.934403419 0.181782722 4.6809719 171 166 21 27 -1
0.907551765 0.409592628 4.68966294 164 113 16 -1 -1
-2.60569572 1.07563686 4.42756189 114 69 28 15 -1
-3.48664093 1.6633215 4.38203961 142 113 31 -1 -1
-3.00308847 1.22289371 4.40136825 104 39 21 15 -1
-2.39581347 1.26406097 4.45417797 121 128 49 15 -1
-3.21314716 1.89839554 4.41622038 153 124 31 15 -1
-3.08144617 2.03149796 4.43363579 157 137 30 15 -1
-2.67006683 1.91840839 4.4626408 157 111 11 15 -1
-2.96390915 2.42260647 4.46225421 166 168 22 -1 -1
-1.50620556 0.703435898 4.50172468 155 181 39 11 -1
-1.19083881 1.13440514 4.54881677 142 63 26 11 -1
-1.96484423 1.52495956 4.5027805 143 155 34 15 -1
-1.39649487 1.78085899 4.56264263 166 83 34 11 -1
-0.848241806 0.748538017 4.55896632 153 134 38 -1 -1
-0.319325447 0.57619381 4.59496475 59 177 131 27 -1
-0.593578339 1.3535738 4.60933526 138 142 41 -1 -1
-1.02454758 1.71638584 4.59068132 127 34 16 -1 -1
-0.417272568 1.21137047 4.61726508 106 163 81 27 -1
-2.00581694 1.93757439 4.51916326 166 144 12 15 -1
-1.9452548 1.9836731 4.52644623 169 155 17 15 -1
-2.16935921 2.25100708 4.52052372 165 154 22 2 -1
-1.64510345 1.89839554 4.54747616 170 121 16 26 -1
-1.35756969 1.81067944 4.56733281 162 82 32 11 -1
-1.2400322 2.03953171 4.58816025 208 160 70 2 -1
-1.33798027 2.11723042 4.58369218 169 120 16 26 -1
-1.20085335 2.38204288 4.60788608 154 152 26 15 -1
-1.044137 2.02669525 4.60394162 179 103 38 2 -1
-1.05033207 2.21182823 4.61231255 187 144 33 12 -1
-0.123430252 1.93038559 4.67638647 82 199 133 -1 -1
-0.359204292 2.36854362 4.67768956 109 137 65 -1 -1
0.0920543671 2.33301067 4.71375675 138 130 59 12 -1
-0.661372185 2.5448494 4.66086172 146 129 32 16 -1
-0.0750799179 2.58402824 4.71181956 135 89 28 -1 -1
-0.671936989 3.21360397 4.69208884 104 39 21 -1 -1
-0.0646619797 3.25325203 4.74482561 99 34 24 -1 -1
0.894695282 0.860152245 4.71022121 173 99 60 27 -1
0.387942314 2.5448494 4.74869638 163 82 30 12 -1
0.562202454 2.97472954 4.7839246 168 147 32 12 -1
0.64056015 3.26863003 4.80459583 174 165 31 12 -1
1.34578323 -3.39077187 4.55174753 12 155 169 8 -1
1.95305729 -3.48871946 4.59471874 23 174 177 13 -1
1.83552074 -3.27323484 4.60942437 25 178 179 13 -1
1.91387844 -3.29282427 4.6023065 22 175 178 14 -1
1.05193996 -2.90103388 4.55361624 49 179 143 27 -1
1.34578323 -2.56801224 4.6004768 40 176 161 13 -1
1.32619381 -2.35252762 4.60710396 56 181 154 -1 -1
1.36537266 -2.21540117 4.60260553 51 178 156 27 -1
1.85511017 -3.15569782 4.61277398 21 174 176 13 -1
1.83552074 -3.05775023 4.61896826 25 176 177 13 -1
1.95305729 -3.0381608 4.61659822 26 179 179 -1 -1
1.38496208 -2.68554926 4.59932661 34 176 163 13 -1
1.6004467 -2.60719156 4.61366315 31 180 181 13 -1
1.81593132 -2.86185503 4.61567023 22 175 177 13 -1
1.87469959 -2.86185503 4.61610345 24 172 176 8 -1
1.4829092 -2.58760214 4.60754791 31 178 177 13 -1
1.38496208 -2.41129637 4.60648149 42 181 165 -1 -1
0.425075531 -1.72566366 4.56222446 173 195 28 8 -1
0.856044769 -1.60812664 4.59382761 178 199 34 27 -1
0.973582268 -1.07920933 4.62965736 165 190 27 18 -1
0.953992844 -0.471935272 4.6618986 170 186 24 18 -1
0.405486107 -0.0213766098 4.63666849 170 199 31 27 -1
0.816865921 0.331234932 4.68439389 169 140 17 -1 -1
-3.08144617 1.17358398 4.40801023 110 44 24 15 -1
-2.84637213 1.34988976 4.42523453 110 45 20 15 -1
-3.0226779 1.82003784 4.4295411 150 74 16 15 -1
-3.00308847 1.87880611 4.44085678 153 89 17 15 -1
-2.88555098 2.5448494 4.4899075 173 171 24 -1 -1
-1.14208508 1.13440514 4.57043681 137 52 22 11 -1
-0.652347565 0.683846474 4.58808298 131 167 62 16 -1
-0.573988914 1.03645706 4.60938944 135 155 49 11 -1
-1.10290623 1.78085899 4.60147254 154 54 30 2 -1
-1.9452548 1.97675419 4.529614 169 155 18 15 -1
-1.67100143 1.99634361 4.55811962 173 144 18 -1 -1
-1.63182259 2.36854362 4.58698433 163 165 22 -1 -1
-1.14208508 2.36854362 4.62177594 157 149 25 15 -1
-1.02454758 2.17264938 4.62978344 178 135 28 12 -1
-0.338914871 2.30977535 4.69417851 112 171 89 27 -1
-0.887421608 2.50567055 4.64800273 132 148 40 15 -1
-0.0450725555 2.56443882 4.7320761 143 106 38 -1 -1
-0.0646619797 3.01499748 4.73958618 105 32 21 -1 -1
-0.0450725555 3.21089268 4.76391593 118 70 54 6 -1
0.131233215 2.36854362 4.72413454 145 121 49 12 -1
0.190001488 2.4664917 4.74251936 159 103 33 12 -1
0.248770714 2.56443882 4.74955548 166 96 28 12 -1
0.22918129 2.58402824 4.75098017 163 96 28 12 -1
0.287949562 2.64279747 4.75605776 164 99 29 12 -1
0.405486107 2.70156574 4.75974415 164 103 30 12 -1
0.425075531 2.79951286 4.76444862 163 115 31 12 -1
0.385896683 2.89746094 4.77882695 153 133 38 12 -1
0.503434181 2.93663979 4.77802322 166 140 36 12 -1
0.425075531 3.09335613 4.79288985 148 150 43 12 -1
0.542613029 3.07376671 4.79518371 164 158 37 12 -1
0.601381302 3.07376671 4.79705507 172 156 37 12 -1
0.581791878 3.30884075 4.81351204 168 167 38 12 -1
0.7189188 3.3480196 4.81664548 176 163 26 -1 -1
1.14988804 -3.40233088 4.54650111 18 166 175 27 -1
1.36491203 -3.31241369 4.56881759 12 148 164 13 -1
1.35948181 -3.21446609 4.57306618 16 158 168 13 -1
1.05375671 -2.80308676 4.56722807 85 217 156 27 -1
1.00387669 -2.29375935 4.58750905 150 205 85 27 -1
0.965863228 -2.17622232 4.58997083 145 179 45 -1 -1
1.38496208 -3.16248941 4.57769481 20 164 171 13 -1
1.7836237 -2.95980263 4.62079783 24 178 177 13 -1
1.62003613 -2.72152138 4.61854596 26 177 178 13 -1
0.542613029 -1.88552427 4.56850034 173 193 27 -1 -1
0.519659996 -1.49058914 4.58554255 180 199 27 8 -1
0.988841057 -1.88237953 4.60600362 173 204 41 -1 -1
0.953992844 -1.60587978 4.61636323 183 207 44 -1 -1
0.660150528 -1.14288521 4.61399818 174 196 27 27 -1
0.428318977 -0.804956436 4.61081859 184 211 39 8 -1
0.777687073 -1.05444145 4.62808357 184 203 32 27 -1
0.475283623 -0.687419891 4.62039358 169 189 25 -1 -1
0.430317879 -0.178092003 4.64108595 168 185 21 27 -1
0.775765419 -0.354397774 4.66153658 178 198 34 -1 -1
0.395088196 -0.00178623199 4.64660263 172 203 33 27 -1
0.789774895 -0.0213766098 4.67869989 176 200 30 -1 -1
0.925189972 0.252877235 4.70320383 163 140 14 27 -1
-3.01769257 1.11481571 4.41454566 98 32 19 15 -1
-3.42623091 1.48701572 4.39822012 123 53 19 -1 -1
-3.18498945 1.56537437 4.42217618 120 40 13 15 -1
-2.87662792 1.44783688 4.44234434 115 38 15 15 -1
-3.35538435 1.83962727 4.42108174 157 142 41 15 -1
-3.14021492 1.86373901 4.44025063 151 103 20 15 -1
-2.57211924 1.830616 4.48621359 156 109 7 15 -1
-2.45460749 1.97675419 4.5030672 164 133 10 15 -1
-1.39674854 0.726997375 4.53160775 144 164 43 -1 -1
-2.27827644 1.32304955 4.48643848 116 151 60 15 -1
-1.93144512 1.72208977 4.53463123 164 151 22 15 -1
-1.25962162 1.70504284 4.59004882 138 42 19 2 -1
-0.621448517 0.644667625 4.59255235 107 167 80 16 -1
-0.543690681 0.860152245 4.60940808 133 183 72 11 -1
-0.240967751 0.534487724 4.61911065 69 192 142 -1 -1
-0.63686657 1.42824745 4.62888676 134 116 30 -1 -1
-0.848241806 1.75798512 4.62702619 142 61 29 -1 -1
-2.35663462 1.90671253 4.50790501 164 139 12 2 -1
-1.92206621 1.91798496 4.54482257 165 146 15 15 -1
-2.10197067 2.30826092 4.54850317 185 201 60 2 -1
-1.69059086 1.82569313 4.55976705 164 113 15 26 -1
-1.35756969 1.81015491 4.58689706 162 80 32 11 -1
-1.27921104 2.05457497 4.60519247 199 155 55 2 -1
-1.33798027 2.09503746 4.60221598 173 110 16 -1 -1
-1.14288902 2.388134 4.63261999 151 149 27 15 -1
-1.1143446 1.89839554 4.61149366 166 72 30 2 -1
-0.593578339 2.05753708 4.66272676 161 154 40 22 -1
-0.613167763 2.26831532 4.6712079 154 158 37 16 -1
-0.45645237 2.28964329 4.68535013 122 148 55 -1 -1
-0.965779305 2.43860626 4.64986877 142 159 37 15 -1
-0.691526413 2.59096813 4.68014151 151 148 42 16 -1
0.0332860947 2.44293499 4.7337051 141 131 52 12 -1
-0.00694656372 2.89746094 4.75216225 121 49 25 12 -1
-0.00157356262 3.1521244 4.76484013 101 44 27 -1 -1
0.184259415 2.58402824 4.75311743 167 100 30 12 -1
0.394656181 2.99540806 4.7904822 149 143 42 12 -1
0.503434181 3.16888428 4.80791742 159 163 41 12 -1
1.16947746 -3.41036129 4.5509396 18 163 175 27 -1
1.77675247 -3.48871946 4.60328104 22 173 176 13 -1
1.71798325 -3.37118244 4.60891684 24 177 179 13 -1
1.75716305 -3.25364542 4.61428204 26 177 177 8 -1
1.32619381 -2.80308676 4.59047443 31 174 166 13 -1
1.26742458 -2.33293819 4.61722719 72 186 140 -1 -1
1.26742458 -2.21540117 4.61838199 80 190 137 27 -1
1.6788044 -2.92062378 4.6246243 27 177 179 13 -1
1.71798325 -3.07733965 4.62502608 24 175 177 13 -1
1.81593132 -3.05775023 4.62014088 23 174 177 13 -1
1.52208805 -2.82267618 4.62362308 25 177 176 13 -1
1.6788044 -2.84226561 4.62113411 26 178 179 13 -1
1.40455151 -2.70513916 4.60726222 34 177 171 13 -1
1.4829092 -2.66595984 4.61453525 30 180 178 13 -1
1.38496208 -2.56801224 4.60953179 39 179 167 13 -1
0.875635147 -1.72566366 4.61169145 167 186 25 -1 -1
0.7189188 -1.11838913 4.63887442 175 197 27 27 -1
0.914813995 -1.2555151 4.64245649 166 185 22 18 -1
0.758097649 -0.43275547 4.66344583 177 197 31 -1 -1
0.895224571 -0.295629501 4.68406161 186 213 43 18 -1
0.856044769 -0.197681427 4.68981579 168 182 25 18 -1
0.895224571 0.194108009 4.6995168 171 167 22 27 -1
0.914813995 0.350824356 4.70796537 167 132 19 -1 -1
-2.98349857 1.25194168 4.44090188 103 39 21 15 -1
-3.1206255 1.85921669 4.45584199 154 103 21 15 -1
-2.51335049 1.82003784 4.50319633 162 123 12 15 -1
-2.1215601 1.36947918 4.5030211 118 171 64 15 -1
-0.828652382 0.66425705 4.58122216 134 155 56 16 -1
-0.515220642 0.66425705 4.60350552 98 176 95 11 -1
-0.593578339 0.781793594 4.6109644 131 166 58 -1 -1
-0.613167763 0.958099365 4.62681204 138 158 48 11 -1
-0.495631218 0.66425705 4.60570032 95 171 91 27 -1
-0.593578339 1.31071091 4.64078066 133 143 41 16 -1
-0.750294685 1.60455322 4.64488938 144 88 40 26 -1
-1.90607548 1.91798496 4.56310598 169 153 19 -1 -1
-1.18126392 1.83962727 4.60356229 165 64 33 2 -1
-1.33798027 2.19223881 4.61679195 192 157 32 -1 -1
-1.10290623 1.89839554 4.62301689 167 72 29 2 -1
-0.632757187 2.2705965 4.6803941 158 159 34 16 -1
-0.848241806 2.52525997 4.67351566 132 151 40 15 -1
-0.0254831314 2.48608112 4.73145637 138 132 56 12 -1
0.111643791 2.5448494 4.75017219 162 106 32 12 -1
0.0332860947 2.66238689 4.74832611 153 91 27 12 -1
0.111643791 2.76033401 4.75903707 147 84 29 12 -1
0.0136966705 2.89746094 4.75811404 125 54 25 12 -1
0.0332860947 3.01499748 4.76973008 111 55 28 12 -1
-0.0646619797 3.1521244 4.77033477 97 27 18 26 -1
-0.0842514038 3.21089268 4.76730354 92 26 21 26 -1
0.170412064 2.68197632 4.7589007 158 96 28 12 -1
0.22918129 2.79951286 4.77344349 151 105 36 12 -1
0.150822639 2.91705036 4.7754683 128 86 35 12 -1
0.150822639 3.01499748 4.78588773 115 83 38 12 -1
0.346717834 2.99540806 4.79271696 140 135 44 12 -1
0.307538986 3.05417728 4.79905999 132 132 46 12 -1
0.366307259 3.17171383 4.80675914 133 147 48 12 -1
0.425075531 3.2304821 4.80505415 141 156 47 12 -1
0.444665909 3.25007153 4.80890492 146 160 48 12 -1
-0.123430252 0.491674423 4.64648299 67 189 132 -1 -1
1.353055 -3.44954014 4.58083013 16 158 170 8 -1
1.68746567 -3.37118244 4.61258503 24 176 177 13 -1
1.00028896 -2.76390743 4.58422314 81 193 121 27 -1
0.993171692 -2.59449244 4.59176215 104 184 89 27 -1
0.875635147 -2.09343243 4.60598286 150 169 23 18 -1
1.58828163 -2.9402132 4.62497643 24 173 176 13 -1
1.4829092 -2.83481026 4.62121717 25 175 176 13 -1
0.436320305 -1.78443193 4.58404648 175 197 28 8 -1
0.787948608 -1.92155838 4.60689575 186 211 43 27 -1
0.810862541 -1.70607376 4.61916069 172 186 23 27 -1
0.901843071 -1.35346317 4.64370761 176 204 29 18 -1
0.425075531 -0.847400665 4.62809848 189 213 40 8 -1
0.813656807 -1.2555151 4.64102898 177 199 29 -1 -1
0.914813995 -1.16621113 4.65378461 177 201 30 18 -1
0.489419937 -0.667829514 4.64210697 170 189 23 -1 -1
0.43854332 -0.0997343063 4.66512638 165 181 21 27 -1
0.887213707 -0.354397774 4.69045497 191 216 50 18 -1
0.203834534 0.174518585 4.65864843 141 192 54 27 -1
-3.0226779 1.1120348 4.43358424 102 35 20 15 -1
-2.59170866 1.0864563 4.46843106 114 72 28 15 -1
-3.36509657 1.48701572 4.4229269 118 48 15 15 -1
-3.0226779 1.60630798 4.45731767 129 42 19 15 -1
-2.41540289 1.25906181 4.49147701 122 131 51 15 -1
-3.30010605 1.91798496 4.44906081 148 148 37 15 -1
-2.63088751 1.86737156 4.5026486 156 106 7 15 -1
-1.47510624 0.674746513 4.54212918 149 179 42 11 -1
-1.2400322 1.02828026 4.57878202 160 93 31 11 -1
-2.08238125 1.40317822 4.52627316 122 166 56 15 -1
-1.2400322 1.1566534 4.58494609 145 66 28 11 -1
-1.27921104 1.70713615 4.60809899 139 43 19 2 -1
-0.795907021 0.66425705 4.59847904 130 151 53 16 -1
-0.668523788 0.781793594 4.6147856 146 168 57 -1 -1
-0.534810066 1.14099503 4.64322605 129 166 61 26 -1
-0.613167763 1.28142357 4.64340991 151 175 68 -1 -1
-1.00727463 1.70250034 4.63063929 132 48 24 -1 -1
-0.476041794 1.22472286 4.65216569 123 162 68 -1 -1
-1.92566538 1.98710823 4.56742979 166 152 17 -1 -1
-1.77619743 2.13346958 4.58696907 166 150 15 -1 -1
-1.65141201 2.00425339 4.59120989 175 144 22 -1 -1
-1.20159626 1.89839554 4.62377953 182 87 40 2 -1
-1.71018028 2.38468456 4.60455769 167 173 27 -1 -1
-1.295928 2.2705965 4.63375524 178 161 27 -1 -1
-1.28274059 2.76033401 4.65837475 113 184 79 -1 -1
-0.739693642 1.89839554 4.66244388 157 87 22 -1 -1
-1.12249565 2.37609959 4.65333861 150 148 27 15 -1
-0.0641765594 1.91798496 4.71992981 66 178 127 27 -1
-0.111142159 2.388134 4.73857354 116 149 77 -1 -1
-0.661480904 2.5448494 4.70003147 147 130 33 16 -1
-0.1626091 2.51144409 4.74018637 121 107 44 -1 -1
1.75716305 0.881857872 4.82263663 248 248 103 14 -1
0.190001488 3.29628372 4.80738774 104 92 45 -1 -1
-1.27921104 0.468361855 4.55825101 92 189 105 15 -1
1.30660343 -3.50830889 4.59077299 24 174 175 -1 -1
1.62003613 -3.48871946 4.61187704 25 178 178 13 -1
1.6004467 -3.35159302 4.62200105 22 175 177 13 -1
1.62003613 -3.23405552 4.62704822 22 174 177 13 -1
1.07152939 -2.90103388 4.59869588 42 175 147 27 -1
1.62003613 -3.21446609 4.63094334 24 175 176 13 -1
1.65921497 -3.07733965 4.63187322 25 176 178 13 -1
1.52208805 -2.9402132 4.63180474 24 176 177 13 -1
1.58085728 -2.95980263 4.62762482 23 176 176 8 -1
1.50249863 -2.84226561 4.62266108 24 175 176 13 -1
0.581791878 -1.3730526 4.61788295 174 196 28 -1 -1
0.856044769 -1.78443193 4.62191823 172 190 27 -1 -1
0.64056015 -1.23592567 4.6468303 172 191 24 27 -1
0.856044769 -1.1771574 4.66365754 176 202 32 -1 -1
0.914813995 -1.07920933 4.67077955 182 212 43 18 -1
0.797276497 -0.491524696 4.67758964 173 190 26 -1 -1
0.953992844 -0.471935272 4.70010184 166 189 26 -1 -1
0.953992844 -0.197681427 4.71126982 168 188 25 27 -1
-3.45364714 1.48701572 4.42224375 125 57 21 -1 -1
-3.41446781 1.80044842 4.43731751 153 153 47 15 -1
-2.45458221 1.83962727 4.52919786 163 128 12 15 -1
-2.10197067 1.36947918 4.54075649 117 170 63 15 -1
-0.985368729 0.683846474 4.58414982 130 156 63 -1 -1
-0.750294685 0.683846474 4.60653458 133 157 55 16 -1
-0.809062958 0.801383018 4.60530302 154 134 36 -1 -1
-0.652347565 0.997278214 4.63881375 151 154 46 11 -1
-0.397683144 0.585898399 4.63833495 66 180 126 27 -1
-0.534810066 1.21276283 4.65611635 159 195 85 16 -1
-0.632757187 1.34988976 4.64734269 140 129 38 -1 -1
-0.86783123 1.78085899 4.66493022 147 68 32 -1 -1
-0.730705261 1.6633215 4.65225113 135 64 19 16 -1
-2.08238125 2.3489542 4.59105258 180 193 56 2 -1
-1.25962162 1.85921669 4.62872179 176 85 42 2 -1
-1.51428509 2.40772343 4.6409721 176 179 27 -1 -1
-1.22044277 2.5448494 4.67151024 142 167 41 15 -1
-0.769884109 1.82003784 4.6752306 141 57 15 -1 -1
-1.00495815 2.13346958 4.65442424 165 108 15 12 -1
-0.495631218 2.25100708 4.71527152 143 177 62 27 -1
-0.338914871 2.4664917 4.74012516 120 112 49 -1 -1
1.71798325 0.879741669 4.82115608 250 247 104 14 -1
0.209590912 3.17171383 4.80415233 110 100 46 12 -1
0.248770714 3.30884075 4.82244682 111 116 50 12 -1
0.444665909 3.36760902 4.83425541 143 162 47 12 -1
-0.0254831314 0.442875862 4.6719281 78 174 101 27 -1
1.08582115 -3.33200312 4.58369404 20 169 176 27 -1
1.58568764 -3.37118244 4.62365496 24 175 178 13 -1
1.00334072 -2.78349686 4.6031274 75 191 124 27 -1
0.967747688 -2.43088579 4.61707929 136 184 60 27 -1
0.914813995 -2.11049128 4.62803271 150 168 25 18 -1
0.546134949 -1.92155838 4.60624376 172 195 29 27 -1
0.57783699 -1.3730526 4.63523493 174 198 26 -1 -1
0.93366909 -1.35346317 4.66596109 171 190 24 -1 -1
0.738508224 -1.12440205 4.6606236 173 193 28 27 -1
0.777687073 -1.22829247 4.65891465 182 207 32 -1 -1
0.515598297 -0.648240089 4.66482833 168 184 22 -1 -1
0.438141823 -0.0997343063 4.6846822 168 186 23 27 -1
0.390594482 0.0178031921 4.68634595 161 183 27 27 -1
-2.8267827 0.995789528 4.46398969 100 28 14 -1 -1
-2.51335049 1.132658 4.49679806 118 100 41 15 -1
-3.33611012 1.50142002 4.44563433 116 42 13 15 -1
-3.00308847 1.22005177 4.46000007 102 38 21 15 -1
-2.39581347 1.27783108 4.51360744 120 133 51 15 -1
-3.24010611 1.87880611 4.47179139 149 124 28 15 -1
-2.53293991 1.83504295 4.52888458 163 118 12 15 -1
-1.55339241 0.742614746 4.55842435 161 183 36 11 -1
-1.2400322 1.01530266 4.59774831 159 90 28 11 -1
-2.10868597 1.42824745 4.54486446 123 164 55 15 -1
-1.24289608 1.17358398 4.60510875 146 68 27 11 -1
-1.22044277 1.66300869 4.63048886 128 37 16 2 -1
-0.944283485 0.801383018 4.61223272 157 123 35 -1 -1
-0.730705261 0.805624008 4.63031429 153 149 40 -1 -1
-0.681655884 1.03645706 4.64550392 153 151 45 11 -1
-0.632757187 1.1624527 4.65564698 136 144 45 22 -1
-0.835949898 1.56537437 4.6579854 122 58 24 22 -1
-0.871066093 1.78085899 4.66539282 147 66 32 -1 -1
-1.9124155 1.93757439 4.58574987 171 157 20 -1 -1
-1.92648268 2.11388016 4.59303799 163 145 14 26 -1
-1.92566538 2.39267921 4.60649345 154 173 38 -1 -1
-1.74936008 2.07992268 4.60623381 172 156 20 -1 -1
-1.34661293 2.05511189 4.63875512 175 116 24 2 -1
-1.6118536 2.40772343 4.63348398 171 175 26 -1 -1
-1.57305431 2.41738796 4.6371958 176 184 30 -1 -1
-1.12289143 1.83962727 4.64713522 159 60 30 2 -1
-0.896858215 2.01593304 4.67452136 163 97 26 12 -1
-0.985368729 2.10620308 4.67144691 171 108 16 12 -1
-0.613167763 2.2399931 4.7090268 158 163 37 16 -1
-0.240967751 2.34739685 4.74533963 131 213 134 -1 -1
-0.680272102 2.4664917 4.71428546 151 138 31 16 -1
-0.240967751 2.53354454 4.75427785 132 116 58 -1 -1
-1.29880047 0.409592628 4.57076283 88 194 118 11 -1
-0.0842514038 0.409592628 4.6844784 78 179 109 27 -1
1.16947746 -3.52789831 4.59537041 60 225 215 27 -1
1.09111881 -3.37118244 4.60042086 17 165 173 27 -1
1.40455151 -3.42995071 4.61831745 26 174 179 13 -1
1.56126785 -3.41036129 4.62242851 24 176 176 13 -1
1.38496208 -3.25364542 4.61874796 24 171 177 13 -1
1.54167843 -3.25364542 4.63090201 20 170 175 8 -1
0.934403419 -2.66595984 4.62002563 107 194 90 27 -1
0.934403419 -2.137043 4.64051016 148 172 30 18 -1
1.50249863 -3.15569782 4.63344037 20 167 174 13 -1
0.483844757 -1.84320068 4.6050935 169 187 26 8 -1
0.425075531 -0.765777588 4.66215769 179 204 30 -1 -1
0.425075531 -0.217270851 4.6874338 168 185 24 27 -1
0.150822639 0.233287811 4.68275444 128 180 57 27 -1
-3.55159473 1.74168015 4.44380826 150 141 45 -1 -1
-3.55159473 1.80044842 4.45642246 145 154 51 -1 -1
-2.59170866 1.87880611 4.535487 156 106 8 15 -1
-1.43592739 0.860152245 4.5749164 168 167 39 11 -1
-1.25962162 1.54578495 4.62610388 118 34 18 11 -1
-0.985368729 0.625077248 4.60078955 118 155 67 15 -1
-0.711115837 0.625077248 4.62367768 119 161 65 16 -1
-0.848241806 0.879741669 4.64310139 159 123 33 -1 -1
-0.671936989 0.879741669 4.65329405 149 152 44 11 -1
-0.711115837 1.09522629 4.65756332 141 120 34 11 -1
-0.828652382 1.21276283 4.66116188 131 88 29 11 -1
-0.711115837 1.17358398 4.66532552 136 121 35 11 -1
-0.711115837 1.29112148 4.65733176 131 116 35 22 -1
-0.809062958 1.44783688 4.67016097 121 77 25 -1 -1
-0.887421608 1.52619553 4.66020131 108 39 16 22 -1
-0.926600456 1.70250034 4.66912673 134 55 27 -1 -1
-0.789473534 1.50660515 4.65992648 129 80 38 26 -1
-1.92566538 2.13346958 4.6074328 163 146 13 26 -1
-1.29880047 1.85921669 4.63972639 163 78 22 2 -1
-1.35756969 2.03552246 4.65039469 174 111 23 2 -1
-1.33798027 2.29018593 4.65390377 176 167 26 -1 -1
-1.20085335 2.76033401 4.68865341 100 175 80 15 -1
-0.94618988 1.91798496 4.68284159 157 74 23 12 -1
-0.828652382 1.97675419 4.6880435 165 99 21 12 -1
-0.809062958 1.95716476 4.68410301 160 87 21 22 -1
-0.965779305 2.11388016 4.68372733 174 124 26 12 -1
-0.769884109 2.17264938 4.71010145 171 152 26 12 -1
-0.691526413 2.23141766 4.71022888 163 156 28 16 -1
-0.534810066 2.19223881 4.72221639 146 173 57 -1 -1
-0.338914871 2.40772343 4.74227481 111 130 64 -1 -1
-0.691526413 2.4664917 4.72226502 151 141 31 16 -1
-0.201787949 2.4664917 4.76765203 130 141 73 -1 -1
-1.33181286 0.409592628 4.5805708 88 192 116 11 -1
0.111643791 0.286568642 4.69549059 121 181 64 27 -1
1.04497528 -3.29282427 4.60174563 20 166 170 27 -1
1.39998627 -3.46913004 4.62299679 25 173 180 13 -1
0.973582268 -2.81088257 4.61891087 78 197 127 27 -1
0.952198982 -2.45047522 4.63442656 136 182 60 27 -1
0.934403419 -2.15376377 4.64718409 149 172 30 18 -1
0.47185421 -1.72566366 4.62902162 173 193 28 8 -1
0.699329376 -1.19983387 4.67331149 167 188 22 27 -1
0.58749485 -1.00085163 4.67350469 168 186 22 27 -1
0.518206596 -0.550292969 4.68933919 168 190 22 -1 -1
0.385896683 0.0433015823 4.70676648 166 199 34 27 -1
-3.04226732 1.13497257 4.47222473 96 28 17 15 -1
-2.53683949 1.11481571 4.51356456 118 89 37 15 -1
-3.49282598 1.50938416 4.452488 129 65 24 -1 -1
-3.16677332 1.54578495 4.48152864 118 37 12 15 -1
-2.86105108 1.44783688 4.50241649 111 34 14 15 -1
-3.35107517 1.91798496 4.4839732 153 155 40 15 -1
-2.51335049 1.8464756 4.55066273 163 125 13 15 -1
-1.6019659 0.801383018 4.57676971 167 188 36 11 -1
-1.36480141 0.801383018 4.59662197 149 142 34 11 -1
-2.31745529 1.31671524 4.54162306 116 144 57 15 -1
-1.92566538 1.76194382 4.59579696 160 145 17 -1 -1
-1.27921104 1.60514736 4.64238066 127 33 17 -1 -1
-1.06372643 0.611476898 4.61270527 117 165 76 15 -1
-0.808111191 0.585898399 4.63287379 113 165 72 16 -1
-1.04915524 1.05604649 4.6352718 148 71 27 11 -1
-0.730705261 0.86166954 4.65259483 154 145 41 11 -1
-0.436862946 0.529428482 4.66123825 70 192 136 -1 -1
-0.854860306 1.36947918 4.66658563 120 74 27 11 -1
-1.06372643 1.75465393 4.667597 136 49 29 -1 -1
-1.92566538 1.98345661 4.6064333 169 153 18 -1 -1
-1.76894951 2.11252308 4.62574883 169 155 19 -1 -1
-1.74936008 1.79032326 4.61191759 166 121 15 26 -1
-1.41295528 1.82003784 4.64150373 158 74 29 11 -1
-1.28750515 2.01593304 4.66141101 196 141 55 2 -1
-1.46297455 2.388134 4.66459495 178 181 30 -1 -1
-1.55346489 2.42846298 4.65895677 171 182 30 -1 -1
-1.25962162 2.77163696 4.70003155 107 181 82 15 -1
-1.00548553 1.99634361 4.68407732 164 91 20 12 -1
-0.926600456 2.18126488 4.69955986 173 146 25 12 -1
-0.652347565 2.11699581 4.71943067 172 166 39 22 -1
-0.916501045 2.48608112 4.71504156 138 158 38 15 -1
-0.755452156 3.13253498 4.75956309 107 45 21 16 -1
-1.35756969 0.429183006 4.58398459 99 179 93 11 -1
-0.397683144 0.507540703 4.6687407 67 199 149 8 -1
0.0920543671 0.233287811 4.7094628 118 177 62 27 -1
-0.143019676 0.44877243 4.69023136 69 182 125 -1 -1
1.24783516 -3.56707764 4.62108627 25 178 180 -1 -1
1.09111881 -3.48871946 4.6072874 28 175 181 27 -1
1.44373035 -3.52789831 4.63080605 27 180 181 13 -1
0.993171692 -2.97939205 4.62397114 42 183 155 27 -1
0.914813995 -2.74431801 4.63438731 93 181 97 27 -1
0.914813995 -2.41129637 4.65091773 161 209 69 27 -1
0.875635147 -2.17622232 4.64576213 150 171 28 18 -1
0.503434181 -1.88237953 4.62698775 172 194 26 -1 -1
0.777687073 -1.19674683 4.68866576 173 193 29 -1 -1
0.307538986 0.135339737 4.71951843 152 179 32 27 -1
-3.19898319 1.52619553 4.49546234 126 51 17 15 -1
-3.49282598 1.87880611 4.4877922 143 169 54 -1 -1
-1.61223316 0.781793594 4.57923448 167 187 34 11 -1
-1.29880047 0.644667625 4.61228567 126 181 71 26 -1
-1.1616745 0.977688789 4.63036286 151 85 25 26 -1
-1.2400322 1.21276283 4.63665343 141 63 29 11 -1
-1.31839085 1.62414265 4.65531485 129 39 19 2 -1
-1.10290623 0.605487823 4.62082632 110 169 82 15 -1
-0.926600456 0.840561867 4.63924241 157 120 36 -1 -1
-0.86783123 0.899331093 4.64825304 159 116 31 -1 -1
-0.985368729 1.03645706 4.64005295 151 77 28 11 -1
-0.965779305 1.07563686 4.64322688 144 71 29 11 -1
-0.887421608 1.13440514 4.65614022 138 83 29 11 -1
-0.730705261 0.958099365 4.67511984 154 139 39 -1 -1
-1.06372643 1.23235226 4.6532685 127 56 28 11 -1
-0.926600456 1.17358398 4.65381305 131 72 27 11 -1
-0.86783123 1.27153111 4.66295584 124 79 28 11 -1
-1.02454758 1.44783688 4.66658593 109 42 20 26 -1
-0.926600456 1.42824745 4.66913204 113 58 23 11 -1
-1.00495815 1.72208977 4.67292201 138 51 22 -1 -1
-1.76894951 2.25100708 4.65012052 164 157 19 -1 -1
-1.39674854 1.91798496 4.66262197 171 101 24 2 -1
-1.67100143 2.19223881 4.64331724 170 155 18 26 -1
-1.9452548 2.4664917 4.6356053 169 219 80 -1 -1
-1.10290623 1.82003784 4.67499094 174 91 56 2 -1
-1.00495815 1.93757439 4.68851411 160 79 23 12 -1
-0.828652382 2.09429073 4.70503214 173 131 26 12 -1
-0.828652382 2.21182823 4.71168776 175 153 27 12 -1
-0.887421608 2.30977535 4.72708219 167 161 28 -1 -1
-0.809062958 2.30977535 4.71964139 166 160 26 15 -1
-0.828652382 2.44690228 4.73574593 150 154 33 15 -1
-0.730705261 2.52525997 4.74008261 144 135 32 16 -1
-0.711115837 3.25007153 4.77047064 109 39 19 -1 -1
-0.919855118 0.527130127 4.64028764 99 180 91 16 -1
-0.235573769 0.507540703 4.69662595 64 191 142 -1 -1
1.16771221 -3.60625648 4.61655895 71 231 230 27 -1
1.39971733 -3.58666706 4.63691996 26 180 182 13 -1
0.929215431 -2.80308676 4.63516083 91 205 124 27 -1
0.878781319 -2.31334877 4.65445481 167 201 53 27 -1
0.460571289 -1.82361126 4.64296346 173 197 27 8 -1
0.620970726 -1.25343227 4.68376815 172 191 24 27 -1
0.431101799 -0.82454586 4.68846861 176 202 28 8 -1
0.484407425 -0.315218925 4.71738691 172 193 28 27 -1
0.369698524 0.0765714645 4.72659753 159 183 30 27 -1
-2.68965626 1.00022602 4.51485997 115 56 26 -1 -1
-3.07360649 1.17358398 4.49104486 98 29 17 15 -1
-3.59967995 1.6633215 4.47052462 144 117 40 -1 -1
-2.94431973 1.28429699 4.50718311 101 30 18 5 -1
-3.58391047 1.80044842 4.47842903 142 159 56 -1 -1
-2.48820686 1.85921669 4.57296863 164 129 12 15 -1
-1.56173038 0.742614746 4.59690526 162 181 32 11 -1
-1.15341568 0.625077248 4.62544016 115 167 73 -1 -1
-1.28734684 0.997278214 4.63210113 166 114 33 11 -1
-2.14115 1.34568787 4.5773616 116 175 70 15 -1
-1.91535378 1.74168015 4.61527655 159 143 16 -1 -1
-1.40462208 1.60455322 4.65144382 153 73 30 11 -1
-1.2190361 1.6633215 4.66980047 122 25 11 2 -1
-0.769884109 0.566129684 4.65471385 111 175 79 16 -1
-1.06372643 1.08400822 4.65498416 141 63 26 11 -1
-1.06372643 1.40382862 4.67034091 110 45 20 26 -1
-1.78853893 2.03320789 4.63989003 171 153 18 -1 -1
-2.06279182 2.38370705 4.63376308 168 198 63 2 -1
-1.45551682 2.00033474 4.66618776 170 116 18 26 -1
-1.66125965 2.21182823 4.65912094 170 154 21 26 -1
-2.00402308 2.44905472 4.64182021 153 186 58 2 -1
-1.22274685 2.66238689 4.7174618 128 175 60 15 -1
-1.08331585 1.86701202 4.69094174 182 99 52 -1 -1
-1.02454758 2.4420166 4.72347093 146 160 36 15 -1
-0.755905151 3.21089268 4.78287708 110 47 22 -1 -1
-1.45551682 0.409592628 4.59715153 125 197 78 11 -1
-0.299736023 0.213698387 4.69588165 58 204 162 8 -1
-0.299736023 0.429183006 4.70422772 60 198 150 8 -1
0.0724649429 0.233287811 4.70988202 109 182 76 -1 -1
1.05193996 -3.52789831 4.61777547 28 176 179 27 -1
1.40455151 -3.56707764 4.63889084 27 180 180 13 -1
0.993171692 -3.05775023 4.63540639 39 188 168 27 -1
0.777687073 -2.76390743 4.63522145 115 200 92 8 -1
0.777687073 -2.70513916 4.64151851 133 210 83 -1 -1
0.699329376 -2.52883339 4.64821252 165 213 58 8 -1
0.679739952 -2.35252762 4.65358024 163 195 36 8 -1
0.738508224 -2.19581175 4.66306528 159 172 18 -1 -1
0.758097649 -2.58760214 4.64672127 148 201 64 -1 -1
0.836455345 -2.45047522 4.65995819 154 196 49 27 -1
0.758097649 -2.33293819 4.65657858 162 188 32 27 -1
0.797276497 -2.2349906 4.66369721 160 185 26 27 -1
0.797276497 -2.07827473 4.6653657 157 172 16 27 -1
0.503434181 -0.648240089 4.7065576 170 188 22 27 -1
0.150822639 0.154929161 4.71753752 134 189 60 27 -1
-3.53200483 1.56537437 4.4718726 135 82 30 -1 -1
-3.45364714 1.89839554 4.49802908 151 175 55 15 -1
-1.55346489 0.840561867 4.61457307 165 177 34 11 -1
-1.14208508 0.585898399 4.63600676 104 181 92 15 -1
-1.31839085 0.840561867 4.63188619 174 163 52 11 -1
-1.55346489 0.860152245 4.6189813 165 177 34 11 -1
-1.29880047 0.997278214 4.63391375 167 117 34 11 -1
-1.37715912 1.03645706 4.63569223 174 126 33 11 -1
-1.86689663 1.5849638 4.61657323 160 152 28 26 -1
-1.43592739 1.31071091 4.63903984 154 81 30 11 -1
-1.43592739 1.33030033 4.64512077 154 81 31 11 -1
-1.18126392 1.36947918 4.67442639 126 54 28 26 -1
-1.31839085 1.54578495 4.65844075 131 54 27 11 -1
-1.06372643 0.585898399 4.63314265 105 178 92 15 -1
-0.691526413 0.566308975 4.66338723 105 179 90 16 -1
-0.965779305 0.958099365 4.66824849 160 103 38 11 -1
-1.10290623 1.36947918 4.67148017 116 45 26 26 -1
-1.76894951 2.23141766 4.65428015 170 165 23 -1 -1
-1.53387547 2.03552246 4.67409458 167 118 16 26 -1
-2.02361298 2.44690228 4.65755217 149 183 55 2 -1
-1.33798027 2.77992344 4.72167371 109 183 82 -1 -1
-0.94618988 2.32936478 4.72922514 166 163 27 -1 -1
-0.94618988 2.44690228 4.7410392 145 160 36 15 -1
-0.769884109 3.28925133 4.79337544 118 62 27 -1 -1
-1.27921104 0.362610817 4.62189781 72 180 117 15 -1
-0.0953807831 0.154929161 4.71102013 95 199 112 8 -1
-0.51264286 0.527130127 4.6939644 72 188 126 -1 -1
-0.137965202 0.331234932 4.71592117 75 197 126 8 -1
0.986848831 -3.33200312 4.63417862 23 164 167 27 -1
0.904362679 -2.92062378 4.6470271 61 185 137 27 -1
0.746508598 -2.70513916 4.64416054 134 210 81 8 -1
0.659790039 -2.29375935 4.65665476 162 185 27 8 -1
0.831793785 -2.56801224 4.65788388 141 194 63 27 -1
0.467605591 -1.64730549 4.67160829 179 200 29 8 -1
0.601381302 -1.18762302 4.70487871 176 196 26 27 -1
0.503434181 -0.624612808 4.72371384 168 185 20 -1 -1
0.170412064 0.0546207428 4.72845228 143 184 45 27 -1
-3.08144236 1.13440514 4.50809807 101 35 20 15 -1
-2.57681084 1.09522629 4.54845787 121 81 34 -1 -1
-3.14021492 1.27563095 4.50995962 97 26 16 15 -1
-3.25775194 1.51505089 4.51161717 114 35 9 15 -1
-2.88555098 1.45539761 4.53990853 111 33 14 15 -1
-2.53293991 1.88033295 4.58982848 163 121 11 15 -1
-1.57305431 0.732741356 4.61507365 160 180 35 11 -1
-1.2480011 0.703435898 4.64087563 140 176 68 -1 -1
-1.49469566 0.873015404 4.62836831 169 173 35 11 -1
-1.41633797 0.93776226 4.63803631 176 157 40 11 -1
-1.40857601 1.13440514 4.6481282 166 98 32 11 -1
-1.90607548 1.47934437 4.62304704 150 160 39 26 -1
-1.44525909 1.17358398 4.64693883 164 94 32 11 -1
-1.41115952 1.36947918 4.65919945 149 77 29 11 -1
-1.72976971 1.57985115 4.64263103 163 122 23 -1 -1
-1.1010561 0.801383018 4.65787902 153 135 47 -1 -1
-1.00495815 0.9461689 4.67287522 157 98 35 11 -1
-1.79539967 2.03552246 4.65901725 172 154 18 -1 -1
-1.86264515 2.36854362 4.66937897 153 161 29 -1 -1
-1.48121738 1.97675419 4.68249455 170 119 18 26 -1
-1.47175026 2.40772343 4.70398079 180 183 32 -1 -1
-1.65141201 2.41583443 4.68933136 165 171 25 26 -1
-1.20661354 2.77992344 4.74404637 100 177 82 15 -1
-1.49469566 0.350824356 4.61723421 130 193 71 11 -1
-1.12249565 0.527130127 4.65874567 91 181 104 15 -1
-0.280146599 0.213698387 4.69846841 58 204 162 8 -1
0.0332860947 0.135339737 4.73795776 123 205 87 8 -1
-0.201787949 0.252877235 4.71636353 67 199 143 8 -1
-0.143019676 0.292056084 4.73071145 79 198 129 8 -1
1.03235054 -3.54748774 4.62906914 34 194 184 27 -1
0.856044769 -3.27323484 4.64194239 44 179 154 -1 -1
0.953992844 -3.25364542 4.63736617 27 167 163 27 -1
0.679739952 -2.66595984 4.6506743 142 206 70 8 -1
0.895224571 -3.1361084 4.64224388 46 195 164 -1 -1
0.856044769 -3.05775023 4.64052951 55 193 155 -1 -1
0.856044769 -2.9402132 4.64399793 66 193 140 -1 -1
0.816865921 -2.70513916 4.65095305 122 201 83 -1 -1
0.679739952 -2.58760214 4.6522319 152 206 58 8 -1
0.601381302 -2.37211752 4.66168637 172 210 44 8 -1
0.620970726 -2.2545805 4.66657998 170 194 30 8 -1
0.503434181 -1.98032713 4.67452976 173 197 32 27 -1
0.797276497 -2.50924397 4.6614709 156 208 57 27 -1
0.523023605 -1.47099972 4.70033303 172 195 26 -1 -1
0.601381302 -1.23592567 4.70583524 173 192 24 27 -1
0.503434181 -0.491524696 4.7364758 170 189 25 27 -1
0.307538986 -0.0997343063 4.7426557 168 198 33 27 -1
0.170412064 0.0373926163 4.73443237 145 187 49 27 -1
0.405486107 -0.0605554581 4.75892416 169 194 28 27 -1
0.32712841 0.0765714645 4.74636195 159 188 35 27 -1
-3.04226732 1.48701572 4.53894485 109 25 13 15 -1
-1.65141201 0.801383018 4.62482343 168 192 35 11 -1
-1.25962162 0.723025322 4.64359012 143 174 63 -1 -1
-1.67100143 0.918920517 4.62843166 167 184 36 11 -1
-1.59264374 0.977688789 4.62843607 170 161 37 11 -1
-1.63182259 1.07563686 4.63218856 169 155 38 11 -1
-1.45551682 1.01686764 4.64975607 178 137 34 11 -1
-1.31839085 0.918920517 4.65280437 167 136 36 11 -1
-1.27921104 0.958099365 4.65707259 170 128 36 11 -1
-1.80812836 1.50660515 4.65042862 158 139 28 -1 -1
-1.67100143 1.17358398 4.63841866 167 147 36 11 -1
-1.47510624 1.23235226 4.65054769 161 97 29 11 -1
-1.47510624 1.34988976 4.65778029 159 88 32 11 -1
-1.29880047 1.25194168 4.66491592 146 69 30 11 -1
-1.39674854 1.42824745 4.66895157 148 79 32 11 -1
-1.74936008 1.54578495 4.64453294 163 118 23 -1 -1
-1.47510624 1.6633215 4.67831678 161 86 29 11 -1
-1.12249565 0.781793594 4.65753653 152 146 54 -1 -1
-0.985368729 0.918920517 4.6779292 160 105 32 11 -1
-1.49469566 1.87880611 4.69119241 179 119 33 -1 -1
-1.90607548 2.52525997 4.68866852 162 231 93 26 -1
-0.828652382 3.1521244 4.79721064 129 77 34 15 -1
-3.35569954 0.482568741 4.47343122 183 102 101 -1 -1
-1.22044277 0.40060997 4.64823114 61 177 125 15 -1
-0.539664268 0.507540703 4.71035134 76 191 131 -1 -1
-0.0842514038 0.144613266 4.73104583 96 197 113 8 -1
-0.375078201 0.44877243 4.72130643 59 197 151 8 -1
0.987866402 -3.64543533 4.63880321 44 198 185 27 -1
0.603414536 -2.62678099 4.65553455 151 205 61 8 -1
0.561836243 -2.21540117 4.67180732 179 208 38 8 -1
0.455089569 -1.84320068 4.68074379 170 190 26 -1 -1
0.519010544 -1.19674683 4.71713506 177 203 28 27 -1
0.470726013 -0.72659874 4.73566833 171 195 24 27 -1
0.347976685 -0.217270851 4.74984969 166 183 25 27 -1
0.376649857 -0.0605554581 4.75977481 160 180 21 27 -1
-2.86596155 1.00505352 4.53951363 102 26 15 -1 -1
-3.16613674 1.21276283 4.5243605 108 42 23 -1 -1
-3.60526657 1.64373207 4.50829616 143 107 38 -1 -1
-2.94329453 1.31071091 4.54771704 101 29 19 15 -1
-3.59516239 1.85921669 4.51948883 138 164 59 -1 -1
-1.5833149 0.683846474 4.63145642 159 188 37 11 -1
-1.14738083 0.820972443 4.67453138 157 137 46 26 -1
-1.51428509 1.03563023 4.65412622 177 147 34 11 -1
-2.10197067 1.40960789 4.62289021 123 169 56 15 -1
-1.77882099 1.5849638 4.65836004 166 135 24 -1 -1
-1.57305431 1.16940594 4.65563032 176 138 36 11 -1
-1.53444004 1.42824745 4.67129134 161 97 32 11 -1
-1.49469566 1.66404247 4.68594034 163 88 29 11 -1
-1.84607601 1.97675419 4.67154287 167 146 16 26 -1
-1.9452548 2.29120922 4.67834007 161 158 23 26 -1
-1.61621761 1.95716476 4.68984294 177 138 24 -1 -1
-1.67100143 2.37915325 4.70551971 161 164 25 26 -1
-1.85645008 2.76033401 4.7082995 78 174 104 -1 -1
-1.31332588 2.52525997 4.74247513 161 187 46 15 -1
-0.8248806 3.32843018 4.82192695 124 76 31 -1 -1
-0.86783123 -2.2545805 4.55343188 199 187 40 11 -1
-1.45551682 0.331234932 4.63128233 111 186 84 11 -1
-0.691526413 0.194108009 4.69813812 46 198 170 11 -1
-0.632757187 0.527130127 4.71118607 89 190 112 11 -1
0.111643791 -0.0605554581 4.74776295 144 202 63 8 -1
-0.0842514038 0.194108009 4.73467554 96 201 113 8 -1
-0.221378326 0.292056084 4.73092339 67 199 143 8 -1
-0.417272568 0.429183006 4.72749308 57 198 152 8 -1
0.738508224 -3.58666706 4.63881566 77 194 143 8 -1
0.895224571 -3.64543533 4.65030314 58 206 182 -1 -1
0.914813995 -3.62584591 4.6458807 62 211 186 27 -1
0.836455345 -3.52789831 4.64274295 63 197 162 -1 -1
0.895224571 -3.42995071 4.64170911 58 208 180 27 -1
0.797276497 -3.33200312 4.64202707 69 197 157 8 -1
0.738508224 -3.21446609 4.65359671 75 203 147 8 -1
0.503434181 -2.56801224 4.66490573 158 210 61 8 -1
0.542613029 -2.45047522 4.66635699 163 204 46 8 -1
0.542613029 -2.35252762 4.66997579 171 209 46 8 -1
0.523023605 -2.2349906 4.67477895 176 209 39 8 -1
0.464255333 -2.03909588 4.68638603 177 206 33 27 -1
0.425075531 -1.84320068 4.68592374 173 197 27 8 -1
0.444665909 -1.80402136 4.68969472 175 199 29 -1 -1
0.464255333 -1.45141029 4.71817252 177 199 30 8 -1
0.464255333 -1.13797855 4.72868302 167 187 20 -1 -1
0.425075531 -0.883314133 4.73013475 172 194 26 -1 -1
0.405486107 -0.648240089 4.74225156 172 191 26 -1 -1
0.444665909 -0.628650665 4.75161495 173 196 24 -1 -1
0.346717834 -0.295629501 4.75283966 172 200 33 -1 -1
0.190001488 -0.158502579 4.74794617 150 190 45 8 -1
0.346717834 -0.138913155 4.75876823 159 180 25 27 -1
0.22918129 -0.0801448822 4.74807604 160 198 44 -1 -1
-3.08144617 1.27153111 4.54896669 103 38 20 15 -1
-2.96390915 1.44783688 4.55385468 97 19 10 15 -1
-1.76894951 1.07563686 4.64755701 157 181 45 11 -1
-1.67100143 0.742614746 4.63471174 165 193 35 11 -1
-1.69059086 0.879741669 4.63279945 164 187 36 11 -1
-1.74936008 1.15399456 4.64116993 157 172 42 11 -1
-1.80812836 1.29112148 4.65413321 155 165 44 11 -1
-1.78853893 1.42824745 4.65774918 162 150 39 -1 -1
-1.69059086 1.31071091 4.66886263 171 149 37 11 -1
-1.69059086 1.36947918 4.66841911 170 141 33 11 -1
-1.65141201 1.42824745 4.67309572 166 115 29 11 -1
-1.47510624 1.42824745 4.67898167 157 89 31 11 -1
-1.63182259 1.56537437 4.68410653 168 110 28 11 -1
-1.53387547 1.56537437 4.68444231 165 91 30 11 -1
-1.49469566 1.74168015 4.69081647 167 91 27 11 -1
-1.82771778 2.388134 4.70116592 153 166 29 -1 -1
-1.49469566 1.95716476 4.70057781 170 112 20 26 -1
-1.63182259 2.44690228 4.71564768 170 185 37 -1 -1
-0.94618988 3.19130325 4.81445405 118 103 49 -1 -1
-0.711115837 -2.3187685 4.57987874 254 220 101 0 -1
-0.632757187 -2.264956 4.58902179 254 220 102 0 -1
-1.49469566 0.472364426 4.64830917 141 193 60 11 -1
-0.548291206 0.0569820404 4.70758423 37 195 180 8 -1
-0.809062958 0.449259758 4.70459181 88 194 113 11 -1
-0.294874191 0.115750313 4.7316188 54 201 164 8 -1
-0.119602203 0.115750313 4.74629024 94 204 121 8 -1
0.699329376 -3.59422207 4.63669924 78 188 134 8 -1
0.751552582 -3.44954014 4.64801784 79 194 146 8 -1
0.476669312 -2.09786415 4.68991145 182 212 34 -1 -1
0.421272278 -1.68648434 4.70502749 175 197 30 8 -1
0.439336777 -1.07920933 4.73569902 170 192 26 -1 -1
0.44760704 -0.746188164 4.75238192 170 188 21 -1 -1
0.484445572 -0.628650665 4.76110933 168 186 20 27 -1
-3.08319569 1.07563686 4.54430829 98 33 19 -1 -1
-2.63307524 1.05604649 4.58104572 114 60 25 -1 -1
-3.06185675 1.15622902 4.54996428 98 34 19 15 -1
-3.62406111 1.72208977 4.53007483 148 131 47 -1 -1
-3.00308847 1.43393326 4.56821805 102 28 16 15 -1
-2.55252934 1.98547173 4.63241599 164 131 13 15 -1
-1.49469566 0.553924561 4.65222543 148 191 52 -1 -1
-2.16073942 1.35205173 4.63479663 116 177 70 -1 -1
-1.84730721 1.43519592 4.66502532 151 158 40 -1 -1
-1.64158249 1.62414265 4.69131848 165 103 23 11 -1
-1.77979755 2.07470131 4.70138335 171 158 19 -1 -1
-1.84730721 2.35056877 4.70897862 155 161 26 -1 -1
-1.59583855 1.95716476 4.71113822 175 131 23 -1 -1
-1.96484423 2.5269165 4.70760763 170 233 102 -1 -1
-1.63182259 2.46217251 4.73237498 171 188 36 -1 -1
-1.25962162 2.66238689 4.77314435 123 170 57 15 -1
-0.854865074 3.3480196 4.83994709 124 84 35 -1 -1
-0.652347565 -2.31334877 4.59109217 254 220 102 0 -1
-0.45645237 -2.31334877 4.61900744 239 221 89 -1 -1
-3.25775194 0.507540703 4.51879413 182 102 102 2 -1
-1.53387547 0.527130127 4.65935509 149 195 50 11 -1
-0.0450725555 -0.0997343063 4.75965521 98 201 112 8 -1
-1.044137 0.44877243 4.70408765 76 190 124 11 -1
-0.593578339 0.331234932 4.73104506 56 202 157 8 -1
-0.691526413 0.468361855 4.72907005 91 192 120 11 -1
-0.652347565 0.507540703 4.7266558 92 191 110 11 -1
-0.0450725555 -0.00178623199 4.75473579 102 207 110 8 -1
-0.00589370728 0.0373926163 4.75597029 115 205 97 8 -1
-0.417272568 0.252877235 4.73891344 46 202 172 8 -1
-0.397683144 0.350824356 4.73575582 49 198 162 8 -1
0.679739952 -3.58666706 4.64270545 80 190 131 8 -1
0.601381302 -3.41036129 4.64699805 99 196 113 8 -1
0.562202454 -3.23405552 4.65593782 100 201 111 8 -1
0.64056015 -3.25364542 4.65352153 90 201 128 8 -1
0.425075531 -2.45047522 4.68014082 165 209 50 8 -1
0.464255333 -2.47006464 4.67547316 161 209 51 8 -1
0.32712841 -2.17622232 4.69293373 177 210 37 8 -1
0.385896683 -2.0586853 4.69377312 179 209 35 -1 -1
0.268360138 -1.92155838 4.69871289 177 204 29 8 -1
0.287949562 -1.80402136 4.70767583 174 202 31 8 -1
0.385896683 -1.64730549 4.71316673 175 194 25 8 -1
0.385896683 -1.49058914 4.72269542 182 211 35 8 -1
0.464255333 -1.43182087 4.72232606 178 201 30 8 -1
0.346717834 -1.13797855 4.73726266 173 205 32 8 -1
0.464255333 -1.31428337 4.73880549 182 209 36 8 -1
0.385896683 -0.961672783 4.73948158 178 208 36 8 -1
0.385896683 -0.863724709 4.751755 173 196 29 8 -1
0.464255333 -0.961672783 4.74370422 170 189 24 -1 -1
0.366307259 -0.530703545 4.7578251 183 207 39 8 -1
0.268360138 -0.373987198 4.76749961 168 202 38 8 -1
0.307538986 -0.354397774 4.77104646 172 201 34 8 -1
-3.35569954 0.546719551 4.50806671 182 102 102 2 -1
-3.1206255 1.4674263 4.56638203 106 28 12 15 -1
-1.90607548 0.683846474 4.64318889 166 206 42 11 -1
-1.84730721 0.723025322 4.64694816 162 198 41 11 -1
-1.84730721 0.840561867 4.65202541 160 201 46 11 -1
-1.88648605 0.958099365 4.6523917 147 199 58 11 -1
-1.84730721 1.05604649 4.6528098 149 194 58 11 -1
-1.72976971 0.644667625 4.65253417 167 198 34 11 -1
-1.55346489 0.625077248 4.66060551 169 207 54 11 -1
-1.86689663 1.25194168 4.67026277 143 182 57 11 -1
-1.88648605 1.40865803 4.67959175 147 168 45 -1 -1
-1.63182259 1.64373207 4.69470876 166 106 24 11 -1
-1.84730721 2.03552246 4.7090498 171 155 19 26 -1
-1.69059086 1.80044842 4.70383667 168 120 17 -1 -1
-1.53387547 1.93757439 4.72204474 177 126 23 -1 -1
-1.59264374 2.48608112 4.73895497 164 179 32 -1 -1
-1.41633797 2.50567055 4.76836264 172 186 37 -1 -1
-1.27921104 2.74074459 4.78784128 111 176 70 15 -1
-0.887421608 3.2304821 4.83277975 117 81 34 -1 -1
-0.593578339 -2.30423975 4.61000447 254 220 102 0 -1
-0.515220642 -2.23465157 4.61990494 254 220 102 0 -1
-3.25263739 0.468361855 4.5205549 169 102 102 2 -1
-1.34834003 0.311645508 4.67243234 79 184 114 15 -1
-0.259076118 -0.11932373 4.74291726 50 196 165 8 -1
0.0920543671 -0.105265617 4.77298427 138 202 69 8 -1
-0.828652382 0.411239624 4.72071587 86 194 121 11 -1
-0.632757187 0.424758911 4.73776277 80 200 139 11 -1
-0.0545825958 -0.0801448822 4.76191599 93 201 119 8 -1
0.360431671 -2.48965454 4.68095848 156 207 53 8 -1
0.488378525 -2.07827473 4.71142164 184 215 36 27 -1
0.320320129 -1.54935789 4.72275093 183 212 37 8 -1
0.335134506 -1.09879875 4.7456254 170 197 30 8 -1
0.299435616 -0.707009315 4.76144965 173 207 37 8 -1
0.219799995 -0.354397774 4.7717149 162 201 42 8 -1
-3.1301403 1.09522629 4.56090876 100 44 22 15 -1
-2.58573818 1.09522629 4.60647887 121 83 34 -1 -1
-3.14856958 1.27153111 4.5678317 105 39 20 15 -1
-3.00640011 1.23235226 4.577851 101 37 22 15 -1
-2.55252934 1.912673 4.64850986 163 124 11 15 -1
-1.95901299 0.801383018 4.64483055 152 202 51 11 -1
-1.61223316 0.608690262 4.66460586 172 206 46 11 -1
-1.88648605 1.23058891 4.67151064 140 189 61 11 -1
-1.86689663 1.66869926 4.69418708 158 148 22 -1 -1
-1.84730721 1.78699493 4.70150702 170 148 20 26 -1
-1.87086391 2.30977535 4.72463742 161 165 27 -1 -1
-1.76216698 2.23141766 4.7299736 167 157 19 26 -1
-1.86689663 2.74522591 4.74587846 85 175 96 26 -1
-1.47510624 2.50060844 4.76692819 171 188 37 -1 -1
-1.30296707 2.83869267 4.79757112 92 178 91 15 -1
-3.26501846 0.527130127 4.52234038 182 102 102 2 -1
0.111643791 -2.68554926 4.66855023 127 206 90 8 -1
-0.476041794 -2.31334877 4.62084477 253 224 103 -1 -1
-3.14021492 0.468361855 4.53818608 178 101 102 2 -1
-1.78853893 0.44877243 4.65330328 166 203 36 -1 -1
-1.61223316 0.311645508 4.66930175 146 198 55 11 -1
-1.72976971 0.409592628 4.66179352 164 200 38 22 -1
-1.72976971 0.507540703 4.65709822 169 205 40 11 -1
-1.1616745 0.409592628 4.69579233 63 187 133 15 -1
0.111643791 -0.609061241 4.76395361 144 205 64 8 -1
0.0920543671 -0.452344894 4.76400618 142 207 73 8 -1
-0.0254831314 -0.354397774 4.75566436 103 203 108 8 -1
0.111643791 -0.256450653 4.77643786 144 203 63 8 -1
-0.0450725555 -0.11932373 4.76591102 98 200 113 8 -1
0.111643791 -0.138913155 4.77416518 144 203 64 8 -1
-0.86783123 0.350824356 4.72248617 71 199 139 11 -1
-0.907011032 0.409592628 4.72484653 74 195 127 11 -1
-0.671936989 0.292056084 4.73874656 59 204 161 11 -1
-0.652347565 0.292056084 4.73874886 55 202 160 11 -1
-0.769884109 0.409592628 4.72808428 87 200 128 11 -1
-0.358504295 0.0373926163 4.74601524 44 199 174 8 -1
-0.240967751 0.0373926163 4.75510805 57 199 161 8 -1
-0.495631218 0.174518585 4.74289403 39 200 176 8 -1
-0.182198524 -0.0213766098 4.76670984 66 204 148 8 -1
-0.0646619797 0.0178031921 4.76626275 94 202 115 8 -1
0.190001488 -3.50830889 4.63582998 64 202 150 8 -1
0.268360138 -3.41036129 4.63864746 72 201 138 8 -1
0.170412064 -3.25364542 4.64445282 56 204 156 8 -1
0.150822639 -2.88144445 4.65741195 85 206 130 8 -1
0.248770714 -2.76390743 4.66392944 115 206 96 8 -1
0.22918129 -2.66595984 4.6749331 134 209 79 8 -1
0.248770714 -2.56801224 4.68291441 146 207 67 8 -1
0.307538986 -2.52883339 4.6802688 152 206 58 8 -1
0.22918129 -2.37211752 4.69071616 167 204 45 8 -1
0.346717834 -2.39170694 4.69025288 168 208 48 8 -1
0.268360138 -2.27416992 4.69225009 175 207 40 8 -1
0.287949562 -2.2349906 4.69025888 175 203 35 8 -1
0.150822639 -1.98032713 4.70621109 190 223 45 -1 -1
0.287949562 -1.98032713 4.70411589 196 231 52 8 -1
0.190001488 -1.84320068 4.71127707 178 209 32 8 -1
0.248770714 -1.74525309 4.71465778 180 207 34 8 -1
0.209590912 -1.64730549 4.72468248 181 214 38 8 -1
0.307538986 -1.62771606 4.71862236 180 209 34 8 -1
0.22918129 -1.35346317 4.74064914 177 216 45 8 -1
0.268360138 -1.29469395 4.74473261 184 217 47 8 -1
0.385896683 -1.29469395 4.74300695 191 217 38 8 -1
0.268360138 -1.07920933 4.75786231 175 213 44 8 -1
0.268360138 -0.981262207 4.76395207 178 213 45 8 -1
0.346717834 -1.02044106 4.75170789 179 210 37 8 -1
0.268360138 -0.804956436 4.7581412 170 205 43 8 -1
0.287949562 -0.785367012 4.75871697 176 208 43 8 -1
0.190001488 -0.628650665 4.77415445 155 202 49 8 -1
0.150822639 -0.530703545 4.77431441 149 206 62 8 -1
0.190001488 -0.43275547 4.78100487 156 202 51 8 -1
0.131233215 -0.354397774 4.77723499 144 205 64 8 -1
-3.21857309 0.585898399 4.54656522 177 102 102 2 -1
-2.65047693 0.723025322 4.59146865 122 84 33 11 -1
-3.15980434 1.42824745 4.59354319 101 24 11 15 -1
-2.10197067 0.625077248 4.63486878 161 201 42 11 -1
-2.00402308 0.605487823 4.6474924 161 198 38 11 -1
-1.92566538 0.625077248 4.64213465 165 203 40 11 -1
-1.80812836 0.605487823 4.65681383 166 199 35 11 -1
-1.9452548 0.703435898 4.64329707 165 208 47 11 -1
-2.08238125 0.958099365 4.65721417 122 198 76 11 -1
-1.96484423 0.899331093 4.6599375 145 203 60 11 -1
-1.92566538 0.997278214 4.66020778 140 199 64 11 -1
-2.06279182 1.09522629 4.65886466 110 195 86 11 -1
-1.69059086 0.566308975 4.66101475 177 210 44 11 -1
-2.18032885 1.33030033 4.66052048 117 177 72 -1 -1
-2.00402308 1.27153111 4.67472343 122 186 73 11 -1
-2.02361298 1.33030033 4.67787201 124 182 68 11 -1
-1.88648605 1.70250034 4.70096526 159 147 20 -1 -1
-1.67100143 1.72208977 4.71474205 169 116 22 11 -1
-1.92566538 2.2705965 4.72348566 159 158 23 26 -1
-1.71018028 2.21182823 4.73759508 174 164 22 26 -1
-1.88648605 2.85828209 4.76156247 70 191 127 12 -1
-1.51428509 2.52525997 4.77477726 170 190 39 -1 -1
-1.35756969 2.60361862 4.78725385 149 177 46 15 -1
-1.31839085 2.77992344 4.80598942 108 178 79 15 -1
-1.12249565 3.21089268 4.84293501 108 172 97 12 -1
0.111643791 -3.51932383 4.63028124 53 197 156 8 -1
-0.889204979 -2.37211752 4.60158868 186 182 36 11 -1
-0.926600456 -2.15802383 4.60873853 190 184 36 11 -1
-0.416044235 -2.31334877 4.6440173 183 185 35 8 -1
-3.19898319 0.429789543 4.54278341 176 102 102 2 -1
-1.82866192 0.429183006 4.65745937 166 202 35 11 -1
-1.51428509 0.28909874 4.67704842 121 197 82 11 -1
-0.573988914 -0.365427971 4.72432923 38 193 188 8 -1
0.111643791 -0.466485977 4.7768688 144 205 66 8 -1
0.0332860947 -0.367145538 4.77507975 125 204 88 8 -1
-0.0646619797 -0.139471054 4.77781304 92 201 117 8 -1
-0.86783123 0.326863289 4.73297428 65 204 148 11 -1
-0.45645237 0.04210186 4.75373611 37 199 180 8 -1
0.170412064 -3.48485947 4.63685541 61 202 153 8 -1
0.189614296 -2.33293819 4.69377436 169 204 40 8 -1
0.163784981 -1.84320068 4.71512791 175 204 29 8 -1
0.185873032 -1.21633625 4.74707686 178 224 57 8 -1
0.263281822 -0.981262207 4.764844 175 213 48 8 -1
0.145378113 -0.51111412 4.77754969 145 205 65 8 -1
-3.04226732 1.05515003 4.5859294 99 35 19 -1 -1
-2.76801395 0.971802711 4.60488418 109 42 20 -1 -1
-3.47768974 1.44783688 4.5683372 119 47 19 -1 -1
-3.0226779 1.41466427 4.6048319 103 27 14 15 -1
-2.53768682 1.93757439 4.67053739 166 126 14 15 -1
-2.09131527 0.879741669 4.65710792 136 200 67 11 -1
-2.18032885 1.32235241 4.67090964 116 175 74 -1 -1
-1.84730721 1.66606808 4.71528992 167 148 25 -1 -1
-1.78853893 2.29858875 4.75058085 168 171 27 26 -1
-1.86689663 2.5232172 4.75480773 149 203 65 -1 -1
-1.73209 2.44690228 4.76242755 156 171 29 26 -1
-1.42936325 2.64279747 4.79717407 151 195 59 -1 -1
-1.23028469 3.09335613 4.83547267 78 186 123 12 -1
-0.201787949 -3.56707764 4.61799681 34 192 185 8 -1
0.111643791 -3.62584591 4.63928077 61 200 153 -1 -1
-0.221378326 -3.48871946 4.62061729 32 190 183 8 -1
-0.0450725555 -3.48871946 4.627558 39 194 169 8 -1
0.0528755188 -3.50830889 4.63489066 49 197 160 8 -1
0.0920543671 -3.41036129 4.63488345 49 195 159 8 -1
-0.0842514038 -3.25364542 4.64103052 33 193 178 8 -1
-0.00589370728 -3.27323484 4.63826903 40 197 174 8 -1
-0.201787949 -2.99898148 4.64072786 52 199 161 8 -1
-0.0646619797 -3.17528725 4.64406101 36 195 179 8 -1
-0.00589370728 -3.17528725 4.64484804 39 198 177 8 -1
-0.143019676 -2.95980263 4.64913725 61 205 158 8 -1
-0.143019676 -2.86185503 4.65417226 81 204 134 8 -1
-0.907011032 -2.35252762 4.60700407 187 180 36 11 -1
-0.926600456 -2.137043 4.62302683 186 182 32 11 -1
0.0724649429 -2.45047522 4.68381282 162 208 53 8 -1
0.0136966705 -2.35252762 4.69529441 173 206 43 8 -1
-0.0254831314 -2.2545805 4.69639843 182 214 41 8 -1
0.0920543671 -2.19581175 4.70012688 184 220 40 8 -1
0.0136966705 -2.03909588 4.70503722 212 240 62 18 -1
-3.1206255 -0.217270851 4.53670436 180 138 37 26 -1
-3.25775194 0.390003204 4.54759039 183 102 102 2 -1
-2.61129808 0.507540703 4.60849873 121 92 42 5 -1
0.111643791 -1.92155838 4.70998871 177 206 32 8 -1
0.0528755188 -1.78443193 4.72003277 185 216 39 8 -1
0.0920543671 -1.66689491 4.72631534 186 220 44 8 -1
0.0920543671 -1.52976847 4.73515992 182 223 47 8 -1
0.111643791 -1.31428337 4.74658012 169 217 55 8 -1
0.0724649429 -1.11838913 4.75929287 148 211 70 8 -1
0.0332860947 -0.961672783 4.75914383 132 207 86 8 -1
0.0920543671 -0.883314133 4.75890308 141 207 70 8 -1
0.0332860947 -0.785367012 4.76473033 124 210 93 8 -1
-2.1215601 0.468361855 4.65297817 167 203 37 11 -1
-1.9452548 0.331234932 4.65804273 164 203 37 11 -1
-1.80812836 0.331234932 4.66235045 161 201 39 11 -1
-1.9452548 0.429183006 4.65154688 168 203 39 22 -1
-1.90607548 0.429183006 4.65503055 169 203 37 11 -1
-1.27921104 0.194108009 4.71165287 65 197 150 11 -1
-1.63182259 0.292056084 4.67054369 150 202 54 11 -1
-1.72976971 0.390003204 4.66434049 163 202 41 11 -1
-1.27921104 0.311645508 4.7040978 65 184 129 15 -1
-0.0842514038 -0.628650665 4.76501258 93 208 126 8 -1
-0.0450725555 -0.550292969 4.77267448 97 202 114 8 -1
-0.0254831314 -0.530703545 4.77501168 104 206 111 8 -1
-0.45645237 -0.138913155 4.75414621 35 194 184 8 -1
-0.299736023 -0.138913155 4.77337938 51 201 169 8 -1
-0.0646619797 -0.393576622 4.76718622 91 201 121 8 -1
-0.00589370728 -0.295629501 4.77693165 111 204 100 8 -1
0.0136966705 -0.217270851 4.78065747 111 201 100 8 -1
-0.828652382 0.174518585 4.73721755 47 200 169 11 -1
-0.789473534 0.0961608887 4.74349901 38 197 180 11 -1
-0.730705261 0.194108009 4.74594787 47 198 169 11 -1
-0.632757187 0.213698387 4.75176676 47 198 168 11 -1
-0.985368729 0.311645508 4.73685592 58 200 157 11 -1
-0.86783123 0.292056084 4.73520252 62 200 151 11 -1
-0.652347565 0.233287811 4.74662914 46 197 169 11 -1
-0.436862946 -0.00178623199 4.75964287 35 196 183 8 -1
0.150822639 -3.56707764 4.63177801 61 201 151 8 -1
0.150822639 -2.39170694 4.68897183 162 201 43 8 -1
0.131233215 -2.11745358 4.70384632 180 211 37 8 -1
0.150822639 -1.74525309 4.72153836 182 215 38 8 -1
0.150822639 -1.49058914 4.73796745 180 213 43 8 -1
0.170412064 -1.33387375 4.74743928 174 216 50 8 -1
0.170412064 -1.15756798 4.7543037 168 216 56 8 -1
0.131233215 -1.02044106 4.75589386 150 205 63 8 -1
0.131233215 -0.530703545 4.77704819 146 205 65 8 -1
-2.76801395 0.683846474 4.59595359 188 111 103 5 -1
-2.63088751 0.76220417 4.62067019 120 84 29 11 -1
-3.08144617 1.40865803 4.60753588 104 29 15 15 -1
-2.25868702 0.683846474 4.6459367 149 186 45 11 -1
-2.21950769 0.683846474 4.64376125 155 198 47 11 -1
-2.2390976 0.781793594 4.65129061 143 195 57 11 -1
-2.21950769 0.820972443 4.65391234 136 195 61 11 -1
-2.29786587 0.918920517 4.65977925 127 184 72 11 -1
-2.10197067 0.860152245 4.65581706 138 198 65 11 -1
-2.21950769 1.03645706 4.67290429 110 191 88 11 -1
-2.18032885 1.13440514 4.67407774 103 188 90 11 -1
-2.16073942 1.17358398 4.67706469 101 185 87 11 -1
-2.16073942 1.31071091 4.67766955 111 180 78 11 -1
-2.06279182 1.40865803 4.68683313 127 174 57 -1 -1
-1.82771778 2.30977535 4.76400133 162 162 24 -1 -1
-1.71018028 2.40772343 4.7716624 161 164 25 26 -1
-1.72976971 2.4664917 4.76447792 154 173 34 -1 -1
-1.67100143 2.62320805 4.79235173 142 197 65 -1 -1
-1.59264374 2.66238689 4.79863483 151 205 76 -1 -1
-1.43592739 2.72115517 4.81069631 151 208 84 -1 -1
-1.35756969 2.77992344 4.8131221 111 187 85 15 -1
-1.31839085 2.97581863 4.83635362 70 181 118 -1 -1
-1.10290623 3.2696619 4.85987648 108 168 93 -1 -1
-0.143019676 -3.59299898 4.62501597 36 196 181 8 -1
-0.174714088 -3.25364542 4.63865762 34 197 183 8 -1
-0.267361641 -2.84226561 4.65065554 98 205 117 8 -1
-0.809062958 -2.45864391 4.6237318 189 185 35 11 -1
-0.848241806 -2.15182924 4.63518454 255 221 102 11 -1
-0.143019676 -2.57992458 4.67366058 147 205 68 8 -1
-0.00589370728 -2.20525599 4.70312934 182 215 42 8 -1
-3.15980434 -0.23451519 4.53375457 163 98 21 23 -1
-3.2506156 0.37041378 4.55519982 184 102 102 2 -1
-2.53645468 0.527130127 4.6225049 124 96 25 11 -1
0.0547580719 -1.52976847 4.74064106 180 225 55 8 -1
-0.123430252 -1.1072588 4.74601307 99 205 113 8 -1
-0.0229740143 -1.00085163 4.75953127 123 212 101 8 -1
-0.0254831314 -0.793299675 4.76928722 106 209 110 8 -1
-1.93577337 0.292056084 4.66149845 163 201 38 11 -1
-2.0432024 0.403902054 4.6578764 168 204 38 22 -1
-1.21016598 0.194108009 4.7175335 52 197 164 11 -1
-1.20085335 0.284301758 4.72264384 59 195 155 -1 -1
-0.0646619797 -0.640405655 4.77334917 89 204 123 8 -1
-0.436862946 -0.200754166 4.76330412 39 198 186 8 -1
-0.182198524 -0.31586647 4.77909392 62 199 148 8 -1
-0.789473534 -0.0255384445 4.74220155 35 193 183 11 -1
-0.691526413 0.127710342 4.7577589 39 198 179 11 -1
-1.02454758 0.338109016 4.73998547 66 204 152 11 -1
-3.14021492 0.602521896 4.57558619 116 41 28 -1 -1
-2.63535595 0.546719551 4.61516682 154 122 83 -1 -1
-2.72883511 0.972265244 4.62777534 112 47 21 -1 -1
-3.47323656 1.44230938 4.58803397 115 42 16 -1 -1
-3.04226732 1.41331959 4.62271699 100 21 12 15 -1
-2.28212738 0.585898399 4.64661566 157 186 39 11 -1
-2.25868702 1.02876472 4.66984281 111 182 85 11 -1
-1.81890488 2.32936478 4.7691062 160 168 25 26 -1
-1.88648605 2.76346684 4.7842934 75 172 104 26 -1
-1.69068336 2.62320805 4.79394862 138 190 62 -1 -1
-1.42177486 2.89746094 4.82962682 84 182 104 -1 -1
-1.18126392 3.2737875 4.8678292 97 180 110 12 -1
-0.671936989 -3.52789831 4.5995254 30 191 182 -1 -1
-0.613167763 -3.44954014 4.61086518 33 189 177 8 -1
-0.55439949 -3.35159302 4.61896362 38 193 174 8 -1
-0.319325447 -3.56707764 4.62275793 35 191 186 8 -1
-0.436862946 -3.48871946 4.61782045 30 184 182 8 -1
-0.378093719 -3.44954014 4.62763089 32 189 184 8 -1
-0.319325447 -3.42995071 4.62568976 33 191 188 8 -1
-0.45645237 -3.31241369 4.62379088 37 193 176 8 -1
-0.358504295 -3.29282427 4.63071502 37 193 180 8 -1
-0.240967751 -3.31241369 4.63376889 28 187 180 8 -1
-0.1626091 -3.42995071 4.63373156 28 187 180 8 -1
-0.593578339 -3.17528725 4.62548869 63 197 149 8 -1
-0.515220642 -2.92062378 4.64491198 115 203 100 8 -1
-0.378093719 -3.15569782 4.63896221 48 199 167 8 -1
-0.319325447 -3.15569782 4.6385209 40 195 172 8 -1
-0.240967751 -3.1361084 4.64157932 40 199 173 8 -1
-0.417272568 -2.99898148 4.65006176 79 206 143 8 -1
-0.319325447 -3.0381608 4.64213524 59 201 153 8 -1
-0.182198524 -3.21446609 4.6415489 34 193 180 8 -1
-0.495631218 -2.80308676 4.65167479 149 219 86 8 -1
-0.338914871 -2.84226561 4.65433632 112 207 107 8 -1
-0.436862946 -2.72472858 4.65906533 153 210 75 8 -1
-0.280146599 -2.74431801 4.66331788 124 207 97 8 -1
-0.319325447 -2.60719156 4.671146 161 210 67 8 -1
-0.86783123 -2.47006464 4.63515942 189 184 36 11 -1
-0.965779305 -2.1566329 4.64113598 190 185 35 11 -1
-0.280146599 -2.54842281 4.67577304 162 200 56 8 -1
-0.260557175 -2.47006464 4.68501863 174 203 50 8 -1
-0.221378326 -2.37211752 4.69494485 172 194 39 8 -1
-0.182198524 -2.45047522 4.68646256 171 199 47 8 -1
-0.0646619797 -2.43088579 4.68916607 168 203 48 8 -1
-0.103840828 -2.29375935 4.69393099 181 208 42 8 -1
-0.143019676 -2.27416992 4.69808374 183 210 41 8 -1
-0.103840828 -2.1566329 4.71124801 181 206 35 8 -1
-0.1626091 -2.01950598 4.71043832 179 197 31 18 -1
-0.0254831314 -2.03909588 4.71391218 212 245 70 18 -1
-3.21857309 -0.178092003 4.55092029 159 107 29 23 -1
-3.39487839 0.37041378 4.55008493 182 102 102 -1 -1
-3.27734137 0.311645508 4.55200622 175 102 102 2 -1
-3.21857309 0.409592628 4.56068735 181 102 102 2 -1
-2.41540289 0.44877243 4.64587355 149 156 33 11 -1
-0.240967751 -1.92155838 4.71595517 180 191 30 8 -1
-0.201787949 -1.70607376 4.72630198 182 211 44 8 -1
-0.1626091 -1.88237953 4.71425514 187 205 38 8 -1
-0.182198524 -1.78443193 4.71972177 183 203 41 8 -1
-0.182198524 -1.68648434 4.72784287 183 211 46 8 -1
-0.00589370728 -1.68648434 4.7294534 183 214 43 8 -1
-0.0842514038 -1.54935789 4.73928439 176 223 58 8 -1
-0.1626091 -1.49058914 4.74189106 164 216 64 8 -1
-0.0842514038 -1.41223145 4.74483308 161 226 80 8 -1
0.0136966705 -1.41223145 4.74725082 167 222 65 8 -1
-0.143019676 -1.33387375 4.74912843 131 208 86 8 -1
-0.123430252 -1.19674683 4.74743056 109 207 107 8 -1
-0.00589370728 -1.21633625 4.75304218 142 215 81 8 -1
-0.143019676 -1.09879875 4.7498836 94 206 121 8 -1
-0.00589370728 -1.11838913 4.76246693 129 210 91 8 -1
-0.260557175 -0.844135284 4.75811621 48 198 167 8 -1
-0.123430252 -0.961672783 4.76350552 88 205 128 8 -1
-0.00589370728 -1.00085163 4.76378579 120 210 102 8 -1
-0.0450725555 -0.844135284 4.76856057 102 208 117 8 -1
-0.00589370728 -0.785367012 4.77175898 113 209 102 8 -1
-1.82771778 0.194108009 4.67984689 155 203 48 11 -1
-2.2390976 0.331234932 4.65498199 164 198 38 22 -1
-2.19991827 0.350824356 4.65149077 168 201 39 22 -1
-2.27827644 0.429183006 4.65895383 159 188 36 11 -1
-2.19991827 0.409592628 4.65613988 173 207 46 11 -1
-2.06279182 0.292056084 4.65210021 165 201 37 11 -1
-1.78853893 0.233287811 4.67628636 157 203 47 11 -1
-1.45551682 0.0765714645 4.70085848 88 201 131 11 -1
-1.29880047 0.0178031921 4.72028149 53 195 164 11 -1
-1.29880047 0.115750313 4.7211308 57 189 152 11 -1
-1.2400322 0.0961608887 4.72934283 46 195 169 11 -1
-1.51428509 0.233287811 4.69413155 119 200 89 11 -1
-0.769884109 -0.138913155 4.75406535 34 191 185 11 -1
-0.613167763 -0.158502579 4.76393313 35 193 185 8 -1
-0.358504295 -0.413166046 4.76871239 39 197 178 8 -1
-0.201787949 -0.43275547 4.78191994 59 200 155 8 -1
-0.103840828 -0.589471817 4.77321151 86 206 132 8 -1
-0.358504295 -0.295629501 4.7819283 39 194 178 8 -1
-0.221378326 -0.33480835 4.77975421 54 201 161 8 -1
-0.495631218 -0.197681427 4.7646521 36 195 185 8 -1
-0.280146599 -0.158502579 4.78007332 49 197 167 8 -1
-0.926600456 -0.0213766098 4.75044848 38 197 186 11 -1
-0.828652382 0.0373926163 4.74724334 36 197 182 11 -1
-1.10290623 0.174518585 4.73210773 43 197 174 11 -1
-0.86783123 0.0765714645 4.74254534 38 195 179 11 -1
-0.809062958 -0.00178623199 4.74852011 36 193 182 11 -1
-0.613167763 -0.0605554581 4.75724269 36 195 184 8 -1
-0.809062958 0.0765714645 4.74913071 39 198 181 11 -1
-1.10290623 0.311645508 4.74014456 59 203 160 11 -1
-3.43405771 0.781793594 4.5784575 104 36 20 -1 -1
-3.17939377 0.703435898 4.59393786 142 97 88 -1 -1
-2.67006683 0.566308975 4.6201294 117 76 28 11 -1
-2.47417164 0.546719551 4.64371183 142 142 34 11 -1
-2.51335049 0.683846474 4.65113084 133 124 36 11 -1
-2.67006683 0.820972443 4.64340108 118 71 28 11 -1
-2.43499231 0.76220417 4.6553041 137 149 46 11 -1
-2.65047693 0.997278214 4.64719225 118 64 27 11 -1
-2.51335049 0.938509941 4.65938119 127 122 49 11 -1
-2.55252934 1.11481571 4.65770085 122 97 41 -1 -1
-2.51335049 1.13440514 4.66402672 125 107 45 -1 -1
-3.04226732 1.40865803 4.63626421 106 34 16 5 -1
-2.33704472 0.605487823 4.64642786 154 179 41 11 -1
-2.33704472 0.801383018 4.6527795 138 175 57 11 -1
-2.29786587 0.997278214 4.66869253 113 182 80 11 -1
-2.31745529 1.11481571 4.68043656 109 173 83 11 -1
-2.31745529 1.23235226 4.68326314 117 170 80 -1 -1
-1.78853893 2.3489542 4.77654641 160 160 24 26 -1
-1.69059086 2.56443882 4.79248104 156 186 50 -1 -1
-1.59264374 2.72115517 4.80982424 139 204 84 -1 -1
-1.63182259 2.87787151 4.82517907 87 194 119 -1 -1
-1.53387547 2.87787151 4.83444316 112 220 126 -1 -1
-1.39674854 3.03458786 4.85328355 62 192 133 12 -1
-1.35756969 3.1521244 4.86656224 70 208 146 12 -1
-1.29880047 3.21089268 4.86748948 66 194 134 12 -1
-1.18126392 3.36760902 4.89177296 105 178 104 -1 -1
-0.589075089 -3.48871946 4.61227474 31 187 179 8 -1
-0.495631218 -3.256495 4.6312473 41 197 172 8 -1
-0.547680855 -2.9402132 4.64207724 111 202 103 8 -1
-0.416606903 -2.95980263 4.65210839 94 215 135 8 -1
-0.958586693 -2.29375935 4.63872233 189 181 34 11 -1
-0.94618988 -2.1171279 4.6482413 186 182 32 11 -1
-0.45645237 -2.51617861 4.67007447 181 200 45 8 -1
-0.25911808 -2.43088579 4.69068817 177 200 46 8 -1
-0.228991508 -1.99991655 4.71390373 177 191 30 -1 -1
-3.23816252 -0.267739296 4.54518958 147 121 33 23 -1
-3.23816252 0.191746712 4.56725263 120 38 20 -1 -1
-3.15980434 0.280442238 4.57807061 139 64 52 2 -1
-2.53293991 0.447295189 4.63855512 133 115 30 11 -1
-0.240967751 -1.67523384 4.72849147 180 207 45 8 -1
-0.121751785 -1.54935789 4.74451481 179 223 57 8 -1
-0.154740334 -1.2555151 4.75586284 113 207 99 8 -1
-0.182198524 -0.959708214 4.76776811 69 204 147 8 -1
-2.3654809 0.292056084 4.64511847 160 179 36 11 -1
-2.24509954 0.390003204 4.65989831 172 201 42 22 -1
-1.51428509 0.185770035 4.71126575 123 205 105 11 -1
-0.75681591 -0.236861229 4.7543776 37 195 187 11 -1
-0.214795113 -0.589471817 4.78281713 58 203 157 8 -1
-0.240967751 -0.487807274 4.78550792 49 200 169 8 -1
-1.11717415 0.0373926163 4.73738199 38 196 184 11 -1
-3.41446781 0.671333313 4.57552292 184 102 102 2 -1
-3.19360876 0.644667625 4.5927299 179 101 101 2 -1
-3.0226779 1.03416157 4.62574022 97 27 15 -1 -1
-2.68965626 0.82025528 4.64334527 116 66 27 11 -1
-2.86596155 1.00998783 4.63769768 103 32 16 -1 -1
-2.57552433 1.05604649 4.66422082 122 89 36 11 -1
-3.21045208 1.3890686 4.62706377 103 25 12 15 -1
-2.02361298 2.52885818 4.78113923 149 197 69 -1 -1
-1.78205204 2.76033401 4.81247423 84 172 94 -1 -1
-1.67742252 2.85828209 4.82593558 92 208 122 -1 -1
-1.40549564 3.01499748 4.85622266 64 187 128 12 -1
-1.1616745 -3.54748774 4.58060168 32 189 180 -1 -1
-0.887421608 -3.46913004 4.60174579 33 188 177 -1 -1
-1.00495815 -3.31241369 4.60495876 46 199 167 11 -1
-0.94618988 -3.27323484 4.60700142 56 199 156 11 -1
-0.750294685 -3.48871946 4.5987977 35 195 178 -1 -1
-0.593578339 -3.46913004 4.61330094 33 186 179 8 -1
-0.730705261 -3.31241369 4.61687106 50 203 165 8 -1
-0.652347565 -3.33200312 4.61533408 43 194 169 8 -1
-0.515220642 -3.23405552 4.63186756 46 198 164 8 -1
-0.828652382 -3.05775023 4.62339326 110 201 102 11 -1
-0.769884109 -3.21446609 4.61964983 68 198 142 11 -1
-0.809062958 -3.07733965 4.62496787 105 205 109 11 -1
-0.515220642 -3.21446609 4.63201473 51 199 163 8 -1
-0.789473534 -3.05775023 4.62899976 112 205 103 11 -1
-0.750294685 -2.95980263 4.63828324 136 211 86 11 -1
-0.515220642 -3.05775023 4.64042188 83 208 140 8 -1
-0.887421608 -2.86185503 4.63631349 156 201 57 11 -1
-0.750294685 -2.90103388 4.6456942 150 204 69 11 -1
-0.691526413 -2.82267618 4.64365001 166 204 59 8 -1
-0.652347565 -2.80308676 4.6471263 161 204 61 8 -1
-0.671936989 -2.74431801 4.65481439 173 204 52 8 -1
-0.534810066 -2.74431801 4.6576678 159 208 67 8 -1
-0.55439949 -2.60719156 4.66804359 177 199 46 8 -1
-0.45645237 -2.64637041 4.66659636 171 209 61 8 -1
-0.789473534 -2.58760214 4.65458076 192 194 38 11 -1
-0.632757187 -2.54842281 4.67275024 189 192 39 8 -1
-0.534810066 -2.41129637 4.67744644 187 183 33 8 -1
-0.495631218 -2.56801224 4.67021597 183 200 47 8 -1
-0.436862946 -2.45047522 4.67509799 186 199 48 8 -1
-0.338914871 -2.41129637 4.69062553 177 193 41 8 -1
-0.260557175 -2.33293819 4.70196754 179 198 41 8 -1
-0.45645237 -2.1566329 4.69301784 254 222 102 0 -1
-0.260557175 -2.21540117 4.70408746 182 196 35 8 -1
-0.45645237 -2.09786415 4.7001656 254 222 102 0 -1
-0.417272568 -2.01950598 4.71100525 179 177 30 -1 -1
-0.260557175 -2.07827473 4.71449512 221 234 75 18 -1
-0.182198524 -2.137043 4.71508431 179 201 35 8 -1
-3.23816252 -0.276040077 4.55348946 147 122 34 23 -1
-3.25775194 0.174518585 4.57702032 118 38 20 -1 -1
-3.10103559 0.27246666 4.60033007 115 46 25 11 -1
-2.94431973 0.213698387 4.60726467 181 103 101 2 -1
-2.76801395 0.174518585 4.61918101 130 66 27 11 -1
-2.88555098 0.233287811 4.60410001 164 98 76 2 -1
-2.80719328 0.311645508 4.62363502 124 58 28 22 -1
-2.61129808 0.331234932 4.64563589 143 103 36 11 -1
-2.45458221 0.27246666 4.65290809 151 150 35 11 -1
-2.41540289 0.37041378 4.64852639 164 176 46 11 -1
-2.51335049 0.429183006 4.64726644 137 124 30 11 -1
-0.573988914 -1.76484251 4.71564362 184 192 37 8 -1
-0.378093719 -1.92155838 4.72109363 187 189 34 8 -1
-0.299736023 -1.96073771 4.71699572 179 184 31 8 -1
-0.45645237 -1.78443193 4.72427457 186 190 35 8 -1
-0.397683144 -1.70607376 4.72473483 182 196 41 8 -1
-0.299736023 -1.72566366 4.72186022 186 201 42 8 -1
-0.397683144 -1.58853674 4.72742219 172 208 56 8 -1
-0.319325447 -1.60812664 4.73851089 179 212 52 8 -1
-0.240967751 -1.54935789 4.73782104 165 210 57 8 -1
-0.436862946 -1.41223145 4.73577631 129 208 88 8 -1
-0.299736023 -1.45141029 4.74328115 146 209 73 8 -1
-0.240967751 -1.3730526 4.75297954 132 209 87 8 -1
-0.182198524 -1.43182087 4.7466008 146 213 76 8 -1
-0.436862946 -1.23592567 4.74964642 85 206 127 8 -1
-0.260557175 -1.31428337 4.75468335 110 205 100 8 -1
-0.240967751 -1.19674683 4.75833526 89 208 131 8 -1
-0.338914871 -1.11838913 4.7595809 65 207 151 8 -1
-0.221378326 -1.0596199 4.76080781 71 203 143 8 -1
-0.299736023 -1.00085163 4.7752629 52 204 164 8 -1
-0.280146599 -0.90290451 4.77219111 51 200 163 8 -1
-0.397683144 -0.765777588 4.77685336 36 197 180 8 -1
-0.240967751 -0.72659874 4.77999379 54 203 166 8 -1
-2.37622404 0.154929161 4.65547041 154 178 38 11 -1
-2.14115 0.115750313 4.6742144 154 200 49 11 -1
-2.10197067 0.213698387 4.66836503 162 202 41 11 -1
-1.80812836 0.0569820404 4.68982349 143 209 71 11 -1
-1.96484423 0.154929161 4.67388775 155 206 49 11 -1
-1.82771778 0.174518585 4.68592913 155 203 49 11 -1
-2.21950769 0.27246666 4.65689174 162 197 37 11 -1
-1.74936008 0.0373926163 4.69199686 134 208 80 11 -1
-1.57305431 0.0178031921 4.71223244 104 208 117 11 -1
-1.71018028 0.115750313 4.69555996 139 205 73 11 -1
-1.51428509 0.154929161 4.71149862 116 204 104 11 -1
-1.35756969 -0.00178623199 4.71974776 58 193 158 11 -1
-1.1616745 -0.0213766098 4.73589148 40 196 183 11 -1
-1.18126392 0.0765714645 4.73704084 41 193 177 11 -1
-0.907011032 -0.178092003 4.75903146 38 195 185 11 -1
-0.848241806 -0.0997343063 4.75592114 36 194 186 11 -1
-0.515220642 -0.33480835 4.78087347 34 189 186 8 -1
-0.809062958 -0.197681427 4.7639647 36 193 186 11 -1
-0.632757187 -0.217270851 4.77116736 29 188 184 8 -1
-0.280146599 -0.687419891 4.78436428 49 200 170 8 -1
-0.240967751 -0.628650665 4.7841772 47 199 167 8 -1
-0.436862946 -0.43275547 4.78703431 36 192 181 8 -1
-0.1626091 -0.667829514 4.78388359 65 200 146 8 -1
-0.397683144 -0.315218925 4.78273877 37 195 181 8 -1
-0.965779305 -0.0801448822 4.74720906 37 195 186 11 -1
-3.43405771 0.66425705 4.58302285 186 102 101 2 -1
-3.33611012 0.76220417 4.60510776 171 102 102 2 -1
-3.10103559 0.566308975 4.59759088 108 49 36 -1 -1
-3.15980434 0.742614746 4.61454013 108 51 31 -1 -1
-2.72883511 0.566308975 4.62881427 113 64 27 11 -1
-2.70924568 0.820972443 4.64402017 113 57 24 11 -1
-2.74842453 0.958099365 4.64714574 110 49 22 -1 -1
-2.68965626 0.938509941 4.65488095 114 61 26 -1 -1
-2.51335049 1.11481571 4.67353742 124 104 44 11 -1
-1.80812836 2.58402824 4.82007152 140 196 68 -1 -1
-1.78853893 2.91705036 4.82732407 67 200 141 -1 -1
-1.69059086 2.91705036 4.84233698 79 213 141 -1 -1
-1.49469566 2.93663979 4.85654157 77 192 119 -1 -1
-1.41633797 3.01499748 4.85919367 62 188 132 12 -1
-1.41633797 3.09335613 4.85922353 55 189 141 12 -1
-1.18033409 -3.60625648 4.57672807 30 187 182 -1 -1
-0.926317215 -3.23405552 4.61586289 72 208 149 11 -1
-0.86783123 -2.9179635 4.63593629 151 204 68 11 -1
-0.747612 -2.86185503 4.6486936 156 210 69 11 -1
-0.908919334 -2.48965454 4.65306297 188 187 36 11 -1
-0.755034447 -2.47006464 4.66688482 188 182 33 -1 -1
-0.594165802 -2.33293819 4.68693498 254 221 102 0 -1
-0.593578339 -2.26700497 4.69015005 254 220 102 0 -1
-0.478487015 -2.01950598 4.71166808 183 174 28 0 -1
-3.04640532 -0.256450653 4.5813724 158 132 40 -1 -1
-3.21857309 0.187449455 4.58827548 117 37 22 11 -1
-3.06185675 0.296562195 4.60663293 113 51 27 11 -1
-2.84637213 0.127822876 4.61656812 125 43 21 2 -1
-2.74842453 0.271347046 4.63165856 130 78 30 11 -1
-2.65047693 0.360246658 4.64412611 138 99 35 11 -1
-0.573988914 -1.76826382 4.71573778 183 192 38 8 -1
-0.45645237 -1.77463245 4.72527058 187 193 37 8 -1
-0.525175095 -0.961672783 4.75855376 38 197 178 8 -1
-0.495631218 -1.16862392 4.75108965 72 207 147 8 -1
-0.495631218 -0.734769821 4.77192194 33 195 185 8 -1
-2.16073942 0.114844322 4.67333698 154 199 48 11 -1
-1.72720051 -0.0213766098 4.7030862 117 208 98 11 -1
-1.10290623 -0.132548332 4.75000571 37 196 187 11 -1
-0.60351944 -0.393576622 4.77927399 33 190 185 8 -1
-0.345479965 -0.628650665 4.78958611 36 195 175 8 -1
-3.57118416 0.81470871 4.58887856 127 61 30 11 -1
-3.27049732 0.66425705 4.60682385 181 102 102 2 -1
-3.45340681 0.899331093 4.60280061 188 102 102 2 -1
-2.88555098 0.686451912 4.64011217 108 52 25 5 -1
-2.90514088 1.01509666 4.65425284 97 27 15 -1 -1
-3.29693079 1.3892231 4.63942176 105 29 12 15 -1
-1.90607548 2.55317116 4.81173476 143 204 71 -1 -1
-1.92566538 2.86585999 4.82510928 62 170 118 -1 -1
-1.62306976 3.01499748 4.85759967 65 208 150 12 -1
-1.80812836 -3.62584591 4.53612767 29 182 184 -1 -1
-1.74936008 -3.60625648 4.54107684 28 180 181 -1 -1
-1.47510624 -3.54748774 4.56971282 29 182 182 -1 -1
-1.22044277 -3.56707764 4.58363092 29 183 182 -1 -1
-1.31839085 -3.50830889 4.58134762 28 182 180 -1 -1
-1.14208508 -3.50830889 4.59116271 32 188 180 -1 -1
-1.14208508 -3.39077187 4.59451573 33 189 173 11 -1
-1.14208508 -3.25364542 4.60851302 51 198 159 11 -1
-1.044137 -3.48871946 4.60157444 34 192 180 -1 -1
-0.985368729 -3.39077187 4.60475766 37 194 172 11 -1
-1.08331585 -3.27323484 4.60693567 49 199 163 11 -1
-1.20085335 -3.15569782 4.61285351 61 200 151 11 -1
-1.2400322 -3.05775023 4.61716484 77 204 134 11 -1
-1.18126392 -2.82267618 4.62966853 147 199 67 11 -1
-1.10290623 -3.15569782 4.62002905 67 198 140 11 -1
-1.02454758 -3.1165185 4.62952804 88 204 123 11 -1
-0.926600456 -3.1165185 4.62839421 93 202 119 11 -1
-1.02454758 -3.01857138 4.62481171 117 204 95 11 -1
-0.985368729 -2.92062378 4.63350296 143 206 72 11 -1
-1.044137 -2.90103388 4.63126666 143 201 72 11 -1
-1.044137 -2.78349686 4.63781164 163 195 50 11 -1
-1.08331585 -2.72472858 4.63805111 175 198 47 11 -1
-1.08331585 -2.62678099 4.65092341 192 203 46 11 -1
-0.907011032 -2.66595984 4.64613611 186 196 38 11 -1
-0.769884109 -2.74431801 4.65307957 188 209 51 11 -1
-1.08331585 -2.58760214 4.6516116 188 195 39 11 -1
-1.044137 -2.45047522 4.65781057 185 180 33 11 -1
-0.926600456 -2.48965454 4.65630841 191 189 37 11 -1
-1.02454758 -2.31334877 4.66612817 188 183 33 11 -1
-0.652347565 -2.50924397 4.67448414 190 187 35 8 -1
-1.00495815 -2.2349906 4.67473288 188 185 34 11 -1
-0.789473534 -2.01950598 4.70016089 183 177 29 11 -1
-0.613167763 -1.99991655 4.70241554 183 175 29 -1 -1
-3.37528896 -0.217270851 4.5587013 150 113 29 23 -1
-3.04226732 -0.138913155 4.58848694 159 89 23 -1 -1
-3.06185675 0.213698387 4.61127721 122 47 24 -1 -1
-3.0226779 0.311645508 4.62053395 119 55 30 11 -1
-2.88555098 0.0961608887 4.62263254 137 59 26 -1 -1
-2.67006683 0.115750313 4.64908648 141 93 29 11 -1
-2.63088751 0.213698387 4.65223026 136 95 28 11 -1
-2.43499231 0.115750313 4.66073195 150 161 40 11 -1
-2.96390915 0.350824356 4.62864202 113 55 28 11 -1
-2.80719328 0.37041378 4.64212575 131 71 37 11 -1
-2.9247303 0.429183006 4.62744244 115 58 32 -1 -1
-2.84637213 0.390003204 4.64242184 118 61 34 11 -1
-2.8267827 0.527130127 4.64906577 105 50 26 11 -1
-2.63088751 0.331234932 4.64521873 137 100 36 11 -1
-0.711115837 -1.92155838 4.71235387 187 180 30 11 -1
-0.671936989 -1.82361126 4.71753652 177 178 29 8 -1
-0.613167763 -1.82361126 4.71517269 183 180 31 8 -1
-0.671936989 -1.76484251 4.71416239 177 185 32 8 -1
-0.632757187 -1.76484251 4.71401927 180 186 32 8 -1
-0.515220642 -1.70607376 4.72525496 186 200 44 8 -1
-0.515220642 -1.64730549 4.72737779 179 205 48 8 -1
-0.769884109 -1.47099972 4.73137305 121 199 83 11 -1
-0.593578339 -1.39264202 4.74918779 116 204 97 8 -1
-0.495631218 -1.62771606 4.72959577 176 199 45 8 -1
-0.828652382 -1.0596199 4.7478949 36 194 173 11 -1
-0.613167763 -1.31428337 4.7499859 94 204 116 8 -1
-0.55439949 -1.2555151 4.75200979 82 203 128 8 -1
-0.769884109 -1.04003048 4.75078508 33 191 170 11 -1
-0.515220642 -1.09879875 4.76734143 49 201 166 8 -1
-0.55439949 -0.981262207 4.76976094 39 200 177 8 -1
-0.55439949 -0.765777588 4.7747663 37 197 186 8 -1
-0.495631218 -1.13797855 4.76253848 62 208 155 8 -1
-0.476041794 -1.00085163 4.76536581 39 199 173 8 -1
-0.397683144 -0.883314133 4.77430812 39 197 176 8 -1
-1.86689663 -0.0997343063 4.69634966 115 207 100 11 -1
-1.49469566 -0.178092003 4.72958319 62 202 157 11 -1
-1.33798027 -0.276040077 4.73828999 39 194 181 11 -1
-1.37715912 -0.236861229 4.73556323 41 190 173 11 -1
-1.41633797 -0.0997343063 4.73349129 63 203 157 11 -1
-1.1616745 -0.217270851 4.74779225 39 194 186 11 -1
-2.31745529 0.0373926163 4.67179868 148 191 52 11 -1
-2.29786587 0.0961608887 4.66283734 150 191 46 11 -1
-1.96484423 -0.0213766098 4.69329706 134 208 76 11 -1
-1.82771778 -0.0605554581 4.69693948 119 206 94 11 -1
-1.59264374 -0.0605554581 4.71264183 88 204 129 11 -1
-0.750294685 -0.648240089 4.77317333 36 192 186 11 -1
-0.573988914 -0.687419891 4.77276343 36 195 186 8 -1
-0.573988914 -0.589471817 4.78333167 36 190 185 8 -1
-0.711115837 -0.413166046 4.78178181 32 186 184 11 -1
-0.632757187 -0.471935272 4.78809302 33 188 183 8 -1
-1.10290623 -0.33480835 4.75268302 38 194 188 11 -1
-1.044137 -0.276040077 4.75679362 36 193 188 11 -1
-0.907011032 -0.295629501 4.76807999 36 195 188 11 -1
-1.06372643 -0.197681427 4.7549739 36 190 185 11 -1
-0.848241806 -0.217270851 4.76820458 36 189 186 11 -1
-0.769884109 -0.315218925 4.77018447 33 187 183 11 -1
-0.397683144 -0.687419891 4.78262332 39 197 182 8 -1
-0.476041794 -0.550292969 4.78277256 37 195 184 8 -1
-3.59077358 0.820972443 4.59621704 132 67 32 11 -1
-3.1206255 0.683846474 4.63333885 112 54 28 -1 -1
-3.1206255 0.840561867 4.64741748 103 46 26 11 -1
-3.49282598 1.07563686 4.62486953 112 50 27 2 -1
-2.90514088 0.66425705 4.64887648 108 49 25 -1 -1
-2.86596155 0.801383018 4.6528858 108 46 24 11 -1
-2.78760386 0.860152245 4.66130643 109 46 23 11 -1
-3.04226732 1.23235226 4.65620471 99 36 20 15 -1
-2.02361298 2.5448494 4.8015213 153 206 78 -1 -1
-1.92566538 2.70156574 4.82647771 103 187 95 26 -1
-1.92566538 2.85828209 4.84303879 62 173 117 -1 -1
-1.67100143 2.99540806 4.8538418 61 204 148 12 -1
-1.57305431 3.1521244 4.88181369 56 210 167 12 -1
-1.61909771 -3.58666706 4.56053066 26 183 183 -1 -1
-1.33798027 -3.43414497 4.5913857 30 187 180 9 -1
-1.3907156 -3.0381608 4.6059853 67 202 146 11 -1
-1.20085335 -2.89737415 4.62863817 131 202 85 11 -1
-1.05163002 -2.62678099 4.65412219 190 197 39 11 -1
-0.96657753 -2.54842281 4.66500416 188 189 33 11 -1
-0.718317032 -2.39170694 4.69331023 254 221 100 0 -1
-0.924180984 -2.07827473 4.69112805 186 182 30 11 -1
-0.728206635 -2.07827473 4.70753242 182 174 32 -1 -1
-3.43405771 -0.305649757 4.56615034 132 145 53 -1 -1
-3.31652021 -0.165138245 4.58273594 153 102 27 23 -1
-3.27329874 0.174518585 4.6026631 120 36 20 -1 -1
-3.45448446 0.409592628 4.59878415 192 102 102 -1 -1
-2.67006683 0.108213425 4.6499739 140 92 28 11 -1
-0.807523727 -1.72566366 4.71782431 166 191 40 11 -1
-0.637622833 -1.60812664 4.73768991 166 200 54 8 -1
-0.769884109 -1.37439346 4.73784187 96 199 106 11 -1
-0.86783123 -1.1087656 4.74239765 42 197 173 11 -1
-0.634401321 -1.19674683 4.75771272 64 208 152 8 -1
-0.780151367 -1.00085163 4.75491872 29 189 175 11 -1
-0.817260742 -0.82454586 4.76027806 34 193 186 11 -1
-1.79700947 -0.11932373 4.71212905 107 211 112 11 -1
-1.2400322 -0.340779305 4.74811819 33 187 182 11 -1
-2.35663462 0.0151567459 4.67174199 144 185 56 11 -1
-2.05112267 0.0373926163 4.69838309 150 209 68 11 -1
-0.77030468 -0.609061241 4.77455549 32 189 185 11 -1
-0.985368729 -0.363371849 4.76835041 36 192 187 11 -1
-3.52213573 0.840561867 4.61381506 114 39 20 -1 -1
-3.1206255 0.733397484 4.64227846 110 52 28 11 -1
-3.39487839 0.976957321 4.63101663 183 102 102 2 -1
-3.1206255 1.02777958 4.65641376 98 35 21 -1 -1
-2.90514088 0.87340641 4.66703876 103 41 19 11 -1
-3.1206255 1.23481178 4.66635478 102 33 19 15 -1
-2.03125286 2.56443882 4.82138704 160 225 102 -1 -1
-1.82546234 2.66238689 4.84331624 115 185 77 -1 -1
-1.72976971 2.9954319 4.86731812 57 202 151 12 -1
-1.88648605 -3.58666706 4.55046611 31 183 185 -1 -1
-1.35756969 -3.58666706 4.5845242 27 184 182 -1 -1
-1.47510624 -3.48871946 4.58562386 30 181 182 -1 -1
-1.55346489 -3.37118244 4.59398581 31 183 183 11 -1
-1.41633797 -3.41036129 4.59274736 30 185 179 11 -1
-1.35756969 -3.35159302 4.60134398 32 190 180 11 -1
-1.35756969 -3.25364542 4.6012692 38 195 174 11 -1
-2.02361298 -2.97939205 4.57081928 32 186 184 11 -1
-1.51428509 -3.07733965 4.60796448 54 205 171 11 -1
-1.29880047 -3.21446609 4.61099667 46 196 166 11 -1
-1.33798027 -3.07733965 4.62189841 66 200 146 11 -1
-1.37715912 -2.99898148 4.61086767 72 200 141 11 -1
-1.31839085 -2.92062378 4.62423391 106 207 110 11 -1
-1.18126392 -2.97939205 4.63033082 107 205 108 11 -1
-1.35756969 -2.88144445 4.6250949 111 208 109 11 -1
-1.29880047 -2.76390743 4.64516998 149 213 80 11 -1
-1.39674854 -2.72472858 4.63734741 139 215 92 11 -1
-1.37715912 -2.62678099 4.636265 157 206 68 11 -1
-1.20085335 -2.68554926 4.64133275 174 205 54 11 -1
-1.39674854 -2.54842281 4.64787394 166 208 62 11 -1
-1.29880047 -2.45047522 4.65182288 186 203 49 11 -1
-1.2400322 -2.48965454 4.65806527 187 194 39 11 -1
-1.35756969 -2.41129637 4.646927 172 197 50 11 -1
-1.25962162 -2.37211752 4.65989392 188 192 40 11 -1
-1.18126392 -2.35252762 4.66752714 199 197 43 11 -1
-1.20085335 -2.2545805 4.67693147 188 185 34 11 -1
-1.35756969 -2.0586853 4.67137321 153 189 47 11 -1
-1.14208508 -2.09786415 4.6870555 183 184 29 11 -1
-1.044137 -2.66595984 4.65309895 183 193 39 11 -1
-1.10290623 -2.39170694 4.66477582 188 184 36 11 -1
-0.671936989 -2.39170694 4.71536862 251 222 102 0 -1
-1.02454758 -2.2349906 4.67852811 191 189 36 11 -1
-1.12249565 -2.07827473 4.68378223 178 181 30 11 -1
-1.06372643 -1.98032713 4.69960458 178 184 33 11 -1
-0.907011032 -2.03909588 4.70351598 183 180 29 11 -1
-0.671936989 -2.0586853 4.72198655 184 174 30 -1 -1
-3.21857309 -0.315218925 4.60047679 153 143 46 -1 -1
-3.17939377 -0.0801448822 4.61397099 156 77 24 26 -1
-3.0226779 0.0961608887 4.6203971 156 74 42 2 -1
-2.88555098 0.0178031921 4.64488629 148 71 26 11 -1
-2.76801395 0.0178031921 4.64705262 148 89 29 11 -1
-2.67006683 0.0178031921 4.65871901 147 106 34 11 -1
-2.53293991 -0.00178623199 4.67062249 146 146 44 11 -1
-2.43499231 0.0765714645 4.67064384 149 165 43 11 -1
-1.20085335 -1.84320068 4.69761827 152 196 55 11 -1
-1.02454758 -1.94114828 4.70525555 176 186 32 11 -1
-1.02454758 -1.84320068 4.70607913 167 192 41 11 -1
-0.828652382 -1.90196896 4.70990274 178 179 29 11 -1
-1.12249565 -1.76484251 4.70334885 144 192 57 11 -1
-0.985368729 -1.70607376 4.71710845 149 193 54 11 -1
-0.848241806 -1.74525309 4.71595963 167 187 38 11 -1
-0.769884109 -1.66689491 4.72453693 161 194 46 11 -1
-0.965779305 -1.58853674 4.72231487 129 197 75 11 -1
-0.86783123 -1.56894732 4.72799351 133 200 72 11 -1
-0.828652382 -1.43182087 4.73826369 102 200 102 11 -1
-0.730705261 -1.58853674 4.73195473 154 198 54 11 -1
-0.652347565 -1.62771606 4.73612231 172 202 50 8 -1
-0.711115837 -1.41223145 4.74641077 107 200 99 11 -1
-1.06372643 -1.29469395 4.7340171 54 201 159 11 -1
-0.86783123 -1.23592567 4.74153416 61 203 152 11 -1
-0.691526413 -1.31428337 4.7508244 84 203 122 8 -1
-0.691526413 -1.15756798 4.75894162 54 206 156 8 -1
-0.652347565 -1.11838913 4.76604788 53 204 164 8 -1
-0.848241806 -0.844135284 4.7726638 31 189 182 11 -1
-0.789473534 -0.922493935 4.75999324 30 189 180 11 -1
-0.632757187 -0.922493935 4.78086387 36 198 184 8 -1
-0.691526413 -0.844135284 4.77177436 31 188 180 11 -1
-0.671936989 -0.72659874 4.78131616 35 193 188 8 -1
-2.18032885 -0.0997343063 4.69961042 133 210 84 9 -1
-1.9452548 -0.217270851 4.71049685 93 211 125 11 -1
-1.9452548 -0.11932373 4.70215942 113 212 104 11 -1
-1.84730721 -0.138913155 4.70737394 108 210 112 11 -1
-1.37715912 -0.413166046 4.75204194 37 195 184 11 -1
-1.18126392 -0.491524696 4.75506316 33 187 182 11 -1
-1.72976971 -0.276040077 4.72774094 72 213 154 11 -1
-1.51428509 -0.33480835 4.7356524 41 196 174 11 -1
-1.74936008 -0.236861229 4.7174719 77 210 143 11 -1
-1.67100143 -0.158502579 4.72389019 89 212 133 11 -1
-1.37715912 -0.354397774 4.75431831 35 191 180 11 -1
-1.31839085 -0.315218925 4.74559208 37 193 181 11 -1
-1.20085335 -0.276040077 4.75621432 37 193 184 11 -1
-2.16073942 -0.0605554581 4.69528937 142 215 81 9 -1
-2.10197067 -0.00178623199 4.69812301 144 213 75 11 -1
-1.044137 -0.648240089 4.76674044 31 184 185 11 -1
-0.907011032 -0.569882393 4.77604753 30 187 184 11 -1
-1.044137 -0.491524696 4.75872243 38 195 188 11 -1
-0.94618988 -0.491524696 4.77166865 36 190 184 11 -1
-0.86783123 -0.471935272 4.7792943 33 185 185 11 -1
-0.691526413 -0.667829514 4.78076929 35 190 186 11 -1
-0.789473534 -0.471935272 4.78652857 33 188 183 11 -1
-3.51241541 0.66425705 4.60650644 139 73 50 -1 -1
-3.29693079 0.840561867 4.63679944 109 50 26 11 -1
-3.08144617 0.801383018 4.65226239 101 41 22 11 -1
-3.41446781 0.977688789 4.62994031 185 102 102 2 -1
-3.47323656 1.09522629 4.64477055 107 39 22 2 -1
-3.06185675 0.918920517 4.66587451 99 38 22 11 -1
-2.94431973 0.585898399 4.65726486 112 60 32 11 -1
-3.00308847 0.781793594 4.6579371 101 41 23 11 -1
-2.90514088 0.918920517 4.67351001 102 36 20 11 -1
-3.10103559 1.27153111 4.67431725 101 36 20 15 -1
-2.0432024 2.56443882 4.82992829 156 219 100 -1 -1
-1.82771778 2.64279747 4.84577359 118 185 77 -1 -1
-1.76894951 3.01499748 4.88193049 51 198 158 12 -1
-1.92952728 -3.58666706 4.55413504 35 189 185 -1 -1
-1.64070034 -3.37118244 4.58865868 28 182 182 9 -1
-1.98443365 -2.9015913 4.58243417 31 188 183 11 -1
-1.47510624 -3.13823891 4.61370523 46 200 174 11 -1
-1.45551682 -2.6483655 4.63886715 140 221 98 11 -1
-1.45551682 -2.57109404 4.64257748 150 218 90 11 -1
-1.31050777 -2.2349906 4.67085433 173 185 36 11 -1
-1.37715912 -2.0804944 4.67269358 155 190 49 11 -1
-0.671936989 -2.41763163 4.71553715 184 179 30 8 -1
-0.750294685 -2.20404577 4.7192338 255 220 102 0 -1
-3.50292683 -0.256450653 4.58233734 155 171 70 -1 -1
-3.21857309 -0.316988945 4.6032328 149 150 50 -1 -1
-3.37528896 0.190598488 4.61448736 156 94 58 -1 -1
-3.11445379 0.115750313 4.63272705 134 52 26 11 -1
-2.911129 0.0178031921 4.64504359 147 68 27 11 -1
-1.25962162 -1.97854805 4.6874274 161 191 44 11 -1
-1.10290623 -1.69948483 4.71394525 137 200 69 11 -1
-1.06372643 -1.38247776 4.73244654 70 202 140 11 -1
-0.923052788 -1.21633625 4.75219945 50 205 164 11 -1
-2.16073942 -0.131237984 4.70069974 122 208 95 9 -1
-1.25962162 -0.576498985 4.75474933 32 182 182 11 -1
-1.61223316 -0.334284782 4.73686374 52 204 167 11 -1
-0.997356415 -0.707009315 4.770436 32 187 185 11 -1
-3.54942799 0.644667625 4.62171371 146 72 46 -1 -1
-3.33663893 1.03645706 4.65833807 101 41 22 11 -1
-3.10103559 0.938009262 4.6733325 104 44 26 11 -1
-3.17939377 1.20028114 4.67936685 93 24 15 15 -1
-2.03258753 2.64279747 4.84462727 149 236 126 26 -1
-1.96484423 2.89037037 4.8621855 59 171 124 12 -1
-2.47417164 -3.66502476 4.516767 29 182 183 -1 -1
-2.25868702 -3.58666706 4.54538863 27 181 181 -1 -1
-2.08238125 -3.54748774 4.55612558 31 184 183 -1 -1
-1.9452548 -3.52789831 4.57265493 35 187 186 -1 -1
-1.76894951 -3.37118244 4.584004 31 183 184 11 -1
-1.69059086 -3.46913004 4.58947443 26 180 183 -1 -1
-1.65141201 -3.39077187 4.58989225 30 181 181 9 -1
-1.74936008 -3.27323484 4.59403284 35 191 186 11 -1
-1.55346489 -3.33200312 4.60162155 30 189 184 9 -1
-1.78853893 -3.15569782 4.60612836 36 193 187 11 -1
-1.86689663 -2.82267618 4.61339891 33 191 179 11 -1
-1.72976971 -3.1361084 4.59702712 35 196 183 11 -1
-1.59264374 -3.17528725 4.60739289 38 195 180 11 -1
-1.67100143 -3.0381608 4.61939541 45 202 182 11 -1
-1.57305431 -3.05775023 4.61120791 47 198 170 11 -1
-1.51428509 -2.9402132 4.6338188 79 214 157 11 -1
-1.61223316 -2.84226561 4.62590084 69 208 153 11 -1
-1.59264374 -2.86185503 4.62562151 73 209 152 11 -1
-1.55346489 -2.76390743 4.6352588 92 212 131 11 -1
-1.59264374 -2.72472858 4.62813751 88 205 135 11 -1
-1.53387547 -2.62678099 4.64007165 123 210 102 11 -1
-1.53387547 -2.56801224 4.65139173 129 215 102 11 -1
-1.47510624 -2.48965454 4.6595958 142 205 77 11 -1
-1.55346489 -2.29375935 4.66373038 122 195 82 11 -1
-1.39674854 -2.43088579 4.65476606 167 197 56 11 -1
-1.47510624 -2.2545805 4.66412271 140 195 66 11 -1
-1.55346489 -2.07827473 4.6755898 109 195 94 11 -1
-1.47510624 -1.98032713 4.68323097 121 196 82 11 -1
-1.41633797 -2.1566329 4.67151164 157 193 51 11 -1
-1.20085335 -2.137043 4.68532087 177 180 28 11 -1
-1.29880047 -1.99991655 4.68323435 158 189 46 11 -1
-3.33611012 -0.354397774 4.60268914 140 149 50 -1 -1
-3.27734137 -0.0997343063 4.61479168 152 77 20 23 -1
-2.43499231 -0.138913155 4.69293741 136 197 82 11 -1
-3.33611012 0.154929161 4.62854444 142 60 38 -1 -1
-3.29693079 0.0178031921 4.62304049 150 69 26 23 -1
-3.10103559 -0.0409660339 4.63294753 160 80 32 11 -1
-3.0226779 0.0178031921 4.63977267 150 67 30 11 -1
-3.14021492 0.0765714645 4.63697113 139 56 30 11 -1
-2.98349857 -0.0605554581 4.64573845 158 84 29 11 -1
-2.98349857 0.0373926163 4.64025922 146 70 31 11 -1
-2.65047693 -0.0409660339 4.67009774 149 122 39 11 -1
-2.43499231 -0.0409660339 4.68294154 148 181 61 11 -1
-1.33798027 -1.96073771 4.68465791 147 189 54 11 -1
-1.33798027 -1.84320068 4.69486117 128 197 78 11 -1
-1.29880047 -1.80402136 4.70014508 128 199 77 11 -1
-1.2400322 -1.80402136 4.70220049 144 197 62 11 -1
-1.1616745 -1.70607376 4.71174703 129 197 76 11 -1
-1.18126392 -1.62771606 4.71997613 109 196 92 11 -1
-1.18126392 -1.47099972 4.72910332 69 198 136 11 -1
-1.1616745 -1.2555151 4.74273506 42 196 168 11 -1
-1.2400322 -1.07920933 4.75183235 26 181 177 11 -1
-1.1616745 -1.02044106 4.75087163 26 181 176 11 -1
-1.39674854 -0.72659874 4.75543271 31 187 182 11 -1
-1.18126392 -0.804956436 4.76511769 32 189 181 11 -1
-1.12249565 -1.70607376 4.7143094 136 197 69 11 -1
-1.06372643 -1.51017904 4.72720737 96 198 107 11 -1
-1.00495815 -1.43182087 4.73842023 81 199 123 11 -1
-0.965779305 -1.45141029 4.74160791 92 198 111 11 -1
-0.985368729 -1.27510452 4.74660082 60 204 153 11 -1
-0.926600456 -1.27510452 4.75105377 60 205 153 11 -1
-1.02454758 -1.11838913 4.75485075 32 189 175 11 -1
-0.965779305 -1.15756798 4.75477314 45 201 169 11 -1
-1.10290623 -0.961672783 4.76252476 27 185 179 11 -1
-1.02454758 -0.942083359 4.76240754 26 184 179 11 -1
-0.907011032 -0.942083359 4.77465798 29 187 181 11 -1
-0.985368729 -0.844135284 4.77244635 33 190 184 11 -1
-0.985368729 -0.746188164 4.77572752 32 188 184 11 -1
-0.94618988 -0.72659874 4.78204958 34 189 184 11 -1
-1.82771778 -0.452344894 4.73205156 49 208 175 11 -1
-2.33704472 -0.236861229 4.70036227 113 209 107 9 -1
-2.35663462 -0.0997343063 4.69622216 141 200 79 11 -1
-2.1215601 -0.236861229 4.710634 95 208 119 9 -1
-2.02361298 -0.315218925 4.71958314 81 217 148 11 -1
-1.84730721 -0.354397774 4.72351249 63 209 159 11 -1
-1.76894951 -0.315218925 4.72882189 64 210 156 11 -1
-1.71018028 -0.51111412 4.73494177 40 203 182 11 -1
-1.47510624 -0.51111412 4.74998705 36 196 187 11 -1
-1.37715912 -0.687419891 4.75569596 28 179 182 11 -1
-1.35756969 -0.628650665 4.75133329 35 190 185 11 -1
-1.1616745 -0.687419891 4.76481375 31 185 182 11 -1
-1.37715912 -0.51111412 4.75578167 40 197 187 11 -1
-1.69059086 -0.33480835 4.74089488 59 211 167 11 -1
-2.35663462 -0.0605554581 4.69265696 151 200 70 11 -1
-0.985368729 -0.628650665 4.77597446 33 189 185 11 -1
-0.926600456 -0.609061241 4.78110386 32 188 183 11 -1
-3.53200483 0.958099365 4.63836328 190 100 87 2 -1
-3.31652021 0.918920517 4.65926218 115 70 49 11 -1
-3.17939377 0.958099365 4.68309412 102 42 23 11 -1
-3.21857309 1.09522629 4.68141981 104 46 23 -1 -1
-3.25775194 1.33030033 4.68802589 102 29 16 15 -1
-2.1215601 2.81910324 4.86358774 124 221 114 12 -1
-1.78853893 3.07376671 4.9049308 55 210 168 12 -1
-2.21135521 -3.54748774 4.55201484 30 182 185 -1 -1
-2.1215601 -3.47659063 4.56293555 28 181 181 9 -1
-1.90904713 -3.23405552 4.59237007 30 183 181 9 -1
-1.8000536 -3.07733965 4.60901856 38 194 185 11 -1
-1.82771778 -2.85569811 4.6173454 37 193 178 11 -1
-1.55632496 -2.9402132 4.63600466 69 217 170 11 -1
-1.61223316 -2.54352856 4.6503723 110 216 121 11 -1
-1.53387547 -2.35989666 4.66574878 136 200 85 11 -1
-1.53387547 -2.00243425 4.68291299 113 196 90 11 -1
-0.632757187 -2.27184057 4.7454066 254 220 102 0 -1
-3.35569954 -0.373804092 4.60861573 132 162 65 -1 -1
-3.32684898 -0.354397774 4.61196255 141 154 53 -1 -1
-2.85688114 -0.0997343063 4.66353014 155 94 28 11 -1
-3.35187769 0.0765714645 4.63056125 150 61 32 -1 -1
-3.48544312 0.409592628 4.63537154 158 73 51 11 -1
-1.38681221 -1.62771606 4.71321595 75 197 127 11 -1
-1.32723904 -1.23592567 4.73701515 29 186 173 11 -1
-1.24838924 -0.90290451 4.75960602 30 188 183 11 -1
-2.33704472 -0.278579712 4.69845635 102 209 119 9 -1
-1.9452548 -0.349679947 4.72783778 71 212 153 11 -1
-1.67100143 -0.482171059 4.74443283 44 205 181 11 -1
-3.56043339 0.546719551 4.63567875 149 77 50 -1 -1
-3.49282598 1.13072586 4.66938007 104 34 19 -1 -1
-3.24150372 1.15399456 4.69153472 108 48 26 15 -1
-3.19898319 1.3258419 4.70334554 101 29 16 15 -1
-2.08238125 2.84670448 4.86983959 104 196 110 12 -1
-2.05245829 2.72003365 4.85353332 119 195 105 26 -1
-2.55252934 -3.56707764 4.54102741 29 180 183 -1 -1
-2.43499231 -3.56707764 4.54795925 26 179 181 -1 -1
-2.21950769 -3.54748774 4.55489344 30 182 185 -1 -1
-2.33704472 -3.50830889 4.55901434 32 183 184 -1 -1
-2.14115 -3.41036129 4.5765408 30 183 183 11 -1
-1.96484423 -3.48871946 4.58518451 31 183 184 9 -1
-1.84730721 -3.41036129 4.59356238 36 189 187 11 -1
-1.96484423 -3.29282427 4.6019312 33 187 186 11 -1
-1.90607548 -3.29282427 4.59861556 34 189 186 9 -1
-2.06279182 -3.21446609 4.59016394 32 183 183 11 -1
-1.98443365 -3.1361084 4.60290788 32 185 184 11 -1
-1.84730721 -3.1165185 4.61191658 38 196 189 11 -1
-1.84730721 -2.95980263 4.62984712 37 195 183 11 -1
-1.96484423 -2.84226561 4.61895649 32 191 183 11 -1
-1.90607548 -2.78349686 4.62723844 31 191 180 11 -1
-1.88648605 -2.70513916 4.63008772 35 190 176 11 -1
-1.76894951 -2.60719156 4.64110562 55 203 159 11 -1
-1.72976971 -2.72472858 4.63659666 59 203 160 11 -1
-1.92566538 -2.56801224 4.6418564 39 193 176 11 -1
-1.88648605 -2.50924397 4.64632896 40 195 176 11 -1
-1.78853893 -2.43088579 4.64416352 61 203 156 11 -1
-1.84730721 -2.17622232 4.66549137 46 195 159 11 -1
-1.67100143 -2.54842281 4.65390407 88 212 139 11 -1
-1.55346489 -2.58760214 4.65341471 114 217 116 11 -1
-1.74936008 -2.35252762 4.64965681 71 199 137 11 -1
-1.59264374 -2.37211752 4.67216934 119 200 100 11 -1
-1.67100143 -2.21540117 4.66968586 82 195 120 11 -1
-1.59264374 -2.27416992 4.66527769 115 194 88 11 -1
-1.67100143 -2.07827473 4.68176148 74 197 132 11 -1
-1.57305431 -1.99991655 4.6819087 96 197 106 11 -1
-3.76707935 0.154929161 4.61548445 174 121 39 11 -1
-3.64954185 0.233287811 4.63165295 155 77 32 11 -1
-3.53200483 -0.197681427 4.60237092 186 185 78 -1 -1
-3.27734137 -0.33480835 4.63109587 146 151 52 -1 -1
-2.80719328 -0.158502579 4.68206891 157 123 42 11 -1
-2.39581347 -0.315218925 4.70684958 95 208 124 11 -1
-2.68965626 -0.158502579 4.68936791 152 153 57 11 -1
-2.53293991 -0.178092003 4.69938543 137 182 77 9 -1
-3.49282598 0.0373926163 4.63421473 165 89 33 -1 -1
-3.43405771 0.0178031921 4.62252072 159 83 32 -1 -1
-3.49282598 0.135339737 4.63255683 150 70 30 11 -1
-3.41446781 0.0765714645 4.63229817 148 67 27 -1 -1
-3.61036301 0.233287811 4.63084218 150 70 28 11 -1
-3.61036301 0.350824356 4.63877568 136 64 30 11 -1
-3.61036301 0.429183006 4.64162745 133 60 32 11 -1
-1.61223316 -1.94114828 4.68088551 79 197 124 11 -1
-1.59264374 -1.90196896 4.68678501 79 197 124 11 -1
-1.61223316 -1.80402136 4.69974751 62 198 142 11 -1
-1.47510624 -1.78443193 4.71222189 87 197 117 11 -1
-1.47510624 -1.68648434 4.71791112 69 198 133 11 -1
-1.49469566 -1.64730549 4.71556528 55 195 147 11 -1
-1.51428509 -1.43182087 4.72925535 36 193 172 11 -1
-1.43592739 -1.62771606 4.71526542 68 197 136 11 -1
-1.31839085 -1.54935789 4.73016542 67 197 135 11 -1
-1.43592739 -1.43182087 4.73007043 39 194 168 11 -1
-1.35756969 -1.41223145 4.73454888 46 199 163 11 -1
-1.2400322 -1.39264202 4.74437927 51 201 157 11 -1
-1.45551682 -1.33387375 4.73861549 30 187 175 11 -1
-1.53387547 -1.13797855 4.7424344 27 183 178 11 -1
-1.51428509 -1.0596199 4.74902125 26 181 179 11 -1
-1.29880047 -1.27510452 4.74185173 31 189 171 11 -1
-1.2400322 -1.29469395 4.75168691 40 198 170 11 -1
-1.35756969 -1.1771574 4.74513449 28 185 178 11 -1
-1.31839085 -1.07920933 4.75185546 25 183 178 11 -1
-1.45551682 -1.00085163 4.75068561 31 189 183 11 -1
-1.45551682 -0.844135284 4.75973937 34 187 185 11 -1
-1.47510624 -0.72659874 4.7618932 34 189 184 11 -1
-1.39674854 -0.942083359 4.75111208 32 185 182 11 -1
-1.25962162 -0.883314133 4.76236927 30 187 182 11 -1
-1.37715912 -0.785367012 4.7578698 31 186 183 11 -1
-2.1215601 -0.43275547 4.7250315 63 213 163 9 -1
-1.9452548 -0.609061241 4.72711618 41 200 183 11 -1
-1.88648605 -0.628650665 4.73419243 39 198 184 11 -1
-1.96484423 -0.530703545 4.72626057 46 205 180 11 -1
-1.96484423 -0.43275547 4.73321441 55 209 166 11 -1
-2.35663462 -0.393576622 4.70937738 70 211 147 9 -1
-2.31745529 -0.295629501 4.70018344 100 214 125 9 -1
-2.1215601 -0.373987198 4.72126633 71 210 153 9 -1
-2.02361298 -0.373987198 4.72762457 66 209 156 11 -1
-1.67100143 -0.648240089 4.75105471 37 194 185 11 -1
-1.55346489 -0.707009315 4.75481556 32 189 183 11 -1
-1.59264374 -0.569882393 4.7637881 35 197 184 11 -1
-1.72976971 -0.413166046 4.74283361 55 210 175 11 -1
-3.57118416 0.546719551 4.64444243 151 77 50 -1 -1
-3.55159473 1.05604649 4.66088918 126 58 32 2 -1
-3.27734137 1.07563686 4.69390858 102 44 25 -1 -1
-3.29693079 1.21276283 4.70563285 107 41 23 -1 -1
-2.18032885 2.56443882 4.85791388 146 185 68 2 -1
-2.08238125 2.85828209 4.87494359 106 195 109 12 -1
-1.90607548 3.01499748 4.90154477 50 199 162 12 -1
-2.41490126 -3.54748774 4.55456705 26 178 181 -1 -1
-2.08949804 -3.42995071 4.58744924 34 187 186 9 -1
-1.97191763 -3.44954014 4.59635089 32 184 183 9 -1
-2.19080257 -2.97939205 4.60060376 33 185 185 11 -1
-1.86878777 -3.0381608 4.62473667 37 191 187 11 -1
-1.82771778 -2.77847242 4.64064392 37 192 173 11 -1
-1.96698761 -2.54842281 4.64003235 34 193 179 11 -1
-1.88648605 -2.24051094 4.66155582 36 190 167 11 -1
-1.71018028 -2.06880474 4.68455858 71 200 138 11 -1
-0.584759712 -2.17622232 4.77360598 254 219 102 0 -1
-3.8062582 0.232252121 4.61959222 169 117 36 11 -1
-3.5691185 -0.276040077 4.61503583 172 202 96 -1 -1
-3.44142151 -0.11932373 4.63324995 183 141 50 -1 -1
-2.91398239 -0.197681427 4.67363765 162 126 41 11 -1
-2.67333031 -0.217270851 4.69284122 146 166 66 11 -1
-3.62995243 0.36433506 4.6406924 140 67 31 11 -1
-1.62600899 -1.64730549 4.71184333 39 194 162 11 -1
-1.76894951 -0.82820797 4.73920871 38 195 187 11 -1
-1.6173687 -1.0596199 4.74078537 28 181 179 11 -1
-1.58941936 -1.00085163 4.74594679 31 187 185 11 -1
-1.59181404 -0.785367012 4.75609322 35 194 186 11 -1
-2.01547575 -0.687419891 4.725333 40 201 186 11 -1
-2.02361298 -0.547205925 4.73138449 45 204 177 11 -1
-3.57118416 0.756082535 4.66442217 142 63 36 -1 -1
-3.51241541 1.15463543 4.68847875 108 36 20 -1 -1
-3.48047161 1.48701572 4.7071125 114 39 13 15 -1
-2.18032885 2.83121967 4.88048757 124 186 84 12 -1
-0.666668892 -2.28719759 4.75041174 254 220 102 0 -1
-2.57211924 -3.54748774 4.54941009 28 180 181 -1 -1
-2.47417164 -3.50830889 4.56453038 32 182 185 -1 -1
-2.61129808 -3.37118244 4.56598972 28 179 180 9 -1
-2.41540289 -3.29282427 4.5862606 34 187 185 11 -1
-2.2390976 -3.46913004 4.58132339 33 187 183 11 -1
-2.19991827 -3.44954014 4.58401867 34 185 184 11 -1
-2.2390976 -3.31241369 4.58829623 33 185 185 11 -1
-2.08238125 -3.35159302 4.60031041 29 180 182 9 -1
-2.00402308 -3.42995071 4.59680229 31 184 183 9 -1
-2.27827644 -3.21446609 4.59732824 33 183 185 11 -1
-2.21950769 -3.21446609 4.6032165 33 186 185 11 -1
-2.18032885 -3.07733965 4.60024491 30 182 184 9 -1
-2.29786587 -3.01857138 4.60772208 31 183 183 11 -1
-2.08238125 -3.05775023 4.62092386 31 183 182 11 -1
-2.00402308 -3.09692907 4.61128517 34 188 185 11 -1
-1.92566538 -3.05775023 4.62584329 34 189 185 11 -1
-1.96484423 -2.92062378 4.62635865 30 188 181 11 -1
-2.10197067 -2.88144445 4.62441379 31 187 182 11 -1
-2.19991827 -2.70513916 4.63105776 28 183 182 11 -1
-2.14115 -2.66595984 4.63028614 30 183 183 11 -1
-1.96484423 -2.80308676 4.6289411 29 186 181 11 -1
-2.0432024 -2.64637041 4.63758696 34 188 182 11 -1
-1.78853893 -2.70513916 4.64868637 49 204 172 11 -1
-2.16073942 -2.45047522 4.64466667 29 183 178 9 -1
-1.98443365 -2.58760214 4.64551317 33 188 182 11 -1
-1.92566538 -2.45047522 4.65247643 40 192 175 11 -1
-2.02361298 -2.35252762 4.66176756 30 191 179 11 -1
-1.90607548 -2.33293819 4.66045236 42 197 168 11 -1
-1.96484423 -2.2545805 4.67038483 31 189 174 11 -1
-1.78853893 -2.2349906 4.67006836 61 200 148 11 -1
-1.86689663 -2.11745358 4.67242605 38 192 164 11 -1
-1.80812836 -2.03909588 4.68042501 48 196 162 11 -1
-0.789473534 -2.2349906 4.77209702 255 220 102 0 -1
-3.74748945 -0.00178623199 4.62795084 160 139 44 11 -1
-3.88461637 0.174518585 4.62877367 170 148 46 11 -1
-3.68872118 0.0961608887 4.62872123 168 110 36 11 -1
-3.84543705 0.233287811 4.62411484 174 130 38 11 -1
-3.84543705 0.37041378 4.63699726 169 114 34 11 -1
-3.64954185 0.37041378 4.64218266 142 69 30 11 -1
-3.76707935 0.409592628 4.64038786 159 91 31 11 -1
-3.76707935 0.527130127 4.64922931 156 89 30 11 -1
-3.41446781 -0.373987198 4.64105642 123 168 71 -1 -1
-3.51241541 -0.11932373 4.63000713 189 156 59 -1 -1
-2.57211924 -0.491524696 4.70108011 70 208 150 9 -1
-2.39581347 -0.452344894 4.72207958 71 213 155 11 -1
-2.88555098 -0.256450653 4.68396072 158 149 56 11 -1
-2.78760386 -0.276040077 4.68741854 144 163 66 9 -1
-2.80719328 -0.217270851 4.69101825 156 142 51 11 -1
-2.63088751 -0.354397774 4.69620491 108 192 108 9 -1
-2.51335049 -0.393576622 4.71406431 84 207 137 11 -1
-2.51335049 -0.276040077 4.70857103 119 199 102 11 -1
-3.49282598 -0.0801448822 4.63379231 192 144 53 -1 -1
-3.51241541 0.0373926163 4.6365327 166 96 35 11 -1
-1.76894951 -1.96073771 4.68736787 48 195 155 11 -1
-1.88648605 -1.80402136 4.69811964 28 189 176 11 -1
-1.78853893 -1.72566366 4.70034299 33 190 172 11 -1
-1.80812836 -1.49058914 4.72187639 30 188 179 11 -1
-1.71018028 -1.84320068 4.69967814 50 195 154 11 -1
-1.71018028 -1.66689491 4.71281774 36 192 168 11 -1
-1.63182259 -1.58853674 4.71773388 35 189 165 11 -1
-1.53387547 -1.60812664 4.7220023 50 195 153 11 -1
-1.65141201 -1.49058914 4.72817964 33 191 175 11 -1
-1.55346489 -1.49058914 4.72783927 34 191 167 11 -1
-1.76894951 -1.13797855 4.74062613 26 177 178 11 -1
-1.96484423 -0.90290451 4.73776565 37 195 186 11 -1
-1.84730721 -0.90290451 4.74618236 34 191 184 11 -1
-2.00402308 -0.785367012 4.73833127 34 196 187 11 -1
-1.84730721 -0.82454586 4.74546357 35 195 185 11 -1
-1.76894951 -0.785367012 4.74423744 38 195 188 11 -1
-1.72976971 -1.19674683 4.73938539 26 180 179 11 -1
-1.57305431 -1.19674683 4.74226964 24 180 179 11 -1
-1.61223316 -1.13797855 4.73860381 27 183 180 11 -1
-1.49469566 -1.07920933 4.7503565 28 185 179 11 -1
-1.69059086 -0.922493935 4.74902348 35 194 185 11 -1
-1.49469566 -0.961672783 4.75641031 33 187 185 11 -1
-1.65141201 -0.844135284 4.75467986 36 194 187 11 -1
-1.65141201 -0.746188164 4.75615 36 195 188 11 -1
-2.21950769 -0.569882393 4.7287085 43 206 179 9 -1
-2.2390976 -0.530703545 4.72313634 49 206 174 9 -1
-2.18032885 -0.550292969 4.72433414 45 204 176 11 -1
-2.18032885 -0.413166046 4.72522606 65 212 158 9 -1
-1.74936008 -0.687419891 4.74913074 35 197 187 11 -1
-3.7083106 0.625077248 4.66566958 150 79 33 11 -1
-3.61036301 0.625077248 4.6551564 151 80 46 7 -1
-3.61036301 0.977688789 4.67965318 127 57 27 -1 -1
-3.35569954 1.19317341 4.71503549 104 39 21 -1 -1
-2.39581347 2.62320805 4.87162227 174 171 32 -1 -1
-2.16073942 2.64279747 4.88920463 161 222 109 -1 -1
-2.14115 2.76033401 4.88216108 117 174 81 -1 -1
-2.0432024 3.01499748 4.91905422 73 200 148 12 -1
-2.8267827 -3.64664984 4.53491779 26 179 182 -1 -1
-2.42335367 -3.46913004 4.57721145 38 187 186 9 -1
-2.48942661 -3.33200312 4.5782651 30 181 181 11 -1
-2.35663462 -3.29590797 4.59111385 32 183 183 11 -1
-2.3421464 -3.05775023 4.60376219 31 182 183 11 -1
-2.28779507 -2.68554926 4.62618367 34 185 183 11 -1
-2.08238125 -2.50219202 4.65218241 27 182 180 11 -1
-2.02278757 -2.2545805 4.66906032 28 184 176 11 -1
-0.813648224 -2.21540117 4.77215466 255 221 102 0 -1
-3.68096733 -0.0213766098 4.6374909 164 131 43 11 -1
-3.85738039 0.487951279 4.64718024 174 110 33 11 -1
-3.47323656 -0.317865372 4.64064291 127 152 59 -1 -1
-2.59170866 -0.524029732 4.70453335 65 210 158 9 -1
-2.9247303 -0.348107338 4.68510444 148 169 68 9 -1
-1.8972187 -1.78443193 4.70214631 32 190 178 11 -1
-1.74936008 -1.3683567 4.73450168 23 180 177 11 -1
-2.00402308 -0.937541008 4.73387108 32 188 186 11 -1
-1.71018028 -1.29029465 4.74152958 27 183 178 11 -1
-2.19991827 -0.623215675 4.73256624 42 205 181 9 -1
-3.66913176 0.851167679 4.68037841 141 70 31 11 -1
-3.43056393 1.23235226 4.71865141 103 40 22 -1 -1
-2.38742733 2.60361862 4.87181279 169 167 32 -1 -1
-2.31745529 2.73860836 4.88415169 161 182 49 -1 -1
-2.00402308 3.07413197 4.92649885 67 203 159 12 -1
-3.1206255 -3.52789831 4.53364238 26 176 179 -1 -1
-2.88555098 -3.58666706 4.54763488 27 179 182 -1 -1
-2.70924568 -3.42995071 4.56769577 30 177 183 9 -1
-2.57211924 -3.48871946 4.57369249 35 186 184 -1 -1
-2.43499231 -3.48871946 4.57679195 35 185 185 -1 -1
-2.67006683 -3.25364542 4.58319459 30 186 183 9 -1
-2.47417164 -3.29282427 4.58909559 29 180 183 11 -1
-2.67006683 -3.17528725 4.58704198 28 183 182 11 -1
-2.59170866 -3.09692907 4.5900861 32 180 183 11 -1
-2.47417164 -3.1361084 4.59026339 32 181 184 11 -1
-2.59170866 -2.9402132 4.60780492 30 182 182 11 -1
-2.51335049 -2.92062378 4.60647076 27 180 179 11 -1
-2.49376106 -2.84226561 4.62064875 30 183 182 11 -1
-2.45458221 -2.74431801 4.62238675 37 191 187 11 -1
-2.37622404 -3.09692907 4.60668833 28 181 181 9 -1
-2.35663462 -2.86185503 4.62639145 31 184 183 11 -1
-2.31745529 -2.76390743 4.625052 32 183 184 11 -1
-2.33704472 -2.74431801 4.62694207 32 182 186 11 -1
-2.25868702 -2.62678099 4.63972473 31 184 182 11 -1
-2.25868702 -2.45047522 4.6506642 30 183 181 9 -1
-2.2390976 -2.37211752 4.6551681 27 183 179 9 -1
-2.16073942 -2.35252762 4.66020355 24 179 176 9 -1
-2.06279182 -2.35252762 4.66208624 27 183 177 11 -1
-2.18032885 -2.1566329 4.67818197 28 184 180 9 -1
-2.10197067 -2.0586853 4.68924012 25 182 178 11 -1
-2.06279182 -2.11745358 4.68264727 25 181 176 11 -1
-2.00402308 -1.98032713 4.69194705 26 184 177 11 -1
-0.613167763 -2.17622232 4.80357476 254 219 102 0 -1
-3.76707935 -0.256450653 4.63236288 130 208 108 11 -1
-3.9042058 -0.11932373 4.62845307 119 192 98 11 -1
-3.66913176 -0.236861229 4.63166904 173 216 106 -1 -1
-3.7083106 -0.0997343063 4.64080276 174 177 68 11 -1
-4.10010099 0.213698387 4.63200755 137 191 86 11 -1
-3.84543705 -0.0605554581 4.62835984 152 176 70 11 -1
-3.78666878 -0.0801448822 4.6289091 160 172 67 11 -1
-3.9042058 0.115750313 4.63114225 154 155 52 11 -1
-4.0021534 0.292056084 4.63661418 162 165 56 11 -1
-4.0021534 0.507540703 4.6481398 167 147 40 11 -1
-3.9042058 0.507540703 4.65012262 172 126 32 11 -1
-3.25775194 -0.413166046 4.67109218 136 175 72 11 -1
-3.04226732 -0.43275547 4.67918161 135 190 85 9 -1
-3.47323656 -0.33480835 4.64895697 128 157 62 -1 -1
-3.0226779 -0.373987198 4.68051424 145 177 72 9 -1
-2.88555098 -0.471935272 4.69504958 108 197 111 9 -1
-2.84637213 -0.43275547 4.69464475 115 190 100 9 -1
-2.59170866 -0.609061241 4.71582268 53 207 170 9 -1
-2.49376106 -0.628650665 4.72499019 44 201 176 11 -1
-2.68965626 -0.491524696 4.70479415 82 205 138 9 -1
-2.49376106 -0.491524696 4.71480704 66 211 158 11 -1
-2.96390915 -0.354397774 4.68250323 142 171 70 9 -1
-2.08238125 -1.82361126 4.7011565 25 179 178 11 -1
-1.96484423 -1.92155838 4.70116507 27 187 176 11 -1
-1.92566538 -1.82361126 4.70049217 28 189 177 11 -1
-1.98443365 -1.74525309 4.71365766 25 184 179 11 -1
-1.90607548 -1.80402136 4.70097644 30 190 177 11 -1
-1.96484423 -1.64730549 4.71603136 28 188 180 11 -1
-1.88648605 -1.64730549 4.71324446 24 182 178 11 -1
-2.00402308 -1.49058914 4.72292139 25 179 180 11 -1
-1.86689663 -1.47099972 4.72538501 26 183 178 11 -1
-1.82771778 -1.35346317 4.73686698 24 178 178 11 -1
-2.1215601 -1.04003048 4.73869492 33 188 183 9 -1
-2.00402308 -1.23592567 4.73204817 26 178 178 11 -1
-1.84730721 -1.29469395 4.73662815 25 180 178 11 -1
-1.78853893 -1.2555151 4.7392268 25 178 178 11 -1
-2.0432024 -1.04003048 4.74122758 35 192 185 11 -1
-1.90607548 -1.09879875 4.74106839 33 186 185 11 -1
-2.18032885 -0.883314133 4.73658659 37 193 185 9 -1
-2.25868702 -0.765777588 4.73409479 36 195 185 9 -1
-2.19991827 -0.785367012 4.73120992 35 194 184 9 -1
-1.98443365 -1.02044106 4.74491316 36 194 186 11 -1
-1.84730721 -0.981262207 4.74791208 33 189 185 11 -1
-1.74936008 -1.0596199 4.74990321 34 186 187 11 -1
-2.2390976 -0.648240089 4.73230317 39 200 184 9 -1
-2.21950769 -0.648240089 4.73248386 41 203 182 9 -1
-3.82584763 0.566308975 4.65456546 168 104 31 11 -1
-3.78666878 0.605487823 4.66185008 162 91 33 11 -1
-3.76707935 0.742614746 4.6806896 164 97 37 11 -1
-3.66913176 0.879741669 4.68636336 142 71 30 11 -1
-3.57118416 1.19317341 4.72116885 115 40 20 -1 -1
-3.43405771 1.29112148 4.7348928 104 35 20 -1 -1
-3.59077358 1.44783688 4.72333818 120 50 20 -1 -1
-2.35663462 2.60361862 4.87945339 168 162 36 -1 -1
-2.18032885 2.64279747 4.89211865 162 219 103 -1 -1
-2.29786587 2.77992344 4.89587102 156 183 57 -1 -1
-2.1215601 2.93663979 4.91499925 104 197 120 12 -1
-2.0432024 3.07376671 4.93448275 75 201 151 12 -1
-1.82771778 3.40678787 4.9755404 28 181 184 -1 -1
-2.96309662 -3.54748774 4.54785827 29 180 183 -1 -1
-2.70924568 -3.23657846 4.58403617 31 182 182 11 -1
-2.59373713 -2.9402132 4.60793553 30 182 182 11 -1
-2.45458221 -2.83050394 4.62485162 30 181 181 11 -1
-2.31745529 -2.3429141 4.65974258 24 178 179 9 -1
-0.828652382 -2.22302103 4.79012225 255 221 102 0 -1
-3.96297407 -0.1353302 4.62800277 109 199 109 11 -1
-3.97129297 -0.0409660339 4.63183749 123 188 92 11 -1
-4.03809023 0.252877235 4.64035553 155 179 72 11 -1
-3.31652021 -0.480218887 4.66555484 116 191 91 9 -1
-3.61877346 -0.354397774 4.64629574 138 213 118 -1 -1
-2.67150211 -0.628650665 4.71241996 55 205 165 9 -1
-2.12241173 -1.78443193 4.70288557 28 182 179 11 -1
-1.95573759 -1.3730526 4.73659044 26 180 178 11 -1
-2.06279182 -1.1303978 4.73928079 33 188 184 11 -1
-2.27827644 -0.783849716 4.73788342 35 192 185 9 -1
-3.76707935 0.786161423 4.68864757 164 93 36 11 -1
-3.56317282 1.25194168 4.7280812 112 39 21 11 -1
-3.48903656 1.3890686 4.7408713 115 45 19 -1 -1
-2.25483704 2.83869267 4.91378841 144 188 69 -1 -1
-1.9452548 3.2478447 4.9593487 37 189 177 12 -1
-0.65517807 -2.27502155 4.77398431 254 219 102 0 -1
-3.06185675 -3.54748774 4.55021246 28 179 182 -1 -1
-3.0226779 -3.46913004 4.56017654 29 178 181 -1 -1
-3.00308847 -3.58666706 4.55063266 30 177 183 -1 -1
-2.88555098 -3.48871946 4.57066572 29 178 180 -1 -1
-2.8267827 -3.50830889 4.56405576 30 180 182 -1 -1
-2.90514088 -3.35159302 4.56795515 23 176 178 11 -1
-2.8267827 -3.37118244 4.57846121 29 180 181 11 -1
-2.78760386 -3.27323484 4.57851598 30 181 185 11 -1
-2.9247303 -3.19487667 4.58087947 31 181 183 11 -1
-2.8267827 -3.15569782 4.58899216 27 181 182 11 -1
-2.72883511 -3.1165185 4.59254439 28 182 182 11 -1
-2.80719328 -3.0381608 4.59703003 28 183 181 11 -1
-2.78760386 -2.9402132 4.60923899 30 182 180 11 -1
-2.65047693 -3.01857138 4.60334217 32 184 184 11 -1
-2.49376106 -3.0381608 4.61403771 30 183 183 11 -1
-2.59170866 -2.90103388 4.6107543 30 184 182 11 -1
-2.41540289 -2.86185503 4.62703971 32 184 185 11 -1
-2.57211924 -2.60719156 4.64069316 35 182 184 11 -1
-2.47417164 -2.60719156 4.63724862 35 188 185 11 -1
-2.57211924 -2.48965454 4.64805639 28 182 180 11 -1
-2.53293991 -2.50924397 4.64814086 28 182 180 11 -1
-2.49376106 -2.43088579 4.65430647 26 183 179 11 -1
-2.39581347 -2.33293819 4.66181449 25 179 179 9 -1
-2.39581347 -2.19581175 4.66957952 24 177 177 9 -1
-2.37622404 -2.58760214 4.65822799 32 183 185 11 -1
-2.37622404 -2.39170694 4.65719437 24 180 178 9 -1
-2.31745529 -2.21540117 4.6772112 25 179 178 9 -1
-2.25868702 -2.17622232 4.67973451 26 180 178 11 -1
-2.27827644 -2.11745358 4.6828383 23 178 178 9 -1
-2.29786587 -1.99991655 4.68905862 24 179 178 9 -1
-2.1215601 -1.99991655 4.69364089 24 180 179 11 -1
-2.86596155 -0.72659874 4.70704135 51 203 172 9 -1
-2.45458221 -0.90290451 4.73411909 34 192 184 11 -1
-2.53293991 -0.844135284 4.7296438 36 194 187 11 -1
-2.53293991 -0.746188164 4.7271543 37 198 184 11 -1
-3.68872118 -0.452344894 4.65167725 87 207 137 11 -1
-4.11969042 -0.138913155 4.63170223 80 207 146 11 -1
-4.10010099 -0.138913155 4.63016149 77 205 145 11 -1
-3.8062582 -0.373987198 4.63997633 83 210 143 11 -1
-3.76707935 -0.393576622 4.64513621 91 212 138 11 -1
-3.94338465 -0.236861229 4.63882355 97 202 124 11 -1
-4.13927984 -0.0409660339 4.63422197 96 206 126 11 -1
-4.06092167 -0.0605554581 4.63550982 99 203 121 11 -1
-4.02174282 0.0178031921 4.63658189 124 194 94 11 -1
-4.21763802 0.154929161 4.62946072 99 197 118 11 -1
-4.10010099 0.135339737 4.63535657 128 199 98 11 -1
-4.17845869 0.292056084 4.64113476 129 195 91 11 -1
-4.06092167 0.27246666 4.64305475 151 185 73 11 -1
-4.08051109 0.409592628 4.66133265 155 173 59 11 -1
-3.59077358 -0.589471817 4.65361502 64 208 156 9 -1
-3.61036301 -0.491524696 4.65686434 84 208 138 11 -1
-3.53200483 -0.471935272 4.64991303 100 202 115 11 -1
-3.47323656 -0.471935272 4.6549544 103 201 111 9 -1
-3.15980434 -0.589471817 4.68880408 87 201 127 9 -1
-3.21857309 -0.550292969 4.685642 101 203 115 9 -1
-3.06185675 -0.550292969 4.69236677 97 200 117 9 -1
-2.86596155 -0.687419891 4.70525954 58 205 166 9 -1
-2.86596155 -0.569882393 4.71183123 78 203 139 9 -1
-2.78760386 -0.569882393 4.71775802 71 206 145 9 -1
-2.8267827 -0.530703545 4.7102009 85 202 132 9 -1
-2.59170866 -0.648240089 4.72381482 45 204 173 9 -1
-2.29786587 -1.94114828 4.69083431 26 176 178 9 -1
-2.19991827 -1.94114828 4.69606153 25 180 179 9 -1
-2.1215601 -1.88237953 4.69846258 25 180 178 9 -1
-2.27827644 -1.66689491 4.71305671 28 183 181 9 -1
-2.19991827 -1.68648434 4.71199661 27 181 179 9 -1
-2.29786587 -1.52976847 4.71673389 29 184 181 9 -1
-2.16073942 -1.54935789 4.72429811 30 183 182 9 -1
-2.2390976 -1.41223145 4.72689639 28 185 180 9 -1
-2.21950769 -1.39264202 4.72872438 28 182 180 9 -1
-2.06279182 -1.52976847 4.72402865 29 182 179 11 -1
-2.37622404 -1.2555151 4.72482747 36 190 185 9 -1
-2.18032885 -1.27510452 4.73458258 29 182 178 9 -1
-2.10197067 -1.21633625 4.73269112 26 181 178 11 -1
-2.31745529 -1.09879875 4.72684341 34 187 184 9 -1
-2.16073942 -1.13797855 4.74347045 36 190 185 9 -1
-2.0432024 -1.33387375 4.73273053 24 180 177 11 -1
-2.27827644 -0.981262207 4.73510482 37 195 184 9 -1
-2.2390976 -0.883314133 4.74275086 36 189 186 9 -1
-2.31745529 -0.82454586 4.73916148 35 194 185 9 -1
-4.10010099 0.585898399 4.66774269 171 194 68 11 -1
-4.0021534 0.66425705 4.67330112 181 158 45 11 -1
-3.9042058 0.742614746 4.68280867 183 130 37 11 -1
-3.82584763 0.840561867 4.69761475 168 103 31 11 -1
-3.76707935 0.918920517 4.70800938 156 89 34 11 -1
-3.64954185 1.03645706 4.72120202 134 64 32 7 -1
-3.62995243 1.3890686 4.73676899 119 42 21 -1 -1
-2.45458221 2.72115517 4.89806124 175 173 29 -1 -1
-2.27827644 2.87787151 4.9251498 155 192 66 -1 -1
-2.1215601 3.07376671 4.94343329 99 203 138 12 -1
-1.98443365 3.2696619 4.96746508 38 192 176 12 -1
-1.86689663 3.40678787 4.98014871 28 183 182 -1 -1
-3.05235958 -3.41036129 4.56656016 26 176 179 9 -1
-2.90086985 -2.97939205 4.59993464 29 181 181 11 -1
-2.63378143 -2.72472858 4.63451986 40 192 189 11 -1
-2.48690081 -2.29375935 4.66750852 24 178 178 11 -1
-0.750294685 -2.27641392 4.81370698 255 220 102 0 -1
-2.9247303 -0.741897583 4.70537472 54 204 166 9 -1
-2.65047693 -0.771860123 4.72689286 40 200 184 9 -1
-4.19804859 -0.261745453 4.62184482 46 195 171 11 -1
-3.94338465 -0.391941071 4.63691032 61 204 159 11 -1
-4.25681686 0.185330391 4.63839268 95 203 125 11 -1
-3.49282598 -0.626747131 4.66335046 69 207 150 9 -1
-3.06185675 -0.626410484 4.69944164 88 208 133 9 -1
-2.31745529 -1.84233475 4.70336822 26 178 179 9 -1
-2.28915215 -1.62771606 4.71604269 27 180 180 9 -1
-2.33704472 -1.22404957 4.73141654 35 190 183 9 -1
-4.07972717 0.66425705 4.67621281 177 171 52 11 -1
-3.69944477 1.03645706 4.72591686 144 74 30 11 -1
-3.45364714 1.38082981 4.76302745 117 47 21 -1 -1
-2.36476564 2.87787151 4.92605731 163 174 44 -1 -1
-2.25085115 -1.42398548 4.72738902 29 184 181 9 -1
-3.35569954 -3.42995071 4.55451018 29 182 182 11 -1
-3.27734137 -3.46913004 4.55123438 26 178 178 9 -1
-3.21857309 -3.41036129 4.55907666 30 184 185 9 -1
-3.27734137 -3.35159302 4.56494812 31 180 184 11 -1
-3.23816252 -3.25364542 4.57271335 32 185 185 11 -1
-3.1206255 -3.23405552 4.57740914 29 182 183 9 -1
-3.15980434 -3.15569782 4.58505037 29 182 181 9 -1
-3.0226779 -3.1361084 4.59353359 31 182 181 11 -1
-3.04226732 -2.9402132 4.60649666 34 186 188 11 -1
-3.00308847 -3.01857138 4.59791794 32 182 185 11 -1
-2.98349857 -2.90103388 4.61544589 34 185 185 11 -1
-2.86596155 -2.80308676 4.62637321 32 185 183 11 -1
-2.8267827 -2.76390743 4.63284341 36 187 188 11 -1
-2.9247303 -2.70513916 4.62616177 29 180 181 11 -1
-2.84637213 -2.74431801 4.62909536 33 188 185 9 -1
-2.80719328 -2.64637041 4.63898252 28 181 181 9 -1
-2.61129808 -2.68554926 4.64099825 39 193 192 11 -1
-2.90514088 -2.54842281 4.63938254 25 180 178 9 -1
-2.70924568 -2.54842281 4.64454218 28 183 180 9 -1
-2.78760386 -2.43088579 4.65237012 23 178 178 9 -1
-2.72883511 -2.33293819 4.65895513 25 181 177 9 -1
-2.65047693 -2.47006464 4.65309242 25 179 179 9 -1
-2.55252934 -2.37211752 4.66381526 27 183 180 11 -1
-2.53293991 -2.33293819 4.66655427 25 179 178 11 -1
-2.67006683 -2.2349906 4.67090453 22 175 176 9 -1
-2.59170866 -2.19581175 4.67648672 26 181 179 9 -1
-2.49376106 -2.137043 4.67810711 26 180 179 11 -1
-2.65047693 -1.98032713 4.68824193 25 178 179 9 -1
-2.41540289 -2.0586853 4.68602449 22 176 177 9 -1
-0.671936989 -2.21540117 4.83677887 254 219 102 0 -1
-2.65047693 -1.92155838 4.69061273 26 178 176 9 -1
-2.55252934 -1.88237953 4.69716139 26 181 179 11 -1
-2.51335049 -1.88237953 4.69687227 25 180 179 11 -1
-2.61129808 -1.80402136 4.70012825 25 180 179 9 -1
-2.49376106 -1.76484251 4.70767199 23 175 177 11 -1
-2.45458221 -1.70607376 4.70553748 25 180 179 11 -1
-2.49376106 -1.60812664 4.71389427 24 180 179 11 -1
-2.41540289 -1.54935789 4.71734055 27 178 177 9 -1
-2.43499231 -1.3730526 4.72951269 26 179 178 11 -1
-3.06185675 -0.844135284 4.70774406 44 202 176 9 -1
-3.0226779 -0.746188164 4.70942768 55 207 169 9 -1
-2.47417164 -1.2555151 4.72816425 30 187 183 11 -1
-2.65047693 -1.04003048 4.73229907 35 190 186 9 -1
-2.53293991 -1.09879875 4.73793969 32 186 184 11 -1
-2.96390915 -0.942083359 4.71188542 46 209 189 9 -1
-2.80719328 -0.961672783 4.71957497 33 190 183 9 -1
-3.00308847 -0.82454586 4.70645619 43 203 177 9 -1
-2.96390915 -0.72659874 4.7042336 56 209 168 9 -1
-2.74842453 -0.804956436 4.72251787 42 200 182 9 -1
-2.68965626 -0.90290451 4.73438792 34 192 184 9 -1
-2.47417164 -0.961672783 4.74506598 35 193 186 11 -1
-2.61129808 -0.844135284 4.72979474 36 195 185 9 -1
-4.35476446 -0.217270851 4.62844126 42 197 181 11 -1
-4.31558561 -0.0997343063 4.63376154 52 204 167 11 -1
-3.96297407 -0.452344894 4.64126412 50 201 164 11 -1
-3.84543705 -0.609061241 4.64985006 46 204 179 9 -1
-3.68872118 -0.667829514 4.65533507 47 202 174 9 -1
-3.64954185 -0.569882393 4.6574889 64 209 159 9 -1
-3.86502647 -0.452344894 4.64588005 76 211 162 -1 -1
-3.64954185 -0.491524696 4.65973504 84 208 143 11 -1
-4.11969042 -0.33480835 4.6317917 48 200 169 11 -1
-4.10010099 -0.354397774 4.63495228 48 199 172 11 -1
-4.0021534 -0.315218925 4.63807533 67 204 153 11 -1
-4.23722744 -0.0997343063 4.63467204 57 198 158 11 -1
-4.29599571 -0.0605554581 4.63327239 57 203 162 11 -1
-4.35476446 0.0765714645 4.63516347 62 204 154 11 -1
-4.27640629 0.174518585 4.63867136 93 204 128 11 -1
-4.33517504 0.390003204 4.65739027 95 201 125 11 -1
-4.23722744 -0.0409660339 4.62967663 68 202 149 11 -1
-4.25681686 0.44877243 4.6624397 114 198 101 11 -1
-4.13927984 0.507540703 4.66813361 150 178 64 11 -1
-3.62995243 -0.589471817 4.65658396 60 206 163 9 -1
-3.43405771 -0.589471817 4.67116014 75 202 140 9 -1
-3.23816252 -0.648240089 4.6888683 76 210 143 9 -1
-3.10103559 -0.667829514 4.70246836 76 214 150 9 -1
-2.96390915 -0.667829514 4.70666069 63 201 152 9 -1
-2.37622404 -1.72566366 4.70414071 23 178 178 9 -1
-2.31745529 -1.56894732 4.72062865 27 182 180 9 -1
-2.31745529 -1.41223145 4.72831196 29 186 181 9 -1
-2.27827644 -1.33387375 4.73609785 26 178 177 9 -1
-4.27640629 0.625077248 4.66816975 116 196 97 11 -1
-4.19804859 0.644667625 4.67482262 140 190 78 11 -1
-4.15886927 0.723025322 4.68734259 157 187 68 11 -1
-4.10010099 0.781793594 4.69406141 167 178 56 11 -1
-3.98256397 0.879741669 4.70961887 178 139 35 11 -1
-3.8062582 0.958099365 4.71326487 159 93 32 11 -1
-3.72790003 1.07563686 4.73541744 142 69 29 11 -1
-3.64954185 1.4674263 4.75377952 125 61 23 -1 -1
-3.62995243 1.50660515 4.76810852 126 54 23 -1 -1
-2.41540289 2.91705036 4.93597272 175 185 38 -1 -1
-2.27827644 3.01499748 4.95033557 164 202 84 -1 -1
-1.98443365 3.44596672 4.99718522 34 186 185 -1 -1
-3.43405771 -3.38061523 4.55562721 27 178 181 9 -1
-3.19898319 -3.1232276 4.58766346 28 179 181 9 -1
-3.03469944 -2.64637041 4.62431227 28 184 179 9 -1
-2.94713116 -2.54842281 4.63634546 27 184 180 9 -1
-2.80719328 -2.42761564 4.65385997 23 178 178 9 -1
-2.69283533 -2.17622232 4.67550361 26 180 180 9 -1
-3.91395617 -0.746188164 4.64195329 40 195 185 9 -1
-2.65047693 -1.80078554 4.69707657 28 180 178 9 -1
-2.59170866 -1.60361767 4.71146324 28 180 179 9 -1
-2.47417164 -1.42875004 4.72969847 25 180 177 11 -1
-3.10053015 -0.844135284 4.7053394 43 203 178 9 -1
-2.63088751 -1.13864136 4.73051039 34 190 185 9 -1
-2.9247303 -0.963655472 4.71431604 39 196 187 9 -1
-2.61129808 -0.965935707 4.74044293 34 192 185 9 -1
-3.98256397 -0.499785423 4.64804183 46 201 178 11 -1
-4.25681686 -0.406302452 4.62957378 36 191 181 11 -1
-3.51241541 -0.715486526 4.67703914 51 209 176 9 -1
-4.23722744 0.712702751 4.68494462 130 192 84 11 -1
-3.9042058 1.01523495 4.7273474 174 116 35 11 -1
-3.64952755 1.25194168 4.76003158 127 53 28 -1 -1
-2.33704472 3.00010872 4.95383661 170 192 59 -1 -1
-3.62995243 -3.54748774 4.54823704 30 180 183 -1 -1
-3.59077358 -3.41036129 4.55684878 32 182 185 -1 -1
-3.39487839 -3.50830889 4.55627818 31 181 182 -1 -1
-3.55159473 -3.37118244 4.55469296 28 178 181 -1 -1
-3.51241541 -3.23405552 4.57163129 31 181 183 11 -1
-3.33611012 -3.29282427 4.57048579 30 183 184 11 -1
-3.55159473 -3.15569782 4.57458327 32 182 184 11 -1
-3.37528896 -3.17528725 4.58000352 32 186 183 11 -1
-3.33611012 -3.07733965 4.58820649 37 188 187 11 -1
-3.35569954 -3.01857138 4.59129403 31 185 183 11 -1
-3.29693079 -3.19487667 4.57938593 36 185 186 11 -1
-3.19898319 -3.09692907 4.5906581 34 184 185 9 -1
-3.17939377 -2.99898148 4.60300152 39 191 189 11 -1
-3.14021492 -3.01857138 4.60139123 38 189 186 11 -1
-3.41446781 -2.88144445 4.59779521 31 183 184 11 -1
-3.33611012 -2.74431801 4.61278019 26 184 182 9 -1
-3.25775194 -2.82267618 4.59993366 30 182 184 11 -1
-3.14021492 -2.84226561 4.61750821 32 188 183 11 -1
-3.06185675 -2.82267618 4.62273724 35 186 186 11 -1
-3.23816252 -2.70513916 4.61711346 24 179 178 9 -1
-3.19898319 -2.60719156 4.61879143 27 179 177 9 -1
-3.10103559 -2.66595984 4.62144474 30 182 180 9 -1
-2.98349857 -2.80308676 4.62185798 34 187 184 11 -1
-3.25775194 -2.52883339 4.62650091 25 178 176 9 -1
-3.15980434 -2.58760214 4.62520503 26 183 180 9 -1
-3.10103559 -2.48965454 4.63316239 26 179 179 9 -1
-3.21857309 -2.39170694 4.63341797 22 175 177 9 -1
-3.04226732 -2.43088579 4.63730155 26 181 179 9 -1
-3.0226779 -2.29375935 4.6543014 25 178 177 9 -1
-3.15980434 -2.1566329 4.65411948 24 178 178 9 -1
-3.0226779 -2.11745358 4.66770994 26 180 178 9 -1
-3.00308847 -2.54842281 4.63434891 27 179 178 9 -1
-3.00308847 -2.43088579 4.64131732 25 181 181 9 -1
-2.96390915 -2.33293819 4.64914075 22 177 177 9 -1
-3.00308847 -2.27416992 4.65367458 23 175 176 9 -1
-2.96390915 -2.17622232 4.66312785 25 182 178 9 -1
-2.76801395 -2.21540117 4.6718031 25 178 179 9 -1
-3.00308847 -2.09786415 4.66628871 26 179 179 9 -1
-3.00308847 -1.99991655 4.67551607 27 184 180 9 -1
-2.70924568 -2.11745358 4.67839284 23 175 178 9 -1
-2.70924568 -1.99991655 4.6894258 27 180 178 9 -1
-4.11969042 -0.746188164 4.64288801 38 194 186 9 -1
-3.92379522 -0.883314133 4.65201857 34 193 185 11 -1
-3.68872118 -0.90290451 4.66705301 33 190 183 9 -1
-3.8062582 -0.804956436 4.65526374 41 199 187 9 -1
-3.74748945 -0.804956436 4.66022027 35 196 182 9 -1
-3.7083106 -0.72659874 4.6609299 45 203 184 9 -1
-2.96390915 -1.88237953 4.68591092 26 179 179 9 -1
-2.72883511 -1.96073771 4.69052559 26 182 179 11 -1
-2.76801395 -1.82361126 4.69719881 25 180 179 9 -1
-2.76801395 -1.76484251 4.69825545 28 182 179 9 -1
-2.72883511 -1.66689491 4.70853361 26 182 180 9 -1
-2.65047693 -1.66689491 4.7072516 28 183 180 9 -1
-2.8267827 -1.51017904 4.71225522 30 189 183 9 -1
-2.90514088 -1.41223145 4.71236858 34 190 185 9 -1
-2.76801395 -1.43182087 4.71679907 28 182 180 9 -1
-2.68965626 -1.64730549 4.70771359 25 180 179 9 -1
-2.61129808 -1.54935789 4.71941071 30 186 183 9 -1
-2.57211924 -1.49058914 4.72535191 25 181 180 11 -1
-2.55252934 -1.3730526 4.73031038 30 186 182 11 -1
-3.49282598 -1.0596199 4.68115954 36 193 187 9 -1
-3.06185675 -1.21633625 4.70657576 35 193 186 9 -1
-3.08144617 -1.15756798 4.70731726 40 197 187 9 -1
-3.08144617 -1.0596199 4.70981648 39 198 188 9 -1
-3.57118416 -0.922493935 4.66738322 37 197 185 9 -1
-3.33611012 -0.942083359 4.7002619 39 199 183 9 -1
-3.61036301 -0.785367012 4.67298548 37 198 180 9 -1
-3.41446781 -0.844135284 4.68954254 42 202 182 9 -1
-3.41446781 -0.746188164 4.68710168 51 203 169 9 -1
-3.21857309 -0.961672783 4.69807726 40 200 186 11 -1
-3.14021492 -1.02044106 4.70505986 41 201 188 9 -1
-3.10103559 -0.922493935 4.70279627 42 202 187 9 -1
-3.17939377 -0.863724709 4.70383984 43 203 179 9 -1
-3.08144617 -0.863724709 4.70738382 40 197 177 9 -1
-2.9247303 -1.2555151 4.71566175 37 195 187 9 -1
-2.84637213 -1.19674683 4.71941985 34 189 184 9 -1
-2.90514088 -1.15756798 4.71464608 41 197 188 9 -1
-2.90514088 -1.0596199 4.71957811 36 192 186 9 -1
-2.70924568 -1.11838913 4.7271601 33 188 183 9 -1
-2.63088751 -1.33387375 4.72596822 34 188 184 9 -1
-2.61129808 -1.2555151 4.72968537 35 188 187 9 -1
-2.59170866 -1.1771574 4.73449063 32 189 184 9 -1
-2.98349857 -0.981262207 4.71291057 40 201 188 9 -1
-2.72883511 -0.961672783 4.73740174 36 192 184 9 -1
-4.35476446 -0.569882393 4.62592476 29 183 179 11 -1
-4.33517504 -0.550292969 4.62543337 28 182 182 11 -1
-4.29599571 -0.452344894 4.62773983 33 186 182 11 -1
-4.53107023 -0.295629501 4.62569834 31 187 183 11 -1
-4.33517504 -0.354397774 4.62959729 35 191 182 11 -1
-4.13927984 -0.648240089 4.64441025 34 191 185 9 -1
-4.06092167 -0.667829514 4.64498953 33 193 183 9 -1
-4.02174282 -0.609061241 4.64569885 38 194 184 11 -1
-4.17845869 -0.51111412 4.64108513 34 190 182 11 -1
-4.10010099 -0.51111412 4.64060322 35 190 178 11 -1
-3.94338465 -0.589471817 4.65594992 41 199 181 11 -1
-4.51148033 0.507540703 4.65858246 51 200 163 11 -1
-4.51148033 0.585898399 4.66781332 53 197 156 11 -1
-4.41353321 0.585898399 4.6755582 74 200 140 11 -1
-4.39394331 0.703435898 4.69020129 92 203 124 11 -1
-4.27640629 0.860152245 4.70687258 130 200 93 11 -1
-4.15886927 0.840561867 4.69906504 152 180 61 11 -1
-4.11969042 0.958099365 4.72171744 171 170 48 11 -1
-4.04133224 0.997278214 4.72841734 175 151 37 11 -1
-3.88461637 1.03645706 4.7318687 173 115 35 11 -1
-3.76707935 1.13440514 4.75006688 145 70 27 11 -1
-3.7083106 1.25194168 4.77054721 136 59 28 -1 -1
-2.55252934 2.77992344 4.93035537 178 170 26 -1 -1
-2.59170866 2.89746094 4.9465221 180 175 28 -1 -1
-2.47417164 3.01499748 4.96093158 178 176 33 -1 -1
-2.35663462 3.13253498 4.97811726 163 189 55 -1 -1
-3.66913176 -2.50589132 4.59754081 24 176 177 11 -1
-3.45229721 -2.82267618 4.60048032 30 185 183 11 -1
-3.37528896 -2.37969875 4.62819679 25 184 181 9 -1
-3.21857309 -2.31119299 4.64460439 22 176 177 9 -1
-2.98349857 -1.99003935 4.67970248 28 180 179 9 -1
-4.15997314 -0.72659874 4.64189006 35 192 186 9 -1
-3.76219368 -0.961672783 4.66389937 34 197 186 9 -1
-3.08144617 -1.3875494 4.70043326 39 190 189 9 -1
-2.90514088 -1.51207542 4.70921185 25 178 178 9 -1
-2.86456871 -1.35346317 4.72022407 33 189 185 9 -1
-3.04226732 -1.27106285 4.7093061 36 190 188 9 -1
-3.45364714 -0.993120193 4.68821678 35 194 185 9 -1
-2.98349857 -1.3051033 4.71259093 34 190 185 9 -1
-4.44206238 -0.569882393 4.62580232 30 186 183 11 -1
-4.66819668 -0.131848335 4.62790637 35 188 184 11 -1
-4.60942793 0.321669579 4.65460219 34 193 180 11 -1
-4.33517504 0.817522049 4.70136826 118 201 102 11 -1
-3.9042058 1.13130569 4.75251016 164 108 31 11 -1
-3.6331687 1.52619553 4.79415914 128 58 23 -1 -1
-2.59170866 2.90107441 4.94735364 180 175 28 -1 -1
-3.92379522 -3.60625648 4.54193671 26 177 180 -1 -1
-3.84543705 -3.50830889 4.55265822 32 183 184 -1 -1
-3.64954185 -3.52789831 4.55371581 28 182 183 -1 -1
-3.92379522 -3.33200312 4.55460289 28 180 183 9 -1
-3.86502647 -3.25364542 4.5626305 39 189 188 9 -1
-3.74748945 -3.25364542 4.56629315 29 178 181 11 -1
-3.78666878 -3.19487667 4.57235477 28 178 181 11 -1
-3.72790003 -3.09692907 4.57950341 31 185 182 11 -1
-3.64954185 -3.0381608 4.58330825 32 184 181 11 -1
-3.66913176 -2.2545805 4.62873962 26 178 179 9 -1
-3.62995243 -3.1165185 4.58222694 32 183 182 11 -1
-3.57118416 -2.99898148 4.59311233 28 179 182 11 -1
-3.53200483 -2.92062378 4.59206056 30 184 183 11 -1
-3.57118416 -2.80308676 4.60101272 23 177 177 9 -1
-3.43405771 -2.76390743 4.60725894 30 187 181 9 -1
-3.57118416 -2.64637041 4.60970599 26 180 180 9 -1
-3.41446781 -2.70513916 4.61861377 27 182 178 9 -1
-3.33611012 -2.66595984 4.62077416 25 180 180 9 -1
-3.57118416 -2.48965454 4.61677514 22 176 177 11 -1
-3.35569954 -2.58760214 4.62632248 26 182 181 9 -1
-3.39487839 -2.45047522 4.62569057 25 178 177 9 -1
-3.43405771 -2.41129637 4.62848555 24 177 177 9 -1
-3.31652021 -2.54842281 4.6300776 24 177 177 9 -1
-3.25775194 -2.31334877 4.64215022 21 172 174 9 -1
-3.57118416 -2.1566329 4.6268034 25 177 178 9 -1
-3.37528896 -2.2545805 4.64230985 26 178 177 9 -1
-3.37528896 -2.1566329 4.65130165 26 179 179 9 -1
-3.43405771 -2.11745358 4.64793647 25 176 177 9 -1
-3.37528896 -2.03909588 4.65401477 25 181 179 9 -1
-3.17939377 -2.2545805 4.65700719 22 175 175 9 -1
-3.19898319 -2.137043 4.65512417 26 179 180 9 -1
-3.31652021 -2.03909588 4.65365839 22 174 177 9 -1
-3.14021492 -2.0586853 4.66642856 24 176 176 9 -1
-4.27640629 -0.942083359 4.63967834 40 196 189 9 -1
-4.49189091 -0.72659874 4.63089671 34 188 184 11 -1
-4.41353321 -0.765777588 4.62454052 42 193 188 9 -1
-4.04133224 -1.04003048 4.65319434 41 199 190 9 -1
-3.9042058 -1.07920933 4.66046453 39 196 187 9 -1
-3.7083106 -1.15756798 4.67458366 34 187 183 9 -1
-3.7083106 -1.0596199 4.67044434 35 193 185 9 -1
-4.11969042 -0.90290451 4.65054644 37 193 185 9 -1
-4.06092167 -0.942083359 4.65276628 37 193 187 9 -1
-4.19804859 -0.82454586 4.64422985 36 194 187 9 -1
-4.11969042 -0.785367012 4.64254694 36 191 185 9 -1
-3.94338465 -1.02044106 4.65880905 36 191 187 9 -1
-3.94338465 -0.90290451 4.6535828 37 195 187 11 -1
-3.76707935 -0.942083359 4.66495268 32 194 185 9 -1
-3.47323656 -1.90196896 4.65450601 28 183 180 9 -1
-3.35569954 -1.88237953 4.67064682 29 186 181 9 -1
-3.21857309 -1.90196896 4.67257006 27 182 179 9 -1
-3.15980434 -1.94114828 4.67051838 25 181 179 9 -1
-3.15980434 -1.82361126 4.6864065 29 185 181 9 -1
-3.19898319 -1.78443193 4.68270416 26 178 177 9 -1
-3.06185675 -1.78443193 4.69412153 28 182 181 9 -1
-3.0226779 -1.68648434 4.70886383 28 180 178 9 -1
-3.41446781 -1.3730526 4.68822589 38 192 188 9 -1
-3.25775194 -1.52976847 4.6951895 34 191 185 9 -1
-3.0226779 -1.64730549 4.70637821 28 180 179 9 -1
-3.06185675 -1.51017904 4.70781766 28 182 180 9 -1
-3.31652021 -1.3730526 4.69605855 37 193 188 9 -1
-3.08144617 -1.49058914 4.70511869 34 187 184 9 -1
-3.06185675 -1.35346317 4.71139636 37 190 186 9 -1
-2.94431973 -1.76484251 4.69396405 27 180 179 9 -1
-2.90514088 -1.68648434 4.70393769 25 176 177 9 -1
-2.86596155 -1.58853674 4.71247257 26 181 181 9 -1
-2.8267827 -1.56894732 4.71355323 27 180 179 9 -1
-2.86596155 -1.35346317 4.72036688 33 189 185 9 -1
-3.41446781 -1.27510452 4.68922212 37 193 187 11 -1
-3.33611012 -1.2555151 4.69237304 34 189 185 9 -1
-3.53200483 -1.11838913 4.68081257 35 190 185 9 -1
-3.41446781 -1.15756798 4.69615235 38 194 187 11 -1
-3.41446781 -1.0596199 4.69702555 35 199 187 9 -1
-3.21857309 -1.31428337 4.7016157 37 190 185 9 -1
-3.10103559 -1.33387375 4.70507204 35 188 185 9 -1
-3.29693079 -1.13797855 4.7014785 38 196 187 9 -1
-3.23816252 -1.0596199 4.70552738 41 202 189 9 -1
-3.35569954 -0.961672783 4.69956693 41 197 185 9 -1
-2.86596155 -1.33387375 4.72109865 35 191 183 9 -1
-4.6877861 -0.413166046 4.62998389 32 184 184 11 -1
-4.45271206 -0.609061241 4.62663071 32 186 182 -1 -1
-4.39394331 -0.628650665 4.6337947 37 191 185 11 -1
-4.39394331 -0.491524696 4.633669 32 188 183 11 -1
-4.72696495 -0.256450653 4.63023629 27 180 182 11 -1
-4.72696495 -0.158502579 4.63562705 33 185 182 11 -1
-4.25681686 -0.628650665 4.63891018 39 196 188 11 -1
-4.76614428 0.174518585 4.65003563 30 184 181 11 -1
-4.62901735 0.233287811 4.65075852 36 195 181 11 -1
-4.76614428 0.390003204 4.66424204 31 190 184 11 -1
-4.70737553 0.487951279 4.67100637 35 193 181 11 -1
-4.60942793 0.546719551 4.6727059 39 193 175 11 -1
-4.43312263 0.683846474 4.68676693 73 199 135 11 -1
-4.37435389 0.781793594 4.69924182 96 200 115 11 -1
-4.35476446 0.938509941 4.72316089 120 199 92 11 -1
-4.15886927 1.01686764 4.7376706 164 174 51 11 -1
-4.04133224 1.11481571 4.75545774 172 142 32 11 -1
-3.98256397 1.17358398 4.75872714 170 123 32 11 -1
-3.88461637 1.25194168 4.77889582 159 91 26 11 -1
-3.72790003 1.33030033 4.78365154 133 55 26 -1 -1
-3.64954185 2.07470131 4.83187768 106 184 88 15 -1
-2.68965626 2.87787151 4.94187727 186 178 30 -1 -1
-2.61129808 2.99540806 4.9652238 181 180 28 -1 -1
-2.47417164 3.07376671 4.97827986 179 177 33 -1 -1
-3.94621563 -3.62584591 4.54015981 34 189 183 -1 -1
-3.88325357 -3.23405552 4.56424268 32 187 185 11 -1
-3.72790003 -2.53178406 4.61096766 24 176 177 9 -1
-3.6574626 -2.17622232 4.63393669 25 177 176 9 -1
-3.59077358 -2.54772758 4.6216805 27 180 179 9 -1
-3.47323656 -2.36843824 4.64012804 26 180 181 9 -1
-3.52530766 -2.01950598 4.65252396 28 182 179 9 -1
-4.3849802 -0.90290451 4.63417925 40 194 186 9 -1
-4.17845869 -1.0500021 4.64440333 44 202 193 9 -1
-3.8062582 -1.2644434 4.66526222 35 192 184 9 -1
-4.20099401 -0.961672783 4.64675826 40 193 188 9 -1
-3.55560398 -1.94114828 4.65375044 30 181 180 9 -1
-3.2125988 -1.70607376 4.69374981 31 187 181 9 -1
-3.39487839 -1.46942902 4.68985471 40 192 187 9 -1
-3.29233742 -1.47099972 4.69836266 34 189 185 9 -1
-4.70271969 -0.471935272 4.6282761 34 186 184 11 -1
-4.74655485 -0.0174531937 4.64642958 32 185 185 11 -1
-4.72963524 0.468361855 4.67117316 31 187 182 11 -1
-4.39139414 0.899331093 4.72017998 108 203 107 11 -1
-4.02174282 1.21122646 4.7660985 176 136 33 11 -1
-3.64954185 1.68408298 4.81995928 130 92 29 15 -1
-3.47323656 2.19324875 4.85916574 122 179 64 15 -1
-2.58677435 3.09335613 4.97658886 181 180 29 -1 -1
-3.96297407 -3.60625648 4.54393672 29 180 181 -1 -1
-4.11969042 -3.44954014 4.54581175 29 180 181 9 -1
-4.10010099 -3.42995071 4.54876121 32 184 182 9 -1
-4.0021534 -3.37118244 4.55214015 28 178 181 -1 -1
-3.98256397 -3.25364542 4.56817554 33 181 183 11 -1
-3.9042058 -3.41036129 4.55794661 30 180 183 -1 -1
-4.02174282 -3.19487667 4.57154595 30 184 183 11 -1
-3.98256397 -3.09692907 4.5753086 30 178 181 11 -1
-4.0021534 -2.92062378 4.58191892 25 177 179 9 -1
-3.92379522 -3.1165185 4.57589606 32 182 184 11 -1
-3.9042058 -3.05775023 4.58164419 34 186 186 9 -1
-3.94338465 -2.92062378 4.58729126 24 174 178 9 -1
-3.68872118 -2.9402132 4.59682726 29 183 183 11 -1
-3.82584763 -2.90103388 4.59228936 24 176 177 9 -1
-3.8062582 -2.76390743 4.60839945 24 177 177 9 -1
-3.74748945 -2.80308676 4.60739489 24 177 179 9 -1
-3.84543705 -2.62678099 4.61611312 23 176 176 9 -1
-3.78666878 -2.66595984 4.61141115 27 179 178 9 -1
-3.8062582 -2.56801224 4.61747287 23 173 175 9 -1
-3.74748945 -2.56801224 4.61658911 23 176 177 9 -1
-3.72790003 -2.47006464 4.61462932 22 174 176 9 -1
-3.82584763 -2.31334877 4.62790578 26 181 179 9 -1
-3.78666878 -2.33293819 4.62434527 28 179 178 9 -1
-3.88461637 -2.2545805 4.6269985 25 178 178 9 -1
-3.78666878 -2.2545805 4.62897465 23 174 175 9 -1
-3.94338465 -2.09786415 4.63123691 23 174 176 9 -1
-3.72790003 -2.09786415 4.63424642 23 178 178 9 -1
-3.72790003 -1.99991655 4.6452438 31 188 184 9 -1
-3.55159473 -2.56801224 4.62594011 27 183 179 9 -1
-3.49282598 -2.33293819 4.64482869 26 182 179 9 -1
-3.62995243 -2.11745358 4.64060345 25 178 179 9 -1
-3.45364714 -2.03909588 4.6592221 27 182 179 9 -1
-3.88461637 -1.94114828 4.64207808 30 185 179 9 -1
-3.82584763 -1.88237953 4.64661687 32 186 182 9 -1
-3.7083106 -1.90196896 4.64999311 29 183 180 9 -1
-3.94338465 -1.80402136 4.64323392 31 186 183 9 -1
-3.94338465 -1.68648434 4.64899783 34 188 185 9 -1
-3.68872118 -1.80402136 4.66168708 32 188 183 9 -1
-3.66913176 -1.66689491 4.6655062 27 182 181 9 -1
-3.96297407 -1.41223145 4.66305406 41 198 190 9 -1
-3.84543705 -1.58853674 4.65705898 34 190 185 9 -1
-3.76707935 -1.64730549 4.66623497 35 191 187 9 -1
-3.72790003 -1.54935789 4.67099806 33 189 185 9 -1
-3.9042058 -1.43182087 4.66059448 36 195 187 9 -1
-3.82584763 -1.41223145 4.66436248 37 195 189 9 -1
-3.7083106 -1.43182087 4.67062836 40 193 188 9 -1
-4.60942793 -1.07920933 4.62190618 39 195 189 11 -1
-4.33517504 -1.21633625 4.63547098 36 195 189 9 -1
-4.47230148 -1.07920933 4.62972153 40 197 189 11 -1
-4.31558561 -1.13797855 4.64088373 38 196 187 11 -1
-4.27640629 -1.04003048 4.64897612 38 192 187 9 -1
-4.66819668 -0.883314133 4.62699965 37 191 186 9 -1
-4.64860725 -0.804956436 4.63059087 37 190 185 9 -1
-4.49189091 -1.02044106 4.62596074 34 191 187 11 -1
-4.45271206 -0.922493935 4.63004094 36 194 187 11 -1
-4.29599571 -0.961672783 4.64140855 40 196 187 9 -1
-4.57024908 -0.746188164 4.62706863 40 191 186 9 -1
-4.21763802 -1.23592567 4.64756667 41 200 189 9 -1
-4.06092167 -1.29469395 4.65742718 40 196 187 9 -1
-4.02174282 -1.23592567 4.66576685 40 195 189 9 -1
-4.17845869 -1.13797855 4.65905505 40 197 189 9 -1
-4.06092167 -1.1771574 4.65460895 37 194 187 9 -1
-4.02174282 -1.09879875 4.66079558 38 195 188 9 -1
-3.88461637 -1.23592567 4.66484081 36 194 187 9 -1
-3.74748945 -1.27510452 4.68192244 39 193 186 9 -1
-3.66913176 -1.2555151 4.67974997 40 197 190 9 -1
-4.23722744 -1.02044106 4.65249437 40 195 188 9 -1
-3.57118416 -1.96073771 4.65448493 27 179 178 9 -1
-3.39487839 -1.82361126 4.6748326 29 181 180 9 -1
-3.57118416 -1.66689491 4.66856381 23 177 177 9 -1
-3.35569954 -1.78443193 4.68061806 28 180 180 9 -1
-3.35569954 -1.68648434 4.68479858 31 188 181 9 -1
-3.62995243 -1.64730549 4.66807462 26 184 181 9 -1
-3.62995243 -1.52976847 4.67540066 33 190 186 9 -1
-3.43405771 -1.58853674 4.6899378 34 191 185 9 -1
-3.35569954 -1.56894732 4.69712282 36 191 186 9 -1
-3.51241541 -1.43182087 4.68530948 37 192 186 9 -1
-3.39487839 -1.49058914 4.69021291 34 192 187 9 -1
-3.15980434 -1.64730549 4.70164991 27 182 180 9 -1
-3.57118416 -1.23592567 4.68683429 38 194 187 9 -1
-4.72696495 -0.43275547 4.63235076 39 186 185 11 -1
-4.7857337 -0.315218925 4.63705389 34 186 185 11 -1
-4.82491255 -0.11932373 4.6502874 37 186 185 11 -1
-4.80532312 0.0178031921 4.64874116 36 190 185 11 -1
-4.80532312 0.37041378 4.66934786 31 185 183 11 -1
-4.60942793 0.605487823 4.69006462 41 194 172 11 -1
-4.45271206 0.840561867 4.71919575 85 201 127 11 -1
-4.31558561 0.997278214 4.73898595 136 194 77 11 -1
-4.25681686 1.03645706 4.74766909 151 191 67 11 -1
-4.17845869 1.13440514 4.76181335 166 169 44 11 -1
-4.06092167 1.25194168 4.77356304 173 138 33 11 -1
-3.76707935 1.48701572 4.81753428 136 64 25 -1 -1
-3.82584763 2.19223881 4.84382919 74 176 106 26 -1
-2.98349857 2.76033401 4.93981514 168 158 15 -1 -1
-2.76801395 2.91705036 4.9577149 178 174 25 -1 -1
-2.67006683 3.09335613 4.98360998 180 180 26 -1 -1
-2.51335049 3.17171383 4.99429752 184 186 33 -1 -1
-4.06092167 -3.2281971 4.56924139 30 183 184 11 -1
-3.88461637 -2.76720572 4.60613467 23 176 177 9 -1
-3.89480591 -2.45047522 4.62049013 27 180 179 9 -1
-3.88461637 -2.20126772 4.63330921 25 178 178 9 -1
-3.98256397 -1.971838 4.63612682 31 186 184 9 -1
-3.80761576 -1.72566366 4.66259167 25 178 178 9 -1
-4.01091957 -1.43182087 4.65968317 40 194 189 9 -1
-4.40920067 -1.21633625 4.63669126 40 198 191 9 -1
-4.23722744 -1.30867863 4.64665259 37 196 188 9 -1
-4.80835295 -0.393576622 4.64278584 35 188 185 11 -1
-4.24892378 1.13440514 4.76298263 156 179 52 11 -1
-3.66913176 2.08440876 4.85713126 104 184 90 15 -1
-3.43405771 2.25021648 4.8847701 123 173 57 15 -1
-2.76801395 2.99194145 4.9761377 180 179 28 -1 -1
-4.90327072 -0.236861229 4.64393626 41 191 185 -1 -1
-4.27640629 -3.48871946 4.55208116 28 179 181 11 -1
-4.39394331 -3.33200312 4.55207352 32 186 184 11 -1
-4.19804859 -3.48871946 4.54772256 30 181 182 9 -1
-4.21763802 -3.37118244 4.55626413 29 178 182 11 -1
-4.25681686 -3.23405552 4.56686174 29 184 183 11 -1
-4.29599571 -3.0381608 4.57728762 33 182 183 9 -1
-4.21763802 -3.09692907 4.57922905 31 181 184 11 -1
-4.21763802 -3.05775023 4.58002787 28 177 179 9 -1
-4.17845869 -2.95980263 4.5880802 24 174 176 9 -1
-4.04133224 -2.92062378 4.58828485 22 174 176 9 -1
-4.17845869 -2.76390743 4.59368606 25 179 179 9 -1
-4.10010099 -2.76390743 4.59937347 27 179 179 9 -1
-4.11969042 -2.70513916 4.60209957 25 178 178 9 -1
-4.0021534 -2.72472858 4.60147801 26 175 177 9 -1
-4.0021534 -2.62678099 4.61022662 27 178 179 9 -1
-3.82584763 -2.70513916 4.61594541 28 182 180 9 -1
-4.11969042 -2.58760214 4.61063391 26 179 178 9 -1
-3.98256397 -2.56801224 4.61590516 23 176 179 9 -1
-3.98256397 -2.45047522 4.62048653 23 176 177 9 -1
-4.13927984 -2.29375935 4.62505762 25 178 178 9 -1
-4.06092167 -2.35252762 4.62380524 22 175 179 9 -1
-3.9042058 -2.54842281 4.61712399 22 176 176 9 -1
-3.92379522 -2.31334877 4.6277235 24 177 177 9 -1
-4.21763802 -2.137043 4.62675881 28 185 180 9 -1
-3.96297407 -2.27416992 4.62978896 26 181 179 9 -1
-4.0021534 -2.137043 4.62880034 24 180 180 9 -1
-4.21763802 -1.98032713 4.62945631 29 185 181 9 -1
-3.98256397 -2.09786415 4.6311779 26 182 180 9 -1
-3.92379522 -2.27416992 4.62876361 25 177 177 9 -1
-3.82584763 -2.0586853 4.64602667 27 180 179 9 -1
-4.29599571 -1.88237953 4.6321084 29 184 179 9 -1
-4.35476446 -1.72566366 4.63322347 33 192 184 9 -1
-4.29599571 -1.58853674 4.6446881 36 191 185 9 -1
-4.43312263 -1.45141029 4.6391999 36 194 186 11 -1
-4.27640629 -1.49058914 4.64993237 37 194 188 11 -1
-4.29599571 -1.3730526 4.64807029 34 194 187 9 -1
-4.25681686 -1.86279011 4.63161836 30 182 179 9 -1
-4.10010099 -1.92155838 4.64329463 31 183 180 9 -1
-4.02174282 -1.86279011 4.64344498 31 188 183 9 -1
-4.15886927 -1.74525309 4.64579762 40 193 186 9 -1
-4.08051109 -1.80402136 4.64624182 28 186 179 9 -1
-4.04133224 -1.68648434 4.65131418 34 187 184 9 -1
-4.25681686 -1.58853674 4.64670878 36 187 185 9 -1
-4.11969042 -1.56894732 4.65685234 38 197 189 9 -1
-4.04133224 -1.54935789 4.65865578 41 196 190 9 -1
-4.17845869 -1.47099972 4.65657895 41 199 190 9 -1
-4.17845869 -1.35346317 4.65155679 38 193 189 9 -1
-4.08051109 -1.3730526 4.65993274 40 197 189 9 -1
-4.5898385 -1.21633625 4.6325856 45 201 191 11 -1
-4.62901735 -1.11838913 4.62953549 40 197 190 11 -1
-4.47230148 -1.31428337 4.64356429 39 196 189 9 -1
-4.47230148 -1.21633625 4.63844074 37 195 185 9 -1
-4.55065966 -1.15756798 4.63468252 36 194 187 11 -1
-4.74655485 -0.942083359 4.6262141 39 193 189 11 -1
-4.82491255 -0.785367012 4.63243289 39 186 183 11 -1
-4.64860725 -0.707009315 4.64220145 37 189 187 11 -1
-4.84450197 -0.0997343063 4.65602078 33 187 185 11 -1
-3.76707935 1.56537437 4.83269703 143 85 34 -1 -1
-3.68872118 1.91798496 4.85773329 116 172 75 15 -1
-3.72790003 2.21182823 4.86545419 107 200 108 -1 -1
-3.45364714 2.2705965 4.89262618 125 173 54 15 -1
-3.00308847 2.79951286 4.95668294 174 173 24 -1 -1
-2.96390915 2.99540806 4.97807963 180 183 28 -1 -1
-2.8267827 3.07376671 4.99341117 181 183 25 -1 -1
-2.74842453 3.17171383 4.99768295 182 187 27 11 -1
-4.4047451 -3.31241369 4.55600668 30 184 183 11 -1
-4.28736734 -1.98032713 4.62979455 28 187 181 9 -1
-4.2265172 -2.29375935 4.61983809 28 182 179 9 -1
-4.22206497 -2.09786415 4.62961704 29 184 181 9 -1
-4.39493418 -1.74525309 4.63207799 40 193 187 9 -1
-4.32765913 -1.45141029 4.65181876 39 197 187 9 -1
-4.55036068 -1.31428337 4.63976154 39 196 188 9 -1
-3.69557381 2.11388016 4.87592244 100 189 98 -1 -1
-3.43405771 2.30330086 4.90690847 132 177 53 15 -1
-3.0226779 2.88388634 4.96922159 180 182 26 -1 -1
-5.02080774 -1.04003048 4.62555938 36 192 187 7 -1
-4.94244957 -1.00085163 4.62467661 34 189 185 7 -1
-5.07957649 -0.746188164 4.63863373 36 188 184 7 -1
-5.09916592 -0.687419891 4.64323284 39 192 186 7 -1
-5.15793419 -0.217270851 4.65773289 35 191 187 7 -1
-5.07957649 -0.138913155 4.6555823 36 190 184 7 -1
-4.31558561 -3.1165185 4.57727358 31 186 184 11 -1
-4.29599571 -2.9402132 4.59156182 21 174 177 9 -1
-4.45271206 -2.37211752 4.61040144 24 175 177 9 -1
-4.31558561 -2.39170694 4.61322209 26 178 179 9 -1
-4.27640629 -2.29375935 4.61789649 26 180 177 9 -1
-4.29599571 -2.1566329 4.62351726 30 186 181 9 -1
-4.31558561 -2.01950598 4.62924864 30 184 179 9 -1
-4.11969042 -2.45047522 4.6248229 30 182 179 9 -1
-4.25681686 -2.19581175 4.62281365 25 178 177 9 -1
-4.43312263 -1.96073771 4.62893047 28 185 182 9 -1
-4.39394331 -1.92155838 4.6261205 28 181 178 9 -1
-4.47230148 -1.80402136 4.63420974 42 199 190 9 -1
-4.41353321 -1.68648434 4.63653781 42 199 189 9 -1
-4.74655485 -1.45141029 4.63168987 40 201 191 9 -1
-4.62901735 -1.49058914 4.63517075 41 196 189 11 -1
-4.41353321 -1.56894732 4.63931197 39 201 191 9 -1
-4.51148033 -1.31428337 4.64352535 40 197 191 9 -1
-3.7083106 2.01593304 4.87761568 110 191 97 15 -1
-3.74748945 2.25100708 4.88018389 99 199 105 -1 -1
-3.61036301 2.23141766 4.8981279 110 195 86 -1 -1
-3.43405771 2.48608112 4.93190509 148 182 49 10 -1
-3.21857309 2.42731285 4.94468218 169 186 33 15 -1
-3.19898319 2.58402824 4.95522216 162 161 18 15 -1
-3.23816252 2.72115517 4.95191517 167 175 24 -1 -1
-3.23816252 2.79951286 4.95690789 176 190 27 -1 -1
-3.10103559 2.85828209 4.96590486 177 185 27 -1 -1
-3.04226732 2.97581863 4.98522644 186 193 31 -1 -1
-2.86596155 3.05417728 4.99592682 182 188 27 -1 -1
-2.78760386 3.19130325 5.00500948 180 190 29 -1 -1
-5.02080774 -1.064147 4.63198214 36 190 186 7 -1
-5.15793419 -0.206599236 4.66168045 35 191 187 7 -1
-4.81525373 -1.35346317 4.63529635 41 199 189 11 -1
-3.87722969 2.2705965 4.88783106 82 201 122 -1 -1
-3.51482105 2.4664917 4.92757336 141 192 62 11 -1
-3.33611012 2.68191147 4.95287644 163 179 29 -1 -1
-3.30767918 2.77992344 4.95996252 174 192 31 10 -1
-2.9247303 3.13911915 5.00926535 183 193 30 -1 -1
-4.92286015 -1.49058914 4.63877143 38 198 190 11 -1
-4.94244957 -1.35346317 4.63354031 33 192 185 7 -1
-5.04039717 -1.21633625 4.63810278 35 192 186 7 -1
-5.04039717 -1.13797855 4.64362957 38 191 188 7 -1
-5.09916592 -0.981262207 4.63674619 36 193 187 7 -1
-5.15793419 -0.804956436 4.64825094 35 186 184 7 -1
-5.23629236 -0.51111412 4.65975324 46 200 191 7 -1
-5.29506111 -0.33480835 4.66038416 38 192 187 7 -1
-5.23629236 -0.256450653 4.65763048 40 192 188 7 -1
-5.25588179 -0.0997343063 4.67507331 46 200 190 7 -1
-4.84450197 -1.52976847 4.63810868 39 196 189 11 -1
-4.8836813 -1.35346317 4.63635771 34 194 184 11 -1
-3.84543705 1.99634361 4.88042301 95 187 103 -1 -1
-3.86502647 2.11388016 4.88942328 93 201 118 -1 -1
-3.68872118 2.32936478 4.91537782 104 199 99 -1 -1
-3.57118416 2.388134 4.93469787 134 199 76 -1 -1
-3.53200483 2.44690228 4.93597849 134 182 57 10 -1
-3.35569954 2.44690228 4.94528141 152 173 37 15 -1
-3.45364714 2.64279747 4.94783157 166 198 45 11 -1
-3.35569954 2.72115517 4.95765194 171 193 35 -1 -1
-3.23816252 2.52525997 4.96392556 161 168 26 15 -1
-3.33611012 2.83869267 4.97301882 177 196 34 10 -1
-3.25775194 2.89746094 4.98221668 178 193 30 -1 -1
-3.14021492 2.95622921 4.98545965 181 191 30 11 -1
-3.06185675 3.19130325 5.01860988 179 196 30 -1 -1
-2.9247303 3.17171383 5.01570753 182 195 31 -1 -1
-2.96390915 3.30884075 5.02042574 185 210 38 22 -1
-2.88555098 3.36760902 5.03415927 177 195 30 22 -1
-4.98162889 -1.45194149 4.63623044 42 198 192 7 -1
-5.27066994 -0.863724709 4.64028006 33 186 184 7 -1
-5.31120539 -0.43275547 4.65758074 40 193 186 7 -1
-3.89067936 2.05511189 4.89594777 89 203 121 -1 -1
-3.66913176 2.40919971 4.93149496 120 205 89 11 -1
-3.39972305 2.81910324 4.97372854 173 194 34 10 -1
-3.06936646 3.19130325 5.01925346 179 196 30 -1 -1
-5.02080774 -1.51017904 4.63982192 39 194 186 7 -1
-5.07957649 -1.35346317 4.63729586 42 201 194 7 -1
-5.25588179 -1.04003048 4.64505809 35 193 186 7 -1
-5.17752409 -1.13797855 4.64420747 36 193 188 7 -1
-5.29506111 -1.02044106 4.64519965 35 192 187 7 -1
-5.27547121 -0.942083359 4.64429148 40 195 190 7 -1
-5.35382938 -0.804956436 4.64711771 29 185 183 7 -1
-5.21670294 -0.765777588 4.65143844 36 186 183 7 -1
-5.31465054 -0.687419891 4.65214426 29 181 180 7 -1
-5.27547121 -0.43275547 4.66086853 42 195 186 7 -1
-5.37341881 -0.256450653 4.67114598 40 198 189 7 -1
-5.33423996 -0.138913155 4.67873414 43 192 188 7 -1
-3.92379522 2.09429073 4.89785985 92 215 135 -1 -1
-3.92379522 2.2705965 4.91181389 83 202 125 -1 -1
-3.61036301 2.52525997 4.94595729 144 204 68 11 -1
-3.53200483 2.68197632 4.96345748 162 199 46 11 -1
-3.47323656 2.74074459 4.96974333 167 196 39 11 -1
-3.45364714 2.91705036 4.99073303 178 205 39 11 -1
-3.25775194 2.99540806 4.99847642 176 199 33 11 -1
-3.19898319 3.09335613 5.01272709 183 199 32 11 -1
-3.10103559 3.13253498 5.01930532 185 198 33 -1 -1
-2.98349857 3.4263773 5.04742375 181 206 33 22 -1
-5.22967958 -1.19674683 4.64731094 34 192 187 7 -1
-5.40778017 -0.746188164 4.65403712 31 182 181 7 -1
-3.97028542 2.17264938 4.91451837 109 233 150 -1 -1
-3.49282598 2.89454937 4.98914826 167 200 35 11 -1
-3.04907036 3.40678787 5.05088965 178 202 30 22 -1
-5.31465054 -1.3730526 4.65074702 36 194 187 7 -1
-5.31465054 -1.1771574 4.65289678 35 194 187 7 -1
-5.47136641 -0.961672783 4.65583609 41 186 184 7 -1
-5.41259813 -0.90290451 4.65343112 32 185 182 7 -1
-5.53013515 -0.589471817 4.66898035 29 182 181 7 -1
-5.41259813 -0.687419891 4.66014546 32 185 181 7 -1
-5.43218756 -0.550292969 4.6747718 30 181 181 7 -1
-5.49095583 -0.138913155 4.69019216 35 187 185 7 -1
-3.61036301 2.70156574 4.97150706 163 207 49 11 -1
-3.49282598 2.91705036 4.99211124 174 202 39 11 -1
-3.39487839 3.03458786 5.01511108 177 205 35 11 -1
-3.15980434 3.19130325 5.03781675 181 201 34 -1 -1
-5.42483521 -1.13797855 4.65338641 34 191 186 7 -1
-5.54395676 -0.373987198 4.68009957 34 185 184 7 -1
-5.43154669 -0.609061241 4.67822154 32 182 182 7 -1
-3.37528896 3.07410622 5.02719808 178 205 36 11 -1
-5.37341881 -1.70607376 4.63924511 34 191 186 7 -1
-5.31465054 -1.66689491 4.64299294 35 191 186 7 -1
-5.39300823 -1.52976847 4.64535856 34 190 185 7 -1
-5.39300823 -1.45141029 4.64630678 36 194 189 7 -1
-5.29506111 -1.45141029 4.65033996 36 193 187 7 -1
-5.53013515 -1.13797855 4.65764696 33 188 187 7 -1
-5.53013515 -0.90290451 4.6625172 34 185 182 7 -1
-5.49095583 -1.29469395 4.64817733 35 193 185 7 -1
-5.41259813 -1.2555151 4.65270376 34 190 187 7 -1
-5.51054573 -1.04003048 4.65921388 35 188 182 7 -1
-5.47136641 -0.765777588 4.66919153 29 182 182 7 -1
-5.58890343 -0.589471817 4.67796944 30 182 182 7 -1
-5.64767218 -0.276040077 4.69453835 36 184 184 7 -1
-5.54972458 -0.11932373 4.6933288 33 184 183 7 -1
-5.58890343 -0.0409660339 4.70615325 30 182 181 7 -1
-3.55159473 3.03458786 5.0273606 176 201 38 -1 -1
-3.37528896 3.13253498 5.04289254 182 208 38 10 -1
-5.47136641 -1.5748229 4.64810498 37 192 186 7 -1
-5.56570244 -1.09879875 4.66306558 32 189 186 7 -1
-5.62195396 -0.609061241 4.68187259 32 183 181 7 -1
-5.61140776 -0.178092003 4.70344915 30 186 184 7 -1
-3.47323656 3.09602547 5.03964112 181 209 41 10 -1
-5.54972458 -2.2545805 4.62377386 38 192 183 7 -1
-5.58890343 -2.03909588 4.63220497 39 197 189 7 -1
-5.49095583 -2.0586853 4.63520315 42 199 189 7 -1
-5.54972458 -1.84320068 4.64620969 38 193 187 7 -1
-5.58890343 -1.58853674 4.64898422 36 196 189 7 -1
-5.569314 -1.39264202 4.6654328 39 196 187 7 -1
-5.41259813 -1.84320068 4.64437004 37 194 186 7 -1
-5.51054573 -1.62771606 4.64908724 39 196 187 7 -1
-5.51054573 -1.3730526 4.65868419 36 188 186 7 -1
-5.60849285 -1.2555151 4.66029765 38 195 186 7 -1
-5.6672616 -1.11838913 4.67240635 36 191 186 7 -1
-5.70644045 -1.02044106 4.66520017 33 189 185 7 -1
-5.64767218 -0.922493935 4.67712189 30 184 180 7 -1
-5.64767218 -0.765777588 4.68459731 31 182 181 7 -1
-5.62808275 -0.491524696 4.69960324 28 182 181 7 -1
-5.80438805 -0.236861229 4.69943378 28 182 181 7 -1
-5.6672616 -0.197681427 4.7097236 35 187 187 7 -1
-5.62808275 0.0765714645 4.71882287 31 185 183 7 -1
-5.62808275 0.350824356 4.73304161 33 189 184 7 -1
-3.59077358 3.05417728 5.03615679 178 206 39 -1 -1
-3.37528896 3.21089268 5.07156119 196 224 51 10 -1
-5.64813757 -2.07827473 4.62872331 38 190 187 7 -1
-5.54247093 -1.76484251 4.65261833 39 197 189 7 -1
-5.70257235 -1.29469395 4.66179181 38 194 187 7 -1
-5.76064968 -0.961672783 4.67292096 33 185 183 7 -1
-5.66014433 -0.707009315 4.69356206 29 185 184 7 -1
-5.6672616 -0.304739952 4.712282 34 187 185 7 -1
-5.66856337 -0.0213766098 4.72577924 35 185 185 7 -1
-5.6347518 0.390003204 4.74836264 34 188 184 7 -1
-3.43405771 3.20751286 5.06786334 191 216 47 19 -1
-5.82397747 -2.48965454 4.61311009 33 190 183 7 -1
-5.7652092 -2.43088579 4.61540771 32 187 183 7 -1
-5.78479862 -2.31334877 4.61978268 31 185 181 7 -1
-5.569314 -2.37211752 4.62183378 37 192 185 7 -1
-5.80438805 -2.21540117 4.62576714 40 198 190 7 -1
-5.68685102 -2.137043 4.6343205 36 193 187 7 -1
-5.60849285 -2.1566329 4.63305057 41 199 188 7 -1
-5.7652092 -2.01950598 4.63786262 45 201 191 7 -1
-5.6672616 -2.01950598 4.63292939 38 197 187 7 -1
-5.62808275 -1.86279011 4.64578051 42 201 189 7 -1
-5.60849285 -1.74525309 4.65846759 42 199 190 7 -1
-5.88274622 -1.47099972 4.65642908 39 192 188 7 -1
-5.60849285 -1.51017904 4.66466152 36 195 189 7 -1
-5.60849285 -1.45141029 4.67398269 39 195 189 7 -1
-5.72603035 -1.33387375 4.66451489 35 195 186 7 -1
-5.78479862 -1.11838913 4.67797242 33 187 187 7 -1
-5.84356737 -0.82454586 4.69113646 28 183 182 7 -1
-5.64767218 -0.90290451 4.68933017 29 183 182 7 -1
-5.82397747 -0.746188164 4.69410116 31 185 183 7 -1
-5.70644045 -0.687419891 4.70841628 29 181 178 7 -1
-5.68685102 -0.530703545 4.71447591 30 184 183 7 -1
-5.84356737 -0.256450653 4.71682003 31 182 182 7 -1
-5.78479862 -0.295629501 4.72156997 31 183 182 7 -1
-5.68685102 -0.138913155 4.71944299 34 186 185 7 -1
-5.74561977 -0.0409660339 4.72807114 30 183 183 7 -1
-5.6672616 0.115750313 4.73524875 31 182 184 7 -1
-5.80438805 0.37041378 4.74131331 32 183 181 7 -1
-5.7652092 0.487951279 4.76105319 27 182 181 7 -1
-3.74748945 3.13253498 5.05483246 182 215 51 19 -1
-3.59077358 3.25007153 5.07415322 179 207 42 19 -1
-5.85662556 -2.41129637 4.61487026 36 194 187 7 -1
-5.74561977 -1.97812843 4.64496153 40 198 190 7 -1
-5.71405029 -1.56894732 4.66725168 39 198 188 7 -1
-5.80438805 -1.05246162 4.68448981 33 187 184 7 -1
-5.72603035 -0.714208603 4.70729071 28 178 179 7 -1
-5.68578291 -0.51111412 4.72041164 32 186 183 7 -1
-5.7652092 -0.313971519 4.72322928 32 186 182 7 -1
-5.8266387 0.350824356 4.75000861 34 190 187 7 -1
-3.77346611 3.1521244 5.05638244 185 215 48 19 -1
-3.59077358 3.22363853 5.07510891 176 205 41 19 -1
-6.00028324 -2.39170694 4.60636927 36 194 186 7 -1
-5.92192554 -2.35252762 4.61933288 37 193 187 7 -1
-5.74561977 -2.1566329 4.63692533 39 193 186 7 -1
-5.72603035 -1.90196896 4.65182225 44 202 193 7 -1
-5.84356737 -1.64730549 4.66541838 42 196 188 7 -1
-5.8631568 -1.52976847 4.66629049 39 192 189 7 -1
-5.94151497 -1.39264202 4.6736705 34 191 185 7 -1
-5.7652092 -1.56894732 4.67683481 38 191 185 7 -1
-5.74561977 -1.43182087 4.67443216 36 192 186 7 -1
-5.90233564 -1.27510452 4.68442777 34 191 186 7 -1
-5.84356737 -1.04003048 4.69370327 30 183 181 7 -1
-5.90233564 -0.961672783 4.69735203 31 184 181 7 -1
-5.88274622 -0.72659874 4.7022093 32 185 183 7 -1
-5.94151497 -0.569882393 4.71438415 31 182 183 7 -1
-5.8631568 -0.452344894 4.71844551 32 187 182 7 -1
-5.7652092 -0.530703545 4.72452217 32 187 182 7 -1
-5.84356737 -0.393576622 4.71376523 32 184 183 7 -1
-5.90233564 -0.236861229 4.72111734 31 186 183 7 -1
-5.94151497 0.154929161 4.74367602 31 186 183 7 -1
-5.88274622 0.27246666 4.75158124 32 186 183 7 -1
-5.84356737 0.429183006 4.76423783 32 183 182 7 -1
-5.7652092 0.527130127 4.76825117 29 183 181 7 -1
-3.64954185 3.19130325 5.08090408 199 226 56 19 -1
-3.62995243 3.17171383 5.08746642 199 232 62 19 -1
-6.0550909 -2.31334877 4.62254993 45 199 191 7 -1
-5.92192554 -1.38504601 4.67827091 35 192 185 7 -1
-5.90233564 -1.32339001 4.68287124 32 190 184 7 -1
-5.91455317 -0.804956436 4.70674208 32 186 182 7 -1
-5.90233564 -0.465417862 4.72406833 34 186 182 7 -1
-5.96110439 -0.177226067 4.73298704 30 181 182 7 -1
-5.94151497 0.400018692 4.76234427 35 184 184 7 -1
-5.96110439 -2.45047522 4.62967315 33 192 184 7 -1
-5.98069382 -2.21540117 4.64954429 41 195 188 7 -1
-6.03946209 -1.74525309 4.66790286 42 198 189 7 -1
-6.01987267 -1.39264202 4.67986397 32 190 185 7 -1
-6.03946209 -1.31428337 4.67818254 36 192 187 7 -1
-5.92192554 -1.2555151 4.68969477 34 190 185 7 -1
-5.92192554 -1.15756798 4.70132823 36 196 187 7 -1
-5.94151497 -0.981262207 4.70805874 32 185 183 7 -1
-5.94151497 -0.844135284 4.71170677 35 188 185 7 -1
-5.92192554 -0.667829514 4.71637529 31 182 182 7 -1
-5.92192554 -0.452344894 4.72871726 32 180 182 7 -1
-5.94151497 -0.315218925 4.74600525 60 216 205 7 -1
-5.98069382 -0.158502579 4.74088947 28 179 181 7 -1
-5.92192554 0.0178031921 4.75613503 27 180 181 7 -1
-6.01987267 0.292056084 4.76528395 34 187 183 7 -1
-6.03946209 0.468361855 4.77476868 31 183 183 7 -1
-6.01987267 -2.22308683 4.64942145 39 197 189 7 -1
-6.06047344 -1.39264202 4.68589821 35 192 186 7 -1
-5.98069382 -1.17154026 4.7031929 36 189 187 7 -1
-6.03303051 -0.609061241 4.72582043 32 186 183 7 -1
-6.01987267 -0.293605804 4.74206899 32 183 181 7 -1
-6.04041672 0.154929161 4.76188654 30 182 179 7 -1
-6.17658901 -2.21540117 4.65519645 40 194 189 7 -1
-6.05905151 -2.2545805 4.64481947 44 199 194 7 -1
-6.17658901 -1.39264202 4.68674813 38 194 191 7 -1
-6.11782026 -1.56894732 4.67312151 35 194 186 7 -1
-6.11782026 -1.33387375 4.68703922 37 196 188 7 -1
-6.09823084 -1.13797855 4.70418591 42 192 189 7 -1
-6.09823084 -1.00085163 4.71103066 32 184 183 7 -1
-6.00028324 -0.942083359 4.71976163 33 186 185 7 -1
-6.09823084 -0.765777588 4.73044157 30 185 183 7 -1
-6.07864141 -0.609061241 4.74047325 36 190 184 7 -1
-6.00028324 -0.491524696 4.74864395 34 185 183 7 -1
-6.03946209 -0.373987198 4.74011914 36 190 186 7 -1
-6.13741016 -0.197681427 4.75265871 35 186 184 7 -1
-6.11782026 -0.0213766098 4.764969 38 192 184 7 -1
-6.07864141 0.0961608887 4.76767531 31 183 183 7 -1
-6.03946209 0.331234932 4.7742506 30 186 183 7 -1
-6.19283867 -2.07827473 4.66148587 41 198 190 7 -1
-6.1138134 -1.47099972 4.69726023 33 188 184 7 -1
-6.07864141 -0.735651016 4.73551347 33 184 182 7 -1
-6.0941267 -0.550292969 4.74311755 35 187 184 7 -1
-6.13272476 0.213698387 4.77657107 39 190 187 7 -1
-6.27453613 -2.01950598 4.67355286 34 189 187 7 -1
-6.31371546 -1.52976847 4.69481889 33 190 183 7 -1
-6.31371546 -1.3730526 4.70447439 36 189 187 7 -1
-6.29412603 -1.2555151 4.71185616 39 192 188 7 -1
-6.17658901 -0.883314133 4.73876371 32 186 183 7 -1
-6.13741016 -1.0596199 4.7206763 33 185 183 7 -1
-6.19617844 -0.648240089 4.74720792 34 186 183 7 -1
-6.19617844 -0.178092003 4.76815406 34 187 184 7 -1
-6.17658901 -0.00178623199 4.77060814 32 186 184 7 -1
-6.03946209 -0.687419891 4.74327761 32 184 185 7 -1
-6.13741016 -0.315218925 4.75564854 35 188 185 7 -1
-6.3679266 -1.23592567 4.70686618 40 191 184 7 -1
-6.25494671 -1.0932827 4.72317262 36 188 185 7 -1
-6.21576786 -0.777728081 4.74160408 38 191 186 7 -1
-6.35289478 -2.0586853 4.67189784 37 193 187 7 -1
-6.33330488 -1.31428337 4.71646357 37 192 190 7 -1
-6.25494671 -1.19674683 4.72765075 38 192 189 7 -1
-6.25494671 -1.13797855 4.72850709 37 192 187 7 -1
-6.23535728 -1.00085163 4.7444503 38 190 186 7 -1
-6.19617844 -0.883314133 4.74212597 36 191 186 7 -1
-6.21576786 -0.72659874 4.74669416 38 192 187 7 -1
-6.35289478 -0.844135284 4.75767581 33 186 182 7 -1
-6.41166306 -0.863724709 4.76111802 36 188 183 7 -1
5.94931793 3.00033188 4.27068666 14 105 166 24 -1
6.00249624 2.9757843 4.2990684 15 107 167 24 -1
5.78673553 2.93663979 4.29259049 18 116 172 24 -1
5.06779003 3.05555224 4.24833262 46 161 137 24 -1
4.3834734 3.05344558 4.2260424 125 173 53 24 -1
6.08600187 2.99540806 4.36316682 14 104 166 24 -1
5.87891197 2.8005569 4.35762312 12 104 166 24 -1
5.43490314 3.05417728 4.32201883 8 109 164 24 -1
5.42360401 2.50570321 4.30893891 13 123 167 24 -1
6.17660809 3.00734758 4.41310517 11 95 163 -1 -1
4.49969387 3.04027462 4.27954292 138 187 54 24 -1
5.64876938 2.95838571 4.38615997 16 109 168 24 -1
5.31315899 3.10896969 4.34968437 13 120 165 24 -1
6.37224197 2.6105268 4.44960582 9 91 163 -1 -1
6.32153702 3.07369518 4.461618 12 90 165 -1 -1
5.49540663 2.58072233 4.39436713 14 117 167 24 -1
7.09826612 -2.0784452 4.31759091 22 59 155 -1 -1
5.71127415 2.22752285 4.39844692 11 133 166 24 -1
6.39999628 2.63815308 4.48000232 12 96 167 -1 -1
4.79353619 2.19210744 4.35259129 95 187 103 24 -1
3.99036694 3.15787935 4.32454894 79 180 106 24 -1
6.47823429 2.83614326 4.51510143 22 104 173 -1 -1
4.75435734 2.20687032 4.35576222 105 182 85 24 -1
5.65505171 2.59267354 4.45676531 6 95 160 24 -1
6.46752405 3.04420686 4.5471454 10 77 164 -1 -1
5.84571457 2.4021883 4.48169886 14 124 167 24 -1
6.49004126 3.06788111 4.56412021 13 78 167 -1 -1
6.29152298 2.00458622 4.53129126 16 145 171 -1 -1
6.50478745 2.96812701 4.59442299 14 79 167 -1 -1
4.71492958 2.28658986 4.43245016 107 174 71 24 -1
6.25419331 2.19964695 4.55712213 15 129 168 -1 -1
6.55167198 3.11786556 4.6201726 10 58 162 -1 -1
4.51327848 2.68621039 4.45434854 149 181 33 -1 -1
6.60040569 2.68197656 4.61272992 18 92 167 -1 -1
6.75943565 -2.59131074 4.40854661 20 126 174 -1 -1
6.93709612 -1.2555151 4.48500756 22 101 169 -1 -1
6.30192852 2.23070264 4.58869399 21 134 175 -1 -1
5.59670639 -2.78833532 4.3171087 36 188 182 25 -1
4.57110071 2.40772343 4.47665889 149 196 50 24 -1
4.76487017 3.10845685 4.53486224 116 172 62 24 -1
6.70924425 3.03458786 4.68531722 11 50 161 -1 -1
7.03189898 -2.11745358 4.49053614 23 64 157 -1 -1
1.7018919 1.89839554 4.23253362 137 68 45 3 -1
4.55707264 2.72497892 4.51864422 148 173 31 24 -1
5.52686262 -2.8158114 4.35193853 16 152 166 25 -1
1.58281612 1.96345818 4.23507205 114 46 25 3 -1
4.55891991 2.37001348 4.50346066 146 188 47 24 -1
5.8284893 2.2310369 4.60570966 17 144 171 24 -1
7.03279781 -2.1566329 4.51135413 20 63 157 -1 -1
4.51859808 1.56659472 4.48005633 93 179 97 13 -1
4.40151548 2.11975908 4.51569872 156 187 37 24 -1
2.48048234 3.11795712 4.40286904 34 168 149 -1 -1
6.40014124 2.25127196 4.68293852 18 111 169 -1 -1
7.00442696 -2.86557937 4.50933221 22 83 171 -1 -1
7.07598019 -2.93015242 4.51080204 24 72 169 -1 -1
7.12828827 -1.88237953 4.56901464 26 56 151 -1 -1
1.77540839 1.77616501 4.29650802 122 45 22 27 -1
4.16641283 2.1448772 4.5159472 169 176 21 24 -1
4.6675272 3.01657653 4.60066083 126 174 53 24 -1
5.85214186 2.3154676 4.666156 11 122 164 24 -1
5.51993179 -2.90103388 4.40334612 13 156 168 25 -1
6.94838238 -3.11533403 4.50104463 26 95 173 -1 -1
7.06368113 -2.38726211 4.55267942 24 61 158 -1 -1
7.16482401 -1.85950696 4.57917839 22 49 148 -1 -1
1.18180633 1.54688466 4.2397389 134 51 26 -1 -1
4.89708042 1.66931903 4.57477437 18 157 156 -1 -1
4.28420925 2.5409801 4.56275814 163 183 25 -1 -1
3.44550872 3.26581621 4.5299268 34 171 145 28 -1
6.19327688 -3.25364542 4.46621058 24 175 179 13 -1
6.32292843 -3.18664074 4.4805491 28 176 181 -1 -1
6.84761333 -3.19327092 4.50489999 22 117 176 -1 -1
6.90920353 -1.16747832 4.62053506 24 109 171 -1 -1
4.65102434 1.52930784 4.56165849 54 173 125 13 -1
3.77538967 2.77992344 4.54490066 127 176 51 24 -1
4.29306412 2.54754996 4.58327263 164 183 26 -1 -1
3.245965 3.2079978 4.51853884 16 161 159 28 -1
6.24410963 1.89744675 4.69970538 15 147 167 -1 -1
6.1154952 -3.31241369 4.46757572 24 174 178 13 -1
6.2583189 -3.21446609 4.48038226 23 173 177 -1 -1
6.8504343 -2.37328959 4.58195027 24 107 173 -1 -1
7.20304585 -1.60652328 4.6488399 25 52 148 -1 -1
7.29662037 -1.16795909 4.67857374 20 43 139 -1 -1
5.10997105 1.71594501 4.63401243 13 154 165 -1 -1
4.4938736 2.23141766 4.59272505 150 195 47 24 -1
4.62612343 2.88002801 4.63197401 141 174 40 24 -1
5.30879927 1.72225857 4.65095884 12 150 166 -1 -1
2.7758069 -1.07388163 4.32424804 184 206 54 -1 -1
5.87549686 -3.16695046 4.46566229 24 178 179 13 -1
6.2430582 -2.4699614 4.53846418 34 184 184 13 -1
7.1764164 -1.68648434 4.65461075 23 56 150 -1 -1
6.85885525 -1.22806764 4.64690192 24 121 173 -1 -1
5.38748455 0.372164875 4.61230754 27 177 179 13 -1
0.816865921 1.6536305 4.28211944 128 47 15 27 -1
4.75245905 1.55494094 4.6140465 37 175 147 13 -1
3.78533745 2.85828209 4.58576794 127 195 72 24 -1
4.60820246 2.62026787 4.63837392 146 180 40 24 -1
3.7124095 3.18142271 4.60698415 63 179 123 24 -1
0.923984528 0.0178031921 4.23987965 164 175 16 27 -1
5.98849678 -3.31324244 4.48702186 27 181 183 13 -1
5.75342274 -2.96560001 4.49555051 24 171 177 13 -1
6.14897728 -2.467942 4.54587177 32 184 183 13 -1
7.07877493 -1.21499431 4.69725899 25 75 163 -1 -1
7.18908358 -0.158502579 4.75666069 22 68 164 -1 -1
1.77037096 1.71095157 4.39340458 127 49 22 27 -1
0.742990434 2.1599648 4.32896613 121 44 23 -1 -1
4.49299479 1.54610705 4.61339115 105 176 82 13 -1
3.32627106 2.39516807 4.5563876 141 183 51 12 -1
4.60601711 2.62977719 4.67488627 146 180 40 24 -1
2.98997235 3.24032283 4.56892894 10 151 164 28 -1
5.74243832 1.77921987 4.71452046 14 156 168 13 -1
0.924112618 -0.0933110639 4.24101759 166 184 20 27 -1
5.74793434 -3.30692554 4.49518026 24 178 179 -1 -1
7.28603363 -0.978496253 4.74555324 28 58 148 -1 -1
0.0529242158 2.09640455 4.26824254 89 159 100 27 -1
0.660525441 2.19223881 4.32637193 128 49 24 -1 -1
1.33826733 2.64279747 4.41259566 170 99 30 -1 -1
4.59162331 1.53097546 4.62774351 72 174 110 13 -1
4.10928774 2.170614 4.62884154 169 172 19 24 -1
4.71517849 2.87652516 4.70969012 130 184 61 24 -1
3.71611428 3.16437817 4.62652494 60 176 122 24 -1
0.694303036 0.130866483 4.26161232 172 185 21 27 -1
5.20480299 -1.99991655 4.52992145 34 189 170 13 -1
7.26731205 -0.727160156 4.77564389 41 73 162 -1 -1
0.828621626 1.52619553 4.33722949 135 59 18 27 -1
1.34330642 2.66618013 4.44205141 164 95 23 -1 -1
4.71518517 1.54542816 4.66589482 40 174 149 13 -1
3.75889659 2.79135561 4.64275667 131 183 55 24 -1
4.60501575 2.62695026 4.69799834 149 182 39 24 -1
3.0507679 3.28047085 4.60843167 12 156 166 28 -1
5.28823566 1.69647563 4.72397063 13 153 167 -1 -1
4.7625556 -2.16026425 4.50535175 68 203 155 13 -1
0.729401469 0.13192004 4.27048744 172 187 22 27 -1
4.31339455 0.213698387 4.59309186 205 206 71 -1 -1
7.20371437 -0.961672783 4.76175202 22 56 152 -1 -1
7.1428299 -0.609701455 4.78706063 30 84 169 -1 -1
7.18345737 -0.2655828 4.81031418 25 77 168 -1 -1
0.836455345 1.48263764 4.36149285 135 61 19 27 -1
1.46612728 2.02171493 4.43069456 114 45 23 3 -1
3.21294975 2.42731285 4.60445701 132 198 69 12 -1
4.78462553 2.96774817 4.75415478 108 180 79 24 -1
5.36163235 1.69582677 4.74560432 15 157 167 13 -1
4.43695927 -2.28399491 4.49332423 53 201 164 13 -1
0.816865921 -0.132506892 4.28769105 169 188 20 27 -1
0.777687073 0.116648145 4.30803525 168 179 19 27 -1
5.2440958 -3.35037565 4.51885901 29 182 180 13 -1
7.0071516 -0.100882269 4.82251806 28 100 172 -1 -1
7.20304585 -0.311745167 4.81138239 25 73 169 -1 -1
7.24359751 0.272285104 4.86082786 31 61 152 -1 -1
-0.103151292 2.10558701 4.33307965 71 175 121 27 -1
2.25639772 1.31071091 4.47970602 228 221 83 -1 -1
0.48185721 1.8571887 4.37092687 147 100 37 27 -1
1.32586789 2.67790198 4.46960741 167 100 23 -1 -1
4.47617674 2.31287742 4.72715893 156 200 44 24 -1
2.59951115 3.19324303 4.60456934 18 161 164 -1 -1
7.20304585 0.611152351 4.86757643 27 56 137 -1 -1
7.29631042 1.13908815 4.90504371 26 52 124 -1 -1
0.951067626 -0.176616043 4.33213648 157 171 16 27 -1
4.69043732 -0.297950327 4.63808093 147 173 43 13 -1
5.19484138 -3.3661828 4.51567939 28 182 181 13 -1
7.3733263 0.50402832 4.88428135 32 53 129 -1 -1
-0.534810066 2.80611467 4.34869525 126 64 21 15 -1
1.38379419 1.70250034 4.44663633 133 45 21 -1 -1
0.523023605 1.83527851 4.37783588 145 94 36 27 -1
4.23375702 2.29018593 4.71928218 185 209 42 24 -1
2.60839081 3.22150421 4.63403246 19 162 169 -1 -1
7.22861433 0.644667625 4.87962199 28 55 137 -1 -1
7.36729622 0.558775544 4.88945094 29 49 125 -1 -1
4.89147949 -3.39076853 4.52431033 29 181 181 13 -1
0.992910683 -0.0605554618 4.3413392 167 184 24 -1 -1
4.66870499 -0.320703685 4.65040897 151 179 42 13 -1
4.28528404 0.337676406 4.63649154 207 183 51 13 -1
-0.0960047692 2.1369524 4.3716863 74 178 121 27 -1
1.16851187 1.51092982 4.45095802 118 23 11 -1 -1
2.14500546 1.44783688 4.5183856 168 127 24 -1 -1
0.327964664 1.95090246 4.39561639 141 129 55 -1 -1
2.83201504 2.38746595 4.62084783 96 207 117 13 -1
5.34788084 0.955003142 4.75887762 30 181 180 13 -1
7.25341606 0.938509941 4.92095392 30 60 131 -1 -1
4.51928329 -3.31912518 4.51271505 28 182 179 13 -1
4.78160667 -3.36824298 4.53805163 25 180 180 13 -1
0.983118057 -0.11298424 4.36109048 167 185 25 -1 -1
4.65312862 -0.33480835 4.65811433 160 183 40 13 -1
6.01873207 -1.0685637 4.73800157 31 187 184 13 -1
5.96416187 -0.863724709 4.75681825 28 185 181 13 -1
-0.10371501 2.14567161 4.39453181 74 178 121 27 -1
-0.488322198 2.82688856 4.39476424 121 52 22 16 -1
2.12288213 1.35448289 4.54292256 177 138 24 -1 -1
1.63323832 1.99634361 4.52651345 115 50 36 27 -1
3.20678616 2.47692752 4.67567223 121 197 78 12 -1
5.3626132 0.976730049 4.78783072 28 180 177 13 -1
7.11412525 1.45686305 4.9644975 26 56 144 -1 -1
7.13503742 1.76126957 4.97756683 26 51 134 -1 -1
4.27569294 -3.34051943 4.50511922 30 179 181 13 -1
4.34660244 -3.28919935 4.51854062 24 175 178 14 -1
1.4853363 -1.86025345 4.3369295 40 166 154 27 -1
1.3959465 -0.313064665 4.41943791 67 169 110 27 -1
4.660429 -0.369968385 4.6839713 161 193 47 13 -1
4.41847754 0.486699224 4.69800064 179 185 54 13 -1
4.59949589 0.409592628 4.71982284 141 204 78 13 -1
6.28234005 -0.472879559 4.81541646 29 185 180 13 -1
6.30302334 -0.41207099 4.81466601 28 186 182 13 -1
-0.254177988 2.07080007 4.38995103 92 184 109 27 -1
0.170412064 1.76860261 4.40975556 83 170 111 27 -1
0.156744197 1.85921669 4.42019609 88 151 99 27 -1
3.71611404 1.76521087 4.70583622 189 124 48 -1 -1
3.06809664 2.4148035 4.67549096 123 212 95 28 -1
5.43999004 0.963847399 4.81021533 42 191 191 13 -1
6.98756123 1.63014793 4.97000439 24 60 149 -1 -1
6.36318207 1.8394841 4.94074222 22 157 175 -1 -1
7.111516 1.97033739 4.99499367 28 52 132 -1 -1
7.22263622 2.46347761 5.04173811 25 48 113 -1 -1
4.00995636 -3.34676766 4.51218876 27 178 179 13 -1
1.39855003 -1.94114828 4.35492726 43 156 136 27 -1
0.601381302 0.0641402006 4.38087156 173 196 27 27 -1
1.39036584 -0.0213766098 4.44896172 96 171 82 -1 -1
4.83346033 -1.66615033 4.65975476 140 211 80 13 -1
4.80342674 0.0470415056 4.728299 116 201 93 13 -1
4.98282957 0.14132309 4.76237637 63 200 143 13 -1
4.96984196 0.265949905 4.76544997 58 199 148 13 -1
-0.354331672 2.05928469 4.4036095 110 185 96 -1 -1
1.07538092 0.899018943 4.46761619 119 46 25 12 -1
1.96662045 1.73636699 4.58735812 148 77 29 -1 -1
0.229254365 1.91802192 4.44602704 108 127 67 27 -1
3.1848917 2.51561332 4.72675252 111 195 88 12 -1
6.41852283 1.87786388 4.96126893 23 146 175 -1 -1
6.72398186 2.17286086 4.9920129 25 69 160 -1 -1
7.06627703 2.17300773 5.01945499 23 46 127 -1 -1
7.17191315 2.41131973 5.05548511 24 48 117 -1 -1
1.35773003 -1.98103118 4.37447476 52 157 125 27 -1
0.760296106 -0.494321615 4.39666131 171 194 24 27 -1
1.33487439 0.135339737 4.4698719 124 170 58 -1 -1
4.8116312 -1.72416842 4.6601332 141 217 83 13 -1
-0.475459278 1.91877234 4.41066248 147 155 51 -1 -1
0.554759741 0.76453948 4.44055726 178 158 44 -1 -1
0.746958852 1.15913916 4.46636481 140 82 22 12 -1
1.88134909 1.38331282 4.57370623 171 112 24 27 -1
0.937705278 2.25100708 4.53326804 174 92 54 12 -1
5.76614332 1.66787267 4.908554 22 170 174 13 -1
6.5236249 2.05511189 5.00007242 20 116 172 -1 -1
7.07522583 2.33682466 5.04815823 23 47 123 -1 -1
0.976939976 -2.16326094 4.34891899 155 192 45 27 -1
3.71611404 -3.38604164 4.51406388 25 176 177 13 -1
4.10790348 -2.23286653 4.61426455 63 211 172 13 -1
0.66833055 -0.178092003 4.41464366 168 184 22 27 -1
1.30660343 0.307260752 4.48595769 145 130 26 -1 -1
4.30206537 -1.79718995 4.65135499 157 209 66 13 -1
5.22498274 -0.256450653 4.7928051 38 201 176 13 -1
-0.476269126 1.93248224 4.42437173 148 146 44 -1 -1
-0.261571079 3.17171383 4.50221071 93 25 15 26 -1
0.679739952 1.15580821 4.47538828 139 91 25 -1 -1
1.30660343 1.70178699 4.55129525 125 27 15 -1 -1
2.14353418 1.48701572 4.62227362 200 156 46 -1 -1
2.57076502 2.48691654 4.71314692 107 193 111 12 -1
6.19873476 1.73661208 4.96188419 21 170 175 -1 -1
3.28514481 -3.40945292 4.50855914 26 180 179 8 -1
3.46411681 -3.21179914 4.52167227 27 178 179 13 -1
3.97814846 -2.32556725 4.61399334 54 214 192 13 -1
4.09534264 -2.137043 4.62530537 74 211 160 13 -1
1.64499974 -1.80402136 4.43260244 14 152 163 -1 -1
0.56852448 0.0649703145 4.44884123 174 199 28 27 -1
4.26278019 -1.78259206 4.65373662 161 217 74 13 -1
4.04913521 -1.43894911 4.6508417 160 199 48 -1 -1
-0.477761567 1.9409672 4.43346952 149 149 45 -1 -1
-0.512716174 3.16627121 4.50724873 98 30 18 -1 -1
1.88928962 1.38001442 4.61161516 167 109 21 27 -1
0.790544569 2.17264938 4.55576096 121 46 22 -1 -1
1.8271172 1.78424263 4.63196137 130 54 35 12 -1
3.03525066 2.68197632 4.77491482 92 224 161 12 -1
0.0148513671 0.507540703 4.43296984 92 192 107 -1 -1
3.245965 -3.41274405 4.5063012 26 178 177 8 -1
3.53980827 -2.28869247 4.5891332 26 183 180 13 -1
4.02954578 -2.05603743 4.63678227 98 227 154 13 -1
0.341914773 0.173631907 4.44456672 156 194 40 27 -1
0.955329359 0.132453904 4.49487243 174 181 25 -1 -1
4.1148262 -1.78443205 4.661346 145 217 88 13 -1
-0.12121594 0.537451386 4.43014502 74 193 131 -1 -1
-0.711115837 1.91031969 4.44851587 158 96 26 12 -1
-0.0374853238 2.85828209 4.54986541 118 41 18 26 -1
1.04981923 0.904922843 4.54905009 122 44 24 12 -1
0.777292967 2.2193017 4.58935011 122 47 24 12 -1
2.33212543 3.34627008 4.7560854 36 164 147 -1 -1
1.16947746 -2.12771416 4.4313034 105 181 94 27 -1
3.01089096 -3.45543957 4.5070195 24 177 178 8 -1
3.02668333 -2.38323832 4.57559841 29 182 180 13 -1
0.950296342 0.128996342 4.50824452 174 181 25 -1 -1
-2.3742013 1.70954525 4.31635752 171 157 24 15 -1
-0.373259068 1.25194168 4.45934321 103 163 84 27 -1
-0.732250452 1.90327537 4.46740605 155 81 22 12 -1
-0.0593859889 2.58243227 4.55596738 134 86 27 26 -1
-0.123430252 3.14045048 4.56379941 90 13 10 26 -1
0.839643717 1.80044842 4.58635246 123 35 16 27 -1
1.94677854 2.36854362 4.70174473 194 120 102 -1 -1
2.05100536 3.3481338 4.76197827 120 157 92 -1 -1
0.0858128369 0.390003204 4.47605165 108 184 81 27 -1
2.83004951 -3.46459436 4.51517828 27 180 179 8 -1
2.87259269 -3.09810138 4.53262745 22 176 179 13 -1
2.89335442 -2.75347137 4.56168944 24 178 177 13 -1
2.96589828 -2.35252762 4.57852142 27 183 180 13 -1
2.79844928 -2.02254891 4.59027947 37 196 183 13 -1
0.699161947 -0.198032349 4.50350434 165 183 20 27 -1
1.36973906 -0.0409660339 4.56443139 93 171 84 14 -1
-2.36266017 1.73168373 4.34227996 174 161 23 15 -1
-1.8532567 1.99191451 4.3974159 162 138 11 26 -1
-0.482719243 1.99634361 4.50092387 143 162 58 22 -1
-0.0327496789 2.71268034 4.58441343 132 58 17 26 -1
0.996553183 0.893152714 4.56804258 124 44 23 12 -1
0.768215597 2.24573612 4.62903842 126 48 23 12 -1
2.00662994 2.2784133 4.7172556 205 134 102 -1 -1
1.77675247 3.31881332 4.7512807 182 130 39 -1 -1
0.875635147 -2.0368216 4.43411102 160 182 27 -1 -1
2.66206908 -3.43373942 4.53081701 25 180 179 8 -1
2.68806291 -3.1165185 4.54185998 30 183 181 13 -1
2.81499577 -2.78443885 4.55962906 24 175 177 13 -1
2.75622749 -2.13395691 4.58555284 35 189 180 13 -1
0.527499437 -0.0135411238 4.50282789 165 188 24 27 -1
1.33093417 0.0625876412 4.59090332 112 172 67 13 -1
-0.319334328 0.56886071 4.45781351 58 179 133 27 -1
-1.22044277 2.0001533 4.46081111 181 115 39 2 -1
-0.116156429 2.51823783 4.58768464 127 106 43 26 -1
0.664983571 1.19186628 4.58938316 138 107 31 12 -1
1.44373035 1.84798622 4.66770269 120 38 18 27 -1
0.110426567 0.341727793 4.50493729 115 183 70 -1 -1
2.54383206 -3.11651826 4.55415328 30 184 182 13 -1
2.46853685 -2.72268844 4.57095385 28 181 179 13 -1
2.56612754 -2.43088579 4.57474506 27 180 177 13 -1
0.563932359 -0.0467449538 4.53526143 172 193 25 27 -1
0.962840497 0.072751537 4.58016982 166 179 23 27 -1
-3.06185675 2.23039412 4.34541015 164 168 30 11 -1
-2.55886984 2.40974259 4.39759392 175 164 24 15 -1
-1.88648605 1.98199499 4.41800804 170 155 17 15 -1
-0.484179586 2.05222249 4.54160121 147 180 61 22 -1
-0.129303038 2.51498508 4.59230072 124 110 46 26 -1
0.277149022 0.891329408 4.55049026 118 179 68 27 -1
0.797276497 2.02327919 4.64591103 131 52 31 -1 -1
1.6302408 3.36760902 4.78630637 196 156 45 -1 -1
1.34002912 -3.1361084 4.47686651 14 155 169 8 -1
2.44279575 -3.20459628 4.56372731 26 180 181 -1 -1
2.374578 -2.60719156 4.57985893 33 189 184 13 -1
2.24690056 -2.29158711 4.59266329 31 186 181 13 -1
0.581987798 -0.00178623199 4.55368872 165 183 22 27 -1
1.30025554 0.318270206 4.63979218 152 140 30 -1 -1
-2.63088751 2.41409206 4.39935898 170 157 23 15 -1
-0.0342111625 1.64373207 4.5738028 76 198 155 27 -1
-1.43579888 2.32709622 4.50722351 179 174 27 -1 -1
-0.216048837 2.52525997 4.60702012 121 106 48 26 -1
-0.0370994657 2.91705036 4.64485072 115 40 20 26 -1
0.725246191 1.21854341 4.62727177 139 95 29 12 -1
0.660150528 2.35595989 4.68082199 130 46 23 12 -1
1.42414093 3.39100099 4.7935727 181 152 30 -1 -1
1.12972081 -3.21401119 4.46250398 23 171 175 27 -1
2.43102694 -3.20196867 4.56576752 30 186 183 -1 -1
1.44373035 -2.05273104 4.54481144 43 173 153 27 -1
2.12496638 -2.31334877 4.59387094 33 189 184 14 -1
0.598275065 -1.11890423 4.53161258 173 199 27 -1 -1
0.636048317 0.0178031921 4.57395798 169 195 24 27 -1
0.955156386 0.316438258 4.61528888 167 136 17 27 -1
-3.11218023 2.22041035 4.36393888 164 178 38 11 -1
-0.808442295 1.70198488 4.54590974 153 93 56 -1 -1
-1.26710165 2.72422004 4.55693801 123 193 77 -1 -1
-0.632757187 2.44561481 4.5817704 146 129 27 16 -1
0.55767256 1.18066776 4.63863201 134 136 46 -1 -1
0.248770714 2.19338822 4.65948511 152 126 53 27 -1
1.17195177 -3.35727096 4.47462823 21 168 176 27 -1
0.988575459 -2.23886991 4.52323676 158 204 70 27 -1
2.27568388 -3.1361084 4.58266674 31 188 182 -1 -1
2.08401656 -2.48965454 4.59643713 36 191 185 14 -1
0.776923835 0.0473214686 4.62215456 162 168 14 -1 -1
-3.0226779 1.19355416 4.34852741 108 45 25 15 -1
0.0528755188 1.14096618 4.59973648 51 173 145 -1 -1
-1.76015317 2.0008893 4.50358831 168 146 16 -1 -1
-0.178978741 2.23819637 4.63096812 81 168 106 27 -1
-0.834663033 2.61209917 4.60904692 130 155 49 15 -1
1.77675247 0.822187006 4.74172884 201 234 72 18 -1
0.343229711 2.23043871 4.67713752 141 75 28 27 -1
1.29438937 3.40335941 4.82661616 182 159 30 -1 -1
0.995409012 -2.25727439 4.54667917 168 225 89 27 -1
2.03881836 -2.56801224 4.60310195 36 188 185 14 -1
-2.84037161 1.01510835 4.36974945 105 33 17 15 -1
-0.299813241 0.585892677 4.55796455 56 179 133 27 -1
-1.91882038 2.02917933 4.51125461 165 145 13 26 -1
-1.43094742 2.33345008 4.55379833 182 178 29 -1 -1
1.72847807 0.840561867 4.75899414 249 250 104 -1 -1
0.953992844 3.14916015 4.79594187 181 157 32 12 -1
2.10977364 -3.5583787 4.58471006 28 184 181 8 -1
0.822161853 -2.07827473 4.56297136 167 192 29 -1 -1
0.436237812 -0.841486216 4.59013798 189 215 42 8 -1
-2.56962967 1.0959239 4.43039484 114 83 34 15 -1
-0.260301769 0.55193913 4.58370564 66 189 139 -1 -1
-1.55346489 2.35654211 4.56096086 175 171 25 26 -1
-0.863139629 2.60046721 4.64664302 128 153 50 15 -1
0.0391370095 3.37261391 4.75618293 120 83 65 3 -1
0.934403419 3.3912158 4.81973643 177 160 26 -1 -1
1.10205352 -3.29282427 4.54569479 18 165 174 27 -1
1.86471963 -3.37118244 4.60372404 26 178 181 13 -1
1.84593558 -3.21446609 4.61271846 24 177 177 8 -1
0.412024677 -1.74015033 4.56454962 169 194 27 8 -1
0.130881876 0.292056084 4.63277922 121 188 70 27 -1
-2.88166618 1.26526165 4.42477646 106 34 18 5 -1
-2.8267827 2.55149126 4.49749081 175 172 22 -1 -1
-2.60789895 2.57358837 4.50222973 179 166 24 -1 -1
-1.9195292 2.01593304 4.53056685 173 156 19 -1 -1
-2.00334406 2.11976075 4.52900615 164 145 14 26 -1
-0.593578339 2.04037905 4.64266966 157 145 35 22 -1
0.199177027 2.41813731 4.73702596 154 107 39 12 -1
0.224271417 2.66729641 4.7580517 168 101 30 12 -1
0.620970726 3.36074591 4.82008546 170 167 33 12 -1
1.34028387 -3.43231773 4.56267663 14 157 171 -1 -1
1.79634178 -3.45523667 4.60640455 24 173 175 13 -1
1.05948186 -2.82267618 4.58306354 65 183 135 27 -1
1.72676539 -3.1361084 4.62200329 24 174 179 13 -1
1.48001695 -2.72183633 4.6151702 27 180 176 13 -1
0.429884404 -0.794234633 4.61531158 175 199 32 8 -1
-2.89600086 1.29151607 4.45280608 103 35 18 15 -1
-2.41900921 1.83962727 4.51410915 163 131 12 2 -1
-2.33643889 1.31071091 4.49208392 119 139 54 15 -1
-2.14115 2.28415298 4.54866177 165 158 24 2 -1
-0.687646389 2.58940268 4.68857842 150 143 42 16 -1
0.487087816 3.37244034 4.83021923 154 166 41 12 -1
1.68035448 -3.52944851 4.6099908 22 175 179 13 -1
1.58621669 -3.06310964 4.63287525 24 175 177 13 -1
0.973582268 -1.37039351 4.66420238 173 197 38 27 -1
0.453487396 -0.707009315 4.65200175 171 188 26 -1 -1
0.379519761 0.064092122 4.67516226 163 190 32 27 -1
-2.63873386 1.88067317 4.5172427 155 105 8 15 -1
-2.00062299 2.15905142 4.57362627 162 145 15 26 -1
-0.708938122 2.61764765 4.7158161 149 148 43 16 -1
1.56126785 -3.57119274 4.61638007 26 178 179 13 -1
0.439100623 -0.954305589 4.65456336 180 207 33 8 -1
0.334218323 0.135339737 4.69660089 152 181 33 27 -1
-3.29693079 1.96028948 4.48564062 156 161 42 15 -1
-1.42991209 2.34375668 4.66523164 181 178 28 -1 -1
-0.729181767 3.30511308 4.76632131 109 44 20 -1 -1
1.443519 -3.60527039 4.63969318 29 180 182 13 -1
0.272614151 0.148371473 4.71378654 144 183 43 27 -1
-3.21120071 1.85682797 4.50737491 151 113 24 15 -1
-2.27827644 1.32386899 4.54983851 117 154 62 15 -1
-1.61590779 2.42731285 4.66854769 172 185 32 -1 -1
-1.29438162 2.85828185 4.71720104 96 186 95 -1 -1
1.11345184 -3.62858868 4.62025539 53 211 215 27 -1
-3.09927368 1.17713046 4.49455788 99 33 18 15 -1
-3.18894768 2.14161515 4.52851219 154 163 32 -1 -1
-1.66707993 2.39044857 4.6868009 162 165 22 26 -1
-1.24452305 2.87923121 4.74564153 92 183 97 -1 -1
-3.33577323 0.468858689 4.46283228 183 102 102 -1 -1
0.679739952 -2.736835 4.64984936 132 207 84 8 -1
-2.74842453 0.993248463 4.54624198 108 42 20 -1 -1
-3.54074669 1.91456926 4.51405925 142 176 59 -1 -1
-1.8800149 2.4703958 4.67671949 154 192 51 -1 -1
-3.34391356 0.517807961 4.49480473 182 102 102 2 -1
0.67261827 -3.21560597 4.6526285 80 202 139 8 -1
0.782343149 -3.08417416 4.64965625 62 202 152 8 -1
-3.57372999 1.91130376 4.5318067 136 175 65 -1 -1
-2.08008051 2.42731285 4.6862114 161 180 48 2 -1
-0.848241806 3.34798789 4.838163 127 84 36 -1 -1
0.679739952 -3.61666703 4.63921074 80 191 132 8 -1
0.778250337 -3.64543533 4.64128744 66 194 156 8 -1
0.446627319 -2.60719156 4.67237897 148 209 65 8 -1
0.405486107 -2.27285099 4.68146388 172 209 39 8 -1
-2.90451217 1.01826286 4.56179898 99 28 15 -1 -1
-3.63299417 1.70250034 4.53968703 144 121 42 -1 -1
-1.92555499 1.76126957 4.67452301 160 142 17 -1 -1
-1.96484423 2.53737903 4.72668282 167 229 100 -1 -1
-1.0300107 3.17551756 4.81930969 105 134 72 -1 -1
-0.730705261 -2.24619484 4.61094813 255 220 102 0 -1
0.258161902 -3.44954014 4.63816943 71 202 139 8 -1
0.342797309 -3.36726189 4.64182996 85 206 126 8 -1
0.113358259 -3.15741229 4.64376426 48 201 164 8 -1
0.247554317 -2.80187035 4.66248065 108 206 103 8 -1
0.337643743 -2.64637041 4.6731024 137 205 70 8 -1
0.307737678 -2.27405334 4.69016264 176 208 40 8 -1
-3.02058411 1.20672917 4.59079133 96 31 17 15 -1
-1.9267168 1.76126945 4.69622055 159 144 18 -1 -1
-1.82950974 2.50567055 4.74618279 153 200 60 -1 -1
-0.961174905 3.33303475 4.86337163 124 112 53 -1 -1
-0.0479463749 -3.1136446 4.63944507 40 201 179 8 -1
-0.12345057 -2.92062378 4.64991379 67 203 147 8 -1
-0.161833808 -2.70513916 4.66567849 126 207 86 8 -1
-0.0600724593 -2.53655195 4.68268644 151 204 64 8 -1
0.265694529 -3.6066947 4.63904733 76 201 136 8 -1
-2.42525434 1.25194168 4.65505582 123 133 52 15 -1
-1.67100143 2.37495828 4.76623232 164 168 24 26 -1
-1.01311862 3.37576962 4.87559385 122 133 63 -1 -1
-0.476457298 -3.5862515 4.60795995 30 184 183 8 -1
-0.103840828 -3.62067389 4.63246029 42 196 175 8 -1
-0.0702569559 -2.54842281 4.68229295 149 205 63 8 -1
-1.07765007 3.39269972 4.88369322 116 148 74 -1 -1
-0.789473534 -3.53167152 4.59874959 29 190 179 -1 -1
-3.49272966 1.47310162 4.61636134 122 51 19 -1 -1
-1.33540726 3.2696619 4.88452917 74 199 139 12 -1
-1.69059086 -3.64093876 4.54884748 32 184 183 -1 -1
-1.35756969 -3.61604738 4.57224347 30 183 184 -1 -1
-0.618927717 -2.37211752 4.69896646 254 221 102 0 -1
-3.49155545 1.47414255 4.63627451 117 47 15 -1 -1
-1.86330104 -3.64183974 4.53862683 30 182 182 -1 -1
-1.69059086 3.11885095 4.89185749 54 206 168 12 -1
-2.25402594 -3.66968584 4.52894602 29 180 181 -1 -1
-0.796347976 -2.18751025 4.73315298 255 221 102 0 -1
-2.57211924 -3.67895722 4.53251395 25 177 179 -1 -1
-0.652347565 -2.09234214 4.75992927 190 188 60 0 -1
-2.20606518 2.58556557 4.86603039 159 196 76 2 -1
-2.74842453 -3.63038588 4.53328996 24 175 179 -1 -1
-3.84454536 0.19321619 4.61954883 171 134 39 11 -1
-3.48637128 1.49908745 4.72678774 115 43 13 15 -1
-2.27112961 2.59818602 4.87854597 178 201 75 2 -1
-2.88763595 -3.67754412 4.52908772 26 176 181 -1 -1
-2.31745529 2.58171844 4.87672086 181 202 73 2 -1
-1.81908178 3.41027689 4.97506421 32 188 185 -1 -1
-4.09911633 0.0383772179 4.62872561 110 200 106 11 -1
-2.49449396 2.67393708 4.89193144 173 167 25 -1 -1
-1.99029112 3.30068612 4.97535332 37 189 179 12 -1
-3.27798462 -3.58731031 4.54806126 26 178 180 -1 -1
-4.37331915 -0.157785118 4.63166036 37 194 178 11 -1
-4.38935137 0.139931619 4.63540175 65 204 154 11 -1
-4.29309177 0.252877235 4.64737294 94 206 125 11 -1
-4.41623592 0.514183342 4.66042814 67 199 145 11 -1
-3.88461637 1.0182066 4.72833353 175 114 35 11 -1
-2.57154298 2.77209568 4.92319708 178 167 26 -1 -1
-2.15094662 3.10952997 4.95743353 109 203 130 12 -1
-3.62995243 -3.56518674 4.54594953 28 179 180 -1 -1
-4.5757618 -0.272872388 4.62845885 32 186 184 11 -1
-4.60655403 0.323087007 4.65491082 34 193 180 11 -1
-4.12020445 0.860152245 4.7037734 166 172 51 11 -1
-3.58875918 1.52477098 4.78581375 119 48 16 -1 -1
-2.88555074 2.81729579 4.91296553 182 177 27 -1 -1
-2.68093967 2.84956551 4.92656307 183 175 28 -1 -1
-3.83543348 -3.61584234 4.54176612 26 180 182 -1 -1
-4.64860725 -0.468549043 4.62770255 32 184 182 11 -1
-4.52584267 -0.452344894 4.63124666 33 187 183 11 -1
-4.65527105 -0.141824916 4.62902665 30 185 182 11 -1
-4.74655485 0.0590676479 4.64632207 32 186 182 11 -1
-4.5769043 0.707376122 4.69392766 49 198 158 11 -1
-3.65173292 2.01787663 4.81815774 116 190 91 15 -1
-2.35663462 3.16491461 4.98022039 164 185 49 -1 -1
-4.77212 -0.72659874 4.62921539 31 185 183 11 -1
-4.62123346 -0.629949808 4.62790594 32 183 182 11 -1
-4.82491302 0.193340644 4.65201964 31 184 183 7 -1
-4.74655485 0.465754092 4.67141074 31 189 182 11 -1
-4.54098749 0.760226488 4.7013935 59 200 153 11 -1
-4.35875273 1.03246891 4.74273192 127 199 86 11 -1
-3.98256397 1.24734235 4.77495837 168 115 31 11 -1
-3.78373241 1.46448982 4.81121014 135 63 26 11 -1
-3.00562382 2.74173117 4.9369907 169 161 19 15 -1
-4.91537333 -0.33480835 4.65075899 42 192 186 -1 -1
-4.91608334 -0.210494384 4.64511019 38 187 183 -1 -1
-4.41353321 -3.49449539 4.5452573 36 189 187 -1 -1
-4.34766197 -3.28574705 4.56154514 31 186 183 11 -1
-4.20726395 -2.70513916 4.59706171 22 174 177 9 -1
-4.46050453 -1.52499533 4.63714917 37 194 187 9 -1
-4.74655437 -1.15893281 4.62900868 33 191 185 11 -1
-4.82289267 -0.863724709 4.63044166 39 192 188 11 -1
-4.84450197 -0.418991596 4.64304617 33 186 183 11 -1
-4.26713896 1.2034955 4.77154744 159 181 51 11 -1
-3.72958589 1.68291092 4.84718696 129 92 31 -1 -1
-3.16154814 2.4664917 4.93660729 162 162 21 15 -1
-4.97804022 -1.12137175 4.63281432 40 194 188 7 -1
-5.00166035 -0.746188164 4.63533728 34 188 183 7 -1
-5.06104279 -0.240622014 4.65107265 38 190 185 7 -1
-4.46401787 -3.35159302 4.55165393 36 184 186 11 -1
-4.35691643 -2.99898148 4.58075943 27 179 178 9 -1
-4.31558561 -2.45356822 4.60970049 25 182 178 9 -1
-4.41515875 -2.2545805 4.61850868 30 182 180 9 -1
-4.37370348 -2.0580349 4.62070936 28 179 179 9 -1
-4.57454967 -1.8083216 4.6304798 36 191 185 9 -1
-4.46057177 -1.67862463 4.63464003 50 201 192 9 -1
-4.67372131 -1.3730526 4.63116063 40 201 191 9 -1
-4.70737553 -1.32349765 4.63309577 40 198 190 9 -1
-4.8060441 -1.02044106 4.63564471 37 192 185 11 -1
-3.28048635 2.40457821 4.93276605 156 168 30 15 -1
-3.14392471 2.63908768 4.9498657 163 161 16 15 -1
-2.82487488 3.33285999 5.02692673 181 195 31 22 -1
-5.0503993 -1.3071425 4.63634808 36 189 185 7 -1
-4.98839808 -1.15756798 4.64173347 37 193 187 7 -1
-5.18938255 -0.491524667 4.65511144 37 190 185 7 -1
-4.6775589 -1.70607376 4.63371246 37 194 187 9 -1
-4.6877861 -1.54233456 4.63754097 38 199 187 9 -1
-3.03050709 3.26183224 5.02006684 180 201 33 22 -1
-5.06243324 -1.51928496 4.64394126 36 191 186 7 -1
-5.13305759 -1.35346317 4.64013619 36 194 187 7 -1
-5.13834429 -1.21797216 4.64669686 31 191 185 7 -1
-5.3973527 -0.413166046 4.66149455 34 186 184 7 -1
-5.39300776 -0.179151103 4.68089405 44 195 188 7 -1
-4.00714827 2.02092791 4.89204444 84 201 128 11 -1
-3.73138881 2.37203264 4.92630858 109 202 98 11 -1
-3.6154604 2.67290926 4.96824049 156 203 55 11 -1
-3.23816252 3.15570116 5.02273509 178 198 33 -1 -1
-5.27788687 -1.62483919 4.64230947 34 190 185 7 -1
-5.40709925 -1.17083514 4.65329336 31 190 184 7 -1
-5.38930511 -0.569882393 4.6752802 33 188 183 7 -1
-5.51054573 -0.123139426 4.69264904 36 190 185 7 -1
-3.94338465 2.31072688 4.92589881 78 202 127 11 -1
-3.56128097 2.92350149 5.00073277 173 205 39 11 -1
-3.25775194 3.15326858 5.02931077 176 192 30 -1 -1
-2.96840644 3.50023866 5.06265063 181 207 33 22 -1
-5.28757334 -1.77233005 4.64249899 34 193 185 7 -1
-5.39520645 -1.22527301 4.65198153 34 190 186 7 -1
-5.39300823 -0.589803576 4.68285947 33 186 183 7 -1
-3.66913176 2.96954632 5.01407033 175 205 41 11 -1
-3.31652021 3.25181246 5.05696004 180 211 41 19 -1
-5.54105425 -2.03042555 4.63831125 41 200 191 7 -1
-5.47253704 -2.0586853 4.63232941 41 198 189 7 -1
-5.72316313 0.136791185 4.72880358 30 181 181 7 -1
-5.60404015 0.316098571 4.7356064 34 190 186 7 -1
-3.39487839 3.28329062 5.0612527 180 211 40 19 -1
-5.64142799 -2.45671988 4.61897721 34 187 182 7 -1
-5.62808323 -2.10409355 4.63090748 39 196 188 7 -1
-5.78108931 0.209988981 4.73577315 32 185 183 7 -1
-5.62808275 0.407962054 4.75047129 34 188 183 7 -1
-6.03824139 -2.45047522 4.61635792 35 195 185 7 -1
-5.89057732 -2.44264412 4.62146646 36 192 185 7 -1
-5.89817142 -2.21642661 4.64033904 42 194 189 7 -1
-5.8631568 -1.72861111 4.66237081 40 197 188 7 -1
-5.77841282 -1.7320497 4.66272424 41 198 189 7 -1
-5.9192872 -1.64994407 4.66117357 40 198 190 7 -1
-5.88274622 -0.987641215 4.69547655 36 186 184 7 -1
-5.86704016 0.190224633 4.75362185 32 184 182 7 -1
-5.93889093 0.468369216 4.76584589 34 188 187 7 -1
-3.77841425 3.09335613 5.05418922 176 207 44 19 -1
-3.65426993 3.26368666 5.07665304 183 215 47 19 -1
-5.96743822 -2.15110326 4.65726699 39 197 190 7 -1
-6.01987267 -1.73138046 4.66874867 39 199 189 7 -1
-6.0159564 -1.47099972 4.67401651 36 193 187 7 -1
-5.97291088 -1.13019562 4.6982751 39 193 189 7 -1
-5.98802185 -0.033638373 4.74208121 34 184 182 7 -1
-6.01969051 0.27246666 4.75976759 34 188 183 7 -1
-6.03178883 0.546719551 4.77884636 30 181 180 7 -1
-6.01105213 -2.17622232 4.65964036 42 201 191 7 -1
-6.08294916 -1.82791901 4.6720636 38 193 185 7 -1
-6.07864141 -1.19896424 4.70093706 37 192 188 7 -1
-6.13741016 0.130938858 4.7649323 38 194 187 7 -1
-6.04093599 0.409592628 4.77751921 32 182 182 7 -1
-6.25494671 -2.07292485 4.67213028 36 196 187 7 -1
-6.19617844 -1.68962693 4.68024893 38 195 191 7 -1
-6.17658901 -1.52171695 4.69803932 39 198 191 7 -1
-6.15499783 -1.46683359 4.69643519 35 193 186 7 -1
-6.19832039 -0.358371556 4.76121278 38 189 184 7 -1
-6.198874 0.194108009 4.78824454 36 188 185 7 -1
-6.12693548 0.279002488 4.78266805 33 189 185 7 -1
-6.36211014 -1.56635928 4.69330201 35 194 187 7 -1
-6.38961124 -1.23592567 4.71142873 38 188 185 7 -1
-6.19210148 -1.15627801 4.73064307 37 190 186 7 -1
-6.23535728 -0.716648579 4.7476765 34 188 183 7 -1
-6.39207363 -0.889420211 4.75829912 36 188 183 7 -1
-6.48044682 -0.804956436 4.77400083 34 189 184 7 -1
-2.16073942 2.15044842 3.74465595 255 212 0 -1 2
-1.9452548 -0.413166046 3.68288417 0 216 255 -1 11
0.738508224 -0.187124825 3.82859224 0 136 255 -1 27
2.79540634 0.01519165 3.85451196 255 192 0 -1 4
2.26648998 1.29514313 3.56086246 250 255 6 -1 20
